<?xml version="1.0" encoding="UTF-8"?>
<kml xmlns="http://www.opengis.net/kml/2.2" xmlns:gx="http://www.google.com/kml/ext/2.2" xmlns:kml="http://www.opengis.net/kml/2.2" xmlns:atom="http://www.w3.org/2005/Atom">
<Document>
	<name>FEEDER SINJAI.kml</name>
	<visibility>0</visibility>
	<atom:link rel="app" href="https://www.google.com/earth/about/versions/#earth-pro" title="Google Earth Pro 7.3.7.1155"></atom:link>
	<Schema name="Data_Jaringan_UP3_Bulukumba" id="Data_Jaringan_UP3_Bulukumba00">
		<SimpleField type="string" name="KODE_HANTA">
		</SimpleField>
		<SimpleField type="string" name="begin">
		</SimpleField>
		<SimpleField type="string" name="end">
		</SimpleField>
		<SimpleField type="string" name="P_EAM">
		</SimpleField>
		<SimpleField type="string" name="NAMA P.JAR">
		</SimpleField>
		<SimpleField type="string" name="J_DIST">
		</SimpleField>
		<SimpleField type="float" name="LENGTH">
		</SimpleField>
		<SimpleField type="string" name="P_UP2D">
		</SimpleField>
		<SimpleField type="string" name="LOCATION">
		</SimpleField>
		<SimpleField type="float" name="PANJANG">
		</SimpleField>
		<SimpleField type="string" name="SIZE">
		</SimpleField>
		<SimpleField type="string" name="JENIS">
		</SimpleField>
		<SimpleField type="int" name="FASA">
		</SimpleField>
		<SimpleField type="string" name="SEGMEN">
		</SimpleField>
		<SimpleField type="float" name="NO_ASSET">
		</SimpleField>
		<SimpleField type="string" name="KEYPOINT">
		</SimpleField>
	</Schema>
	<Schema name="Data_Jaringan_UP3_Bulukumba" id="Data_Jaringan_UP3_Bulukumba10">
		<SimpleField type="string" name="KODE_HANTA">
		</SimpleField>
		<SimpleField type="string" name="begin">
		</SimpleField>
		<SimpleField type="string" name="end">
		</SimpleField>
		<SimpleField type="string" name="P_EAM">
		</SimpleField>
		<SimpleField type="string" name="NAMA P.JAR">
		</SimpleField>
		<SimpleField type="string" name="J_DIST">
		</SimpleField>
		<SimpleField type="float" name="LENGTH">
		</SimpleField>
		<SimpleField type="string" name="P_UP2D">
		</SimpleField>
		<SimpleField type="string" name="LOCATION">
		</SimpleField>
		<SimpleField type="float" name="PANJANG">
		</SimpleField>
		<SimpleField type="string" name="SIZE">
		</SimpleField>
		<SimpleField type="string" name="JENIS">
		</SimpleField>
		<SimpleField type="int" name="FASA">
		</SimpleField>
		<SimpleField type="string" name="SEGMEN">
		</SimpleField>
		<SimpleField type="float" name="NO_ASSET">
		</SimpleField>
		<SimpleField type="string" name="KEYPOINT">
		</SimpleField>
	</Schema>
	<Schema name="Data_Jaringan_UP3_Bulukumba" id="Data_Jaringan_UP3_Bulukumba20">
		<SimpleField type="string" name="KODE_HANTA">
		</SimpleField>
		<SimpleField type="string" name="begin">
		</SimpleField>
		<SimpleField type="string" name="end">
		</SimpleField>
		<SimpleField type="string" name="P_EAM">
		</SimpleField>
		<SimpleField type="string" name="NAMA P.JAR">
		</SimpleField>
		<SimpleField type="string" name="J_DIST">
		</SimpleField>
		<SimpleField type="float" name="LENGTH">
		</SimpleField>
		<SimpleField type="string" name="P_UP2D">
		</SimpleField>
		<SimpleField type="string" name="LOCATION">
		</SimpleField>
		<SimpleField type="float" name="PANJANG">
		</SimpleField>
		<SimpleField type="string" name="SIZE">
		</SimpleField>
		<SimpleField type="string" name="JENIS">
		</SimpleField>
		<SimpleField type="int" name="FASA">
		</SimpleField>
		<SimpleField type="string" name="SEGMEN">
		</SimpleField>
		<SimpleField type="float" name="NO_ASSET">
		</SimpleField>
		<SimpleField type="string" name="KEYPOINT">
		</SimpleField>
	</Schema>
	<Schema name="Data_Jaringan_UP3_Bulukumba" id="Data_Jaringan_UP3_Bulukumba3">
		<SimpleField type="string" name="KODE_HANTA">
		</SimpleField>
		<SimpleField type="string" name="begin">
		</SimpleField>
		<SimpleField type="string" name="end">
		</SimpleField>
		<SimpleField type="string" name="P_EAM">
		</SimpleField>
		<SimpleField type="string" name="NAMA P.JAR">
		</SimpleField>
		<SimpleField type="string" name="J_DIST">
		</SimpleField>
		<SimpleField type="float" name="LENGTH">
		</SimpleField>
		<SimpleField type="string" name="P_UP2D">
		</SimpleField>
		<SimpleField type="string" name="LOCATION">
		</SimpleField>
		<SimpleField type="float" name="PANJANG">
		</SimpleField>
		<SimpleField type="string" name="SIZE">
		</SimpleField>
		<SimpleField type="string" name="JENIS">
		</SimpleField>
		<SimpleField type="int" name="FASA">
		</SimpleField>
		<SimpleField type="string" name="SEGMEN">
		</SimpleField>
		<SimpleField type="float" name="NO_ASSET">
		</SimpleField>
		<SimpleField type="string" name="KEYPOINT">
		</SimpleField>
	</Schema>
	<Style id="inline">
		<LineStyle>
			<color>ff00aaff</color>
			<width>3</width>
		</LineStyle>
		<PolyStyle>
			<fill>0</fill>
		</PolyStyle>
	</Style>
	<StyleMap id="inline0">
		<Pair>
			<key>normal</key>
			<styleUrl>#inline5</styleUrl>
		</Pair>
		<Pair>
			<key>highlight</key>
			<styleUrl>#inline</styleUrl>
		</Pair>
	</StyleMap>
	<Style id="inline00">
		<LineStyle>
			<color>ff0000ff</color>
			<width>2</width>
		</LineStyle>
		<PolyStyle>
			<fill>0</fill>
		</PolyStyle>
	</Style>
	<StyleMap id="inline0000">
		<Pair>
			<key>normal</key>
			<styleUrl>#inline1000</styleUrl>
		</Pair>
		<Pair>
			<key>highlight</key>
			<styleUrl>#inline220</styleUrl>
		</Pair>
	</StyleMap>
	<StyleMap id="inline01">
		<Pair>
			<key>normal</key>
			<styleUrl>#inline33</styleUrl>
		</Pair>
		<Pair>
			<key>highlight</key>
			<styleUrl>#inline140</styleUrl>
		</Pair>
	</StyleMap>
	<StyleMap id="inline010">
		<Pair>
			<key>normal</key>
			<styleUrl>#inline37</styleUrl>
		</Pair>
		<Pair>
			<key>highlight</key>
			<styleUrl>#inline19</styleUrl>
		</Pair>
	</StyleMap>
	<StyleMap id="inline011">
		<Pair>
			<key>normal</key>
			<styleUrl>#inline30</styleUrl>
		</Pair>
		<Pair>
			<key>highlight</key>
			<styleUrl>#inline160</styleUrl>
		</Pair>
	</StyleMap>
	<StyleMap id="inline0110">
		<Pair>
			<key>normal</key>
			<styleUrl>#inline300</styleUrl>
		</Pair>
		<Pair>
			<key>highlight</key>
			<styleUrl>#inline16</styleUrl>
		</Pair>
	</StyleMap>
	<StyleMap id="inline0111">
		<Pair>
			<key>normal</key>
			<styleUrl>#inline301</styleUrl>
		</Pair>
		<Pair>
			<key>highlight</key>
			<styleUrl>#inline161</styleUrl>
		</Pair>
	</StyleMap>
	<StyleMap id="inline012">
		<Pair>
			<key>normal</key>
			<styleUrl>#inline31</styleUrl>
		</Pair>
		<Pair>
			<key>highlight</key>
			<styleUrl>#inline15</styleUrl>
		</Pair>
	</StyleMap>
	<StyleMap id="inline013">
		<Pair>
			<key>normal</key>
			<styleUrl>#inline35</styleUrl>
		</Pair>
		<Pair>
			<key>highlight</key>
			<styleUrl>#inline120</styleUrl>
		</Pair>
	</StyleMap>
	<StyleMap id="inline014">
		<Pair>
			<key>normal</key>
			<styleUrl>#inline32</styleUrl>
		</Pair>
		<Pair>
			<key>highlight</key>
			<styleUrl>#inline130</styleUrl>
		</Pair>
	</StyleMap>
	<StyleMap id="inline015">
		<Pair>
			<key>normal</key>
			<styleUrl>#inline36</styleUrl>
		</Pair>
		<Pair>
			<key>highlight</key>
			<styleUrl>#inline11</styleUrl>
		</Pair>
	</StyleMap>
	<StyleMap id="inline016">
		<Pair>
			<key>normal</key>
			<styleUrl>#inline34</styleUrl>
		</Pair>
		<Pair>
			<key>highlight</key>
			<styleUrl>#inline100</styleUrl>
		</Pair>
	</StyleMap>
	<StyleMap id="inline017">
		<Pair>
			<key>normal</key>
			<styleUrl>#inline38</styleUrl>
		</Pair>
		<Pair>
			<key>highlight</key>
			<styleUrl>#inline17</styleUrl>
		</Pair>
	</StyleMap>
	<Style id="inline0400">
		<LineStyle>
			<color>ffffaa00</color>
			<width>3</width>
		</LineStyle>
		<PolyStyle>
			<fill>0</fill>
		</PolyStyle>
	</Style>
	<Style id="inline1">
		<LineStyle>
			<color>ff0000ff</color>
			<width>2</width>
		</LineStyle>
		<PolyStyle>
			<fill>0</fill>
		</PolyStyle>
	</Style>
	<Style id="inline10">
		<LineStyle>
			<color>ff00ff00</color>
			<width>3</width>
		</LineStyle>
		<PolyStyle>
			<fill>0</fill>
		</PolyStyle>
	</Style>
	<Style id="inline100">
		<LineStyle>
			<color>ff00ffff</color>
			<width>3</width>
		</LineStyle>
		<PolyStyle>
			<fill>0</fill>
		</PolyStyle>
	</Style>
	<Style id="inline1000">
		<LineStyle>
			<color>ff0000ff</color>
			<width>2.5</width>
		</LineStyle>
		<PolyStyle>
			<fill>0</fill>
		</PolyStyle>
	</Style>
	<Style id="inline11">
		<LineStyle>
			<color>ff00ffff</color>
			<width>3</width>
		</LineStyle>
		<PolyStyle>
			<fill>0</fill>
		</PolyStyle>
	</Style>
	<Style id="inline12">
		<LineStyle>
			<color>ff0000ff</color>
			<width>2</width>
		</LineStyle>
		<PolyStyle>
			<fill>0</fill>
		</PolyStyle>
	</Style>
	<Style id="inline120">
		<LineStyle>
			<color>ff00ffff</color>
			<width>3</width>
		</LineStyle>
		<PolyStyle>
			<fill>0</fill>
		</PolyStyle>
	</Style>
	<StyleMap id="inline13">
		<Pair>
			<key>normal</key>
			<styleUrl>#inline3</styleUrl>
		</Pair>
		<Pair>
			<key>highlight</key>
			<styleUrl>#inline1</styleUrl>
		</Pair>
	</StyleMap>
	<Style id="inline130">
		<LineStyle>
			<color>ff00ffff</color>
			<width>3</width>
		</LineStyle>
		<PolyStyle>
			<fill>0</fill>
		</PolyStyle>
	</Style>
	<StyleMap id="inline14">
		<Pair>
			<key>normal</key>
			<styleUrl>#inline10</styleUrl>
		</Pair>
		<Pair>
			<key>highlight</key>
			<styleUrl>#inline18</styleUrl>
		</Pair>
	</StyleMap>
	<Style id="inline140">
		<LineStyle>
			<color>ff00ffff</color>
			<width>3</width>
		</LineStyle>
		<PolyStyle>
			<fill>0</fill>
		</PolyStyle>
	</Style>
	<Style id="inline15">
		<LineStyle>
			<color>ff00ffff</color>
			<width>3</width>
		</LineStyle>
		<PolyStyle>
			<fill>0</fill>
		</PolyStyle>
	</Style>
	<Style id="inline16">
		<LineStyle>
			<color>ff00ffff</color>
			<width>3</width>
		</LineStyle>
		<PolyStyle>
			<fill>0</fill>
		</PolyStyle>
	</Style>
	<Style id="inline160">
		<LineStyle>
			<color>ff00ffff</color>
			<width>3</width>
		</LineStyle>
		<PolyStyle>
			<fill>0</fill>
		</PolyStyle>
	</Style>
	<Style id="inline161">
		<LineStyle>
			<color>ff00ffff</color>
			<width>3</width>
		</LineStyle>
		<PolyStyle>
			<fill>0</fill>
		</PolyStyle>
	</Style>
	<Style id="inline17">
		<LineStyle>
			<color>ff00ffff</color>
			<width>3</width>
		</LineStyle>
		<PolyStyle>
			<fill>0</fill>
		</PolyStyle>
	</Style>
	<Style id="inline18">
		<LineStyle>
			<color>ff00ff00</color>
			<width>3</width>
		</LineStyle>
		<PolyStyle>
			<fill>0</fill>
		</PolyStyle>
	</Style>
	<Style id="inline19">
		<LineStyle>
			<color>ff00ffff</color>
			<width>3</width>
		</LineStyle>
		<PolyStyle>
			<fill>0</fill>
		</PolyStyle>
	</Style>
	<Style id="inline2">
		<LineStyle>
			<color>ff0000ff</color>
			<width>2</width>
		</LineStyle>
		<PolyStyle>
			<fill>0</fill>
		</PolyStyle>
	</Style>
	<Style id="inline20">
		<LineStyle>
			<color>ff0000ff</color>
			<width>2</width>
		</LineStyle>
		<PolyStyle>
			<fill>0</fill>
		</PolyStyle>
	</Style>
	<StyleMap id="inline21">
		<Pair>
			<key>normal</key>
			<styleUrl>#inline6</styleUrl>
		</Pair>
		<Pair>
			<key>highlight</key>
			<styleUrl>#inline7</styleUrl>
		</Pair>
	</StyleMap>
	<Style id="inline220">
		<LineStyle>
			<color>ff0000ff</color>
			<width>2.5</width>
		</LineStyle>
		<PolyStyle>
			<fill>0</fill>
		</PolyStyle>
	</Style>
	<Style id="inline3">
		<LineStyle>
			<color>ff0000ff</color>
			<width>2</width>
		</LineStyle>
		<PolyStyle>
			<fill>0</fill>
		</PolyStyle>
	</Style>
	<Style id="inline30">
		<LineStyle>
			<color>ff00ffff</color>
			<width>3</width>
		</LineStyle>
		<PolyStyle>
			<fill>0</fill>
		</PolyStyle>
	</Style>
	<Style id="inline300">
		<LineStyle>
			<color>ff00ffff</color>
			<width>3</width>
		</LineStyle>
		<PolyStyle>
			<fill>0</fill>
		</PolyStyle>
	</Style>
	<Style id="inline301">
		<LineStyle>
			<color>ff00ffff</color>
			<width>3</width>
		</LineStyle>
		<PolyStyle>
			<fill>0</fill>
		</PolyStyle>
	</Style>
	<Style id="inline31">
		<LineStyle>
			<color>ff00ffff</color>
			<width>3</width>
		</LineStyle>
		<PolyStyle>
			<fill>0</fill>
		</PolyStyle>
	</Style>
	<Style id="inline32">
		<LineStyle>
			<color>ff00ffff</color>
			<width>3</width>
		</LineStyle>
		<PolyStyle>
			<fill>0</fill>
		</PolyStyle>
	</Style>
	<Style id="inline33">
		<LineStyle>
			<color>ff00ffff</color>
			<width>3</width>
		</LineStyle>
		<PolyStyle>
			<fill>0</fill>
		</PolyStyle>
	</Style>
	<Style id="inline34">
		<LineStyle>
			<color>ff00ffff</color>
			<width>3</width>
		</LineStyle>
		<PolyStyle>
			<fill>0</fill>
		</PolyStyle>
	</Style>
	<Style id="inline35">
		<LineStyle>
			<color>ff00ffff</color>
			<width>3</width>
		</LineStyle>
		<PolyStyle>
			<fill>0</fill>
		</PolyStyle>
	</Style>
	<Style id="inline36">
		<LineStyle>
			<color>ff00ffff</color>
			<width>3</width>
		</LineStyle>
		<PolyStyle>
			<fill>0</fill>
		</PolyStyle>
	</Style>
	<Style id="inline37">
		<LineStyle>
			<color>ff00ffff</color>
			<width>3</width>
		</LineStyle>
		<PolyStyle>
			<fill>0</fill>
		</PolyStyle>
	</Style>
	<Style id="inline38">
		<LineStyle>
			<color>ff00ffff</color>
			<width>3</width>
		</LineStyle>
		<PolyStyle>
			<fill>0</fill>
		</PolyStyle>
	</Style>
	<StyleMap id="inline4">
		<Pair>
			<key>normal</key>
			<styleUrl>#inline60</styleUrl>
		</Pair>
		<Pair>
			<key>highlight</key>
			<styleUrl>#inline00</styleUrl>
		</Pair>
	</StyleMap>
	<StyleMap id="inline4110">
		<Pair>
			<key>normal</key>
			<styleUrl>#inline911</styleUrl>
		</Pair>
		<Pair>
			<key>highlight</key>
			<styleUrl>#inline0400</styleUrl>
		</Pair>
	</StyleMap>
	<Style id="inline5">
		<LineStyle>
			<color>ff00aaff</color>
			<width>3</width>
		</LineStyle>
		<PolyStyle>
			<fill>0</fill>
		</PolyStyle>
	</Style>
	<StyleMap id="inline50">
		<Pair>
			<key>normal</key>
			<styleUrl>#inline12</styleUrl>
		</Pair>
		<Pair>
			<key>highlight</key>
			<styleUrl>#inline20</styleUrl>
		</Pair>
	</StyleMap>
	<Style id="inline6">
		<LineStyle>
			<color>ffff55aa</color>
			<width>3</width>
		</LineStyle>
		<PolyStyle>
			<fill>0</fill>
		</PolyStyle>
	</Style>
	<Style id="inline60">
		<LineStyle>
			<color>ff0000ff</color>
			<width>2</width>
		</LineStyle>
		<PolyStyle>
			<fill>0</fill>
		</PolyStyle>
	</Style>
	<Style id="inline7">
		<LineStyle>
			<color>ffff55aa</color>
			<width>3</width>
		</LineStyle>
		<PolyStyle>
			<fill>0</fill>
		</PolyStyle>
	</Style>
	<Style id="inline8">
		<LineStyle>
			<color>ff0000ff</color>
			<width>2</width>
		</LineStyle>
		<PolyStyle>
			<fill>0</fill>
		</PolyStyle>
	</Style>
	<StyleMap id="inline9">
		<Pair>
			<key>normal</key>
			<styleUrl>#inline8</styleUrl>
		</Pair>
		<Pair>
			<key>highlight</key>
			<styleUrl>#inline2</styleUrl>
		</Pair>
	</StyleMap>
	<Style id="inline911">
		<LineStyle>
			<color>ffffaa00</color>
			<width>3</width>
		</LineStyle>
		<PolyStyle>
			<fill>0</fill>
		</PolyStyle>
	</Style>
	<StyleMap id="msn_ylw-pushpin0">
		<Pair>
			<key>normal</key>
			<styleUrl>#sn_ylw-pushpin0</styleUrl>
		</Pair>
		<Pair>
			<key>highlight</key>
			<styleUrl>#sh_ylw-pushpin2</styleUrl>
		</Pair>
	</StyleMap>
	<StyleMap id="msn_ylw-pushpin00">
		<Pair>
			<key>normal</key>
			<styleUrl>#sn_ylw-pushpin00</styleUrl>
		</Pair>
		<Pair>
			<key>highlight</key>
			<styleUrl>#sh_ylw-pushpin0</styleUrl>
		</Pair>
	</StyleMap>
	<StyleMap id="msn_ylw-pushpin1">
		<Pair>
			<key>normal</key>
			<styleUrl>#sn_ylw-pushpin1</styleUrl>
		</Pair>
		<Pair>
			<key>highlight</key>
			<styleUrl>#sh_ylw-pushpin1</styleUrl>
		</Pair>
	</StyleMap>
	<StyleMap id="msn_ylw-pushpin122">
		<Pair>
			<key>normal</key>
			<styleUrl>#sn_ylw-pushpin140</styleUrl>
		</Pair>
		<Pair>
			<key>highlight</key>
			<styleUrl>#sh_ylw-pushpin162</styleUrl>
		</Pair>
	</StyleMap>
	<StyleMap id="msn_ylw-pushpin142">
		<Pair>
			<key>normal</key>
			<styleUrl>#sn_ylw-pushpin720</styleUrl>
		</Pair>
		<Pair>
			<key>highlight</key>
			<styleUrl>#sh_ylw-pushpin0011</styleUrl>
		</Pair>
	</StyleMap>
	<StyleMap id="msn_ylw-pushpin2210">
		<Pair>
			<key>normal</key>
			<styleUrl>#sn_ylw-pushpin11</styleUrl>
		</Pair>
		<Pair>
			<key>highlight</key>
			<styleUrl>#sh_ylw-pushpin140</styleUrl>
		</Pair>
	</StyleMap>
	<StyleMap id="msn_ylw-pushpin470">
		<Pair>
			<key>normal</key>
			<styleUrl>#sn_ylw-pushpin02</styleUrl>
		</Pair>
		<Pair>
			<key>highlight</key>
			<styleUrl>#sh_ylw-pushpin510</styleUrl>
		</Pair>
	</StyleMap>
	<Style id="sh_ylw-pushpin0">
		<IconStyle>
			<scale>1.3</scale>
			<Icon>
				<href>http://maps.google.com/mapfiles/kml/pushpin/ylw-pushpin.png</href>
			</Icon>
			<hotSpot x="20" y="2" xunits="pixels" yunits="pixels"/>
		</IconStyle>
		<LineStyle>
			<color>ff00aaff</color>
			<width>3</width>
		</LineStyle>
	</Style>
	<Style id="sh_ylw-pushpin0011">
		<IconStyle>
			<scale>1.3</scale>
			<Icon>
				<href>http://maps.google.com/mapfiles/kml/pushpin/ylw-pushpin.png</href>
			</Icon>
			<hotSpot x="20" y="2" xunits="pixels" yunits="pixels"/>
		</IconStyle>
		<LineStyle>
			<color>ff00ff00</color>
			<width>3</width>
		</LineStyle>
	</Style>
	<Style id="sh_ylw-pushpin1">
		<IconStyle>
			<scale>1.3</scale>
			<Icon>
				<href>http://maps.google.com/mapfiles/kml/pushpin/ylw-pushpin.png</href>
			</Icon>
			<hotSpot x="20" y="2" xunits="pixels" yunits="pixels"/>
		</IconStyle>
		<LineStyle>
			<color>ff00aaff</color>
			<width>3</width>
		</LineStyle>
	</Style>
	<Style id="sh_ylw-pushpin140">
		<IconStyle>
			<scale>1.3</scale>
			<Icon>
				<href>http://maps.google.com/mapfiles/kml/pushpin/ylw-pushpin.png</href>
			</Icon>
			<hotSpot x="20" y="2" xunits="pixels" yunits="pixels"/>
		</IconStyle>
		<LineStyle>
			<color>ff00aaff</color>
			<width>3</width>
		</LineStyle>
	</Style>
	<Style id="sh_ylw-pushpin162">
		<IconStyle>
			<scale>1.3</scale>
			<Icon>
				<href>http://maps.google.com/mapfiles/kml/pushpin/ylw-pushpin.png</href>
			</Icon>
			<hotSpot x="20" y="2" xunits="pixels" yunits="pixels"/>
		</IconStyle>
		<LineStyle>
			<color>ff0000ff</color>
			<width>3</width>
		</LineStyle>
	</Style>
	<Style id="sh_ylw-pushpin2">
		<IconStyle>
			<scale>1.3</scale>
			<Icon>
				<href>http://maps.google.com/mapfiles/kml/pushpin/ylw-pushpin.png</href>
			</Icon>
			<hotSpot x="20" y="2" xunits="pixels" yunits="pixels"/>
		</IconStyle>
		<LineStyle>
			<color>ff00ff00</color>
			<width>3</width>
		</LineStyle>
	</Style>
	<Style id="sh_ylw-pushpin510">
		<IconStyle>
			<scale>1.3</scale>
			<Icon>
				<href>http://maps.google.com/mapfiles/kml/pushpin/ylw-pushpin.png</href>
			</Icon>
			<hotSpot x="20" y="2" xunits="pixels" yunits="pixels"/>
		</IconStyle>
		<LineStyle>
			<color>ff0000ff</color>
			<width>3</width>
		</LineStyle>
	</Style>
	<Style id="sn_ylw-pushpin0">
		<IconStyle>
			<scale>1.1</scale>
			<Icon>
				<href>http://maps.google.com/mapfiles/kml/pushpin/ylw-pushpin.png</href>
			</Icon>
			<hotSpot x="20" y="2" xunits="pixels" yunits="pixels"/>
		</IconStyle>
		<LineStyle>
			<color>ff00ff00</color>
			<width>3</width>
		</LineStyle>
	</Style>
	<Style id="sn_ylw-pushpin00">
		<IconStyle>
			<scale>1.1</scale>
			<Icon>
				<href>http://maps.google.com/mapfiles/kml/pushpin/ylw-pushpin.png</href>
			</Icon>
			<hotSpot x="20" y="2" xunits="pixels" yunits="pixels"/>
		</IconStyle>
		<LineStyle>
			<color>ff00aaff</color>
			<width>3</width>
		</LineStyle>
	</Style>
	<Style id="sn_ylw-pushpin02">
		<IconStyle>
			<scale>1.1</scale>
			<Icon>
				<href>http://maps.google.com/mapfiles/kml/pushpin/ylw-pushpin.png</href>
			</Icon>
			<hotSpot x="20" y="2" xunits="pixels" yunits="pixels"/>
		</IconStyle>
		<LineStyle>
			<color>ff0000ff</color>
			<width>3</width>
		</LineStyle>
	</Style>
	<Style id="sn_ylw-pushpin1">
		<IconStyle>
			<scale>1.1</scale>
			<Icon>
				<href>http://maps.google.com/mapfiles/kml/pushpin/ylw-pushpin.png</href>
			</Icon>
			<hotSpot x="20" y="2" xunits="pixels" yunits="pixels"/>
		</IconStyle>
		<LineStyle>
			<color>ff00aaff</color>
			<width>3</width>
		</LineStyle>
	</Style>
	<Style id="sn_ylw-pushpin11">
		<IconStyle>
			<scale>1.1</scale>
			<Icon>
				<href>http://maps.google.com/mapfiles/kml/pushpin/ylw-pushpin.png</href>
			</Icon>
			<hotSpot x="20" y="2" xunits="pixels" yunits="pixels"/>
		</IconStyle>
		<LineStyle>
			<color>ff00aaff</color>
			<width>3</width>
		</LineStyle>
	</Style>
	<Style id="sn_ylw-pushpin140">
		<IconStyle>
			<scale>1.1</scale>
			<Icon>
				<href>http://maps.google.com/mapfiles/kml/pushpin/ylw-pushpin.png</href>
			</Icon>
			<hotSpot x="20" y="2" xunits="pixels" yunits="pixels"/>
		</IconStyle>
		<LineStyle>
			<color>ff0000ff</color>
			<width>3</width>
		</LineStyle>
	</Style>
	<Style id="sn_ylw-pushpin720">
		<IconStyle>
			<scale>1.1</scale>
			<Icon>
				<href>http://maps.google.com/mapfiles/kml/pushpin/ylw-pushpin.png</href>
			</Icon>
			<hotSpot x="20" y="2" xunits="pixels" yunits="pixels"/>
		</IconStyle>
		<LineStyle>
			<color>ff00ff00</color>
			<width>3</width>
		</LineStyle>
	</Style>
	<Style id="style10110">
		<LineStyle>
			<color>ff0000ff</color>
			<width>3</width>
		</LineStyle>
		<PolyStyle>
			<fill>0</fill>
		</PolyStyle>
	</Style>
	<Style id="style101100">
		<LineStyle>
			<color>ff0000ff</color>
			<width>3</width>
		</LineStyle>
		<PolyStyle>
			<fill>0</fill>
		</PolyStyle>
	</Style>
	<Style id="style11100">
		<LineStyle>
			<color>ffffff55</color>
			<width>3</width>
		</LineStyle>
		<PolyStyle>
			<fill>0</fill>
		</PolyStyle>
	</Style>
	<Style id="style111000">
		<LineStyle>
			<color>ffffff55</color>
			<width>3</width>
		</LineStyle>
		<PolyStyle>
			<fill>0</fill>
		</PolyStyle>
	</Style>
	<Style id="style120100">
		<LineStyle>
			<color>ffffaaff</color>
			<width>3</width>
		</LineStyle>
		<PolyStyle>
			<fill>0</fill>
		</PolyStyle>
	</Style>
	<Style id="style14000">
		<LineStyle>
			<color>ff0000ff</color>
			<width>3</width>
		</LineStyle>
		<PolyStyle>
			<fill>0</fill>
		</PolyStyle>
	</Style>
	<Style id="style140000">
		<LineStyle>
			<color>ff0000ff</color>
			<width>3</width>
		</LineStyle>
		<PolyStyle>
			<fill>0</fill>
		</PolyStyle>
	</Style>
	<Style id="style22000">
		<LineStyle>
			<color>ff00ff00</color>
			<width>3</width>
		</LineStyle>
		<PolyStyle>
			<fill>0</fill>
		</PolyStyle>
	</Style>
	<Style id="style220000">
		<LineStyle>
			<color>ff00ff00</color>
			<width>3</width>
		</LineStyle>
		<PolyStyle>
			<fill>0</fill>
		</PolyStyle>
	</Style>
	<Style id="style242000">
		<LineStyle>
			<color>ff0000ff</color>
			<width>3</width>
		</LineStyle>
		<PolyStyle>
			<fill>0</fill>
		</PolyStyle>
	</Style>
	<Style id="style242002">
		<LineStyle>
			<color>ff0000ff</color>
			<width>3</width>
		</LineStyle>
		<PolyStyle>
			<fill>0</fill>
		</PolyStyle>
	</Style>
	<Style id="style242003">
		<LineStyle>
			<color>ffffff00</color>
			<width>3</width>
		</LineStyle>
		<PolyStyle>
			<fill>0</fill>
		</PolyStyle>
	</Style>
	<Style id="style4310">
		<LineStyle>
			<color>ffffff00</color>
			<width>3</width>
		</LineStyle>
		<PolyStyle>
			<fill>0</fill>
		</PolyStyle>
	</Style>
	<Style id="style43101">
		<LineStyle>
			<color>ff0000ff</color>
			<width>3</width>
		</LineStyle>
		<PolyStyle>
			<fill>0</fill>
		</PolyStyle>
	</Style>
	<Style id="style43102">
		<LineStyle>
			<color>ff0000ff</color>
			<width>3</width>
		</LineStyle>
		<PolyStyle>
			<fill>0</fill>
		</PolyStyle>
	</Style>
	<Style id="style46100">
		<LineStyle>
			<color>ffff55aa</color>
			<width>3</width>
		</LineStyle>
		<PolyStyle>
			<fill>0</fill>
		</PolyStyle>
	</Style>
	<Style id="style461000">
		<LineStyle>
			<color>ffff55aa</color>
			<width>3</width>
		</LineStyle>
		<PolyStyle>
			<fill>0</fill>
		</PolyStyle>
	</Style>
	<Style id="style4610000">
		<LineStyle>
			<color>ffff55aa</color>
			<width>3</width>
		</LineStyle>
		<PolyStyle>
			<fill>0</fill>
		</PolyStyle>
	</Style>
	<Style id="style461001">
		<LineStyle>
			<color>ffff55aa</color>
			<width>3</width>
		</LineStyle>
		<PolyStyle>
			<fill>0</fill>
		</PolyStyle>
	</Style>
	<Style id="style461002">
		<LineStyle>
			<color>ffff55aa</color>
			<width>3</width>
		</LineStyle>
		<PolyStyle>
			<fill>0</fill>
		</PolyStyle>
	</Style>
	<Style id="style461003">
		<LineStyle>
			<color>ff0000ff</color>
			<width>3</width>
		</LineStyle>
		<PolyStyle>
			<fill>0</fill>
		</PolyStyle>
	</Style>
	<Style id="style461004">
		<LineStyle>
			<color>ffff55aa</color>
			<width>3</width>
		</LineStyle>
		<PolyStyle>
			<fill>0</fill>
		</PolyStyle>
	</Style>
	<Style id="style5700">
		<LineStyle>
			<color>ffff55aa</color>
			<width>3</width>
		</LineStyle>
		<PolyStyle>
			<fill>0</fill>
		</PolyStyle>
	</Style>
	<Style id="style57000">
		<LineStyle>
			<color>ff0000ff</color>
			<width>3</width>
		</LineStyle>
		<PolyStyle>
			<fill>0</fill>
		</PolyStyle>
	</Style>
	<Style id="style57001">
		<LineStyle>
			<color>ffff55aa</color>
			<width>3</width>
		</LineStyle>
		<PolyStyle>
			<fill>0</fill>
		</PolyStyle>
	</Style>
	<Style id="style570010">
		<LineStyle>
			<color>ffff55aa</color>
			<width>3</width>
		</LineStyle>
		<PolyStyle>
			<fill>0</fill>
		</PolyStyle>
	</Style>
	<Style id="style570011">
		<LineStyle>
			<color>ffff55aa</color>
			<width>3</width>
		</LineStyle>
		<PolyStyle>
			<fill>0</fill>
		</PolyStyle>
	</Style>
	<Style id="style570012">
		<LineStyle>
			<color>ffff55aa</color>
			<width>3</width>
		</LineStyle>
		<PolyStyle>
			<fill>0</fill>
		</PolyStyle>
	</Style>
	<Style id="style57002">
		<LineStyle>
			<color>ffff55aa</color>
			<width>3</width>
		</LineStyle>
		<PolyStyle>
			<fill>0</fill>
		</PolyStyle>
	</Style>
	<Style id="style7010">
		<LineStyle>
			<color>ffffff55</color>
			<width>3</width>
		</LineStyle>
		<PolyStyle>
			<fill>0</fill>
		</PolyStyle>
	</Style>
	<Style id="style70100">
		<LineStyle>
			<color>ffffff55</color>
			<width>3</width>
		</LineStyle>
		<PolyStyle>
			<fill>0</fill>
		</PolyStyle>
	</Style>
	<Style id="style760">
		<LineStyle>
			<color>ffffaa00</color>
			<width>3</width>
		</LineStyle>
		<PolyStyle>
			<fill>0</fill>
		</PolyStyle>
	</Style>
	<Style id="style8000">
		<LineStyle>
			<color>ff00ff00</color>
			<width>3</width>
		</LineStyle>
		<PolyStyle>
			<fill>0</fill>
		</PolyStyle>
	</Style>
	<Style id="style80000">
		<LineStyle>
			<color>ff00ff00</color>
			<width>3</width>
		</LineStyle>
		<PolyStyle>
			<fill>0</fill>
		</PolyStyle>
	</Style>
	<Style id="style8800">
		<LineStyle>
			<color>ffffaa00</color>
			<width>3</width>
		</LineStyle>
		<PolyStyle>
			<fill>0</fill>
		</PolyStyle>
	</Style>
	<Style id="style9020">
		<LineStyle>
			<color>ffffaaff</color>
			<width>3</width>
		</LineStyle>
		<PolyStyle>
			<fill>0</fill>
		</PolyStyle>
	</Style>
	<StyleMap id="stylemap_id0030">
		<Pair>
			<key>normal</key>
			<styleUrl>#style242003</styleUrl>
		</Pair>
		<Pair>
			<key>highlight</key>
			<styleUrl>#style4310</styleUrl>
		</Pair>
	</StyleMap>
	<StyleMap id="stylemap_id00301">
		<Pair>
			<key>normal</key>
			<styleUrl>#style242002</styleUrl>
		</Pair>
		<Pair>
			<key>highlight</key>
			<styleUrl>#style43102</styleUrl>
		</Pair>
	</StyleMap>
	<StyleMap id="stylemap_id00302">
		<Pair>
			<key>normal</key>
			<styleUrl>#style242000</styleUrl>
		</Pair>
		<Pair>
			<key>highlight</key>
			<styleUrl>#style43101</styleUrl>
		</Pair>
	</StyleMap>
	<StyleMap id="stylemap_id03100">
		<Pair>
			<key>normal</key>
			<styleUrl>#style5700</styleUrl>
		</Pair>
		<Pair>
			<key>highlight</key>
			<styleUrl>#style4610000</styleUrl>
		</Pair>
	</StyleMap>
	<StyleMap id="stylemap_id031000">
		<Pair>
			<key>normal</key>
			<styleUrl>#style570011</styleUrl>
		</Pair>
		<Pair>
			<key>highlight</key>
			<styleUrl>#style461001</styleUrl>
		</Pair>
	</StyleMap>
	<StyleMap id="stylemap_id0310000">
		<Pair>
			<key>normal</key>
			<styleUrl>#style570012</styleUrl>
		</Pair>
		<Pair>
			<key>highlight</key>
			<styleUrl>#style461004</styleUrl>
		</Pair>
	</StyleMap>
	<StyleMap id="stylemap_id0310001">
		<Pair>
			<key>normal</key>
			<styleUrl>#style570010</styleUrl>
		</Pair>
		<Pair>
			<key>highlight</key>
			<styleUrl>#style461000</styleUrl>
		</Pair>
	</StyleMap>
	<StyleMap id="stylemap_id0310002">
		<Pair>
			<key>normal</key>
			<styleUrl>#style57001</styleUrl>
		</Pair>
		<Pair>
			<key>highlight</key>
			<styleUrl>#style46100</styleUrl>
		</Pair>
	</StyleMap>
	<StyleMap id="stylemap_id031001">
		<Pair>
			<key>normal</key>
			<styleUrl>#style57000</styleUrl>
		</Pair>
		<Pair>
			<key>highlight</key>
			<styleUrl>#style461003</styleUrl>
		</Pair>
	</StyleMap>
	<StyleMap id="stylemap_id031002">
		<Pair>
			<key>normal</key>
			<styleUrl>#style57002</styleUrl>
		</Pair>
		<Pair>
			<key>highlight</key>
			<styleUrl>#style461002</styleUrl>
		</Pair>
	</StyleMap>
	<StyleMap id="stylemap_id1000">
		<Pair>
			<key>normal</key>
			<styleUrl>#style8000</styleUrl>
		</Pair>
		<Pair>
			<key>highlight</key>
			<styleUrl>#style220000</styleUrl>
		</Pair>
	</StyleMap>
	<StyleMap id="stylemap_id10000">
		<Pair>
			<key>normal</key>
			<styleUrl>#style80000</styleUrl>
		</Pair>
		<Pair>
			<key>highlight</key>
			<styleUrl>#style22000</styleUrl>
		</Pair>
	</StyleMap>
	<StyleMap id="stylemap_id11000">
		<Pair>
			<key>normal</key>
			<styleUrl>#style10110</styleUrl>
		</Pair>
		<Pair>
			<key>highlight</key>
			<styleUrl>#style14000</styleUrl>
		</Pair>
	</StyleMap>
	<StyleMap id="stylemap_id110000">
		<Pair>
			<key>normal</key>
			<styleUrl>#style101100</styleUrl>
		</Pair>
		<Pair>
			<key>highlight</key>
			<styleUrl>#style140000</styleUrl>
		</Pair>
	</StyleMap>
	<StyleMap id="stylemap_id1510">
		<Pair>
			<key>normal</key>
			<styleUrl>#style120100</styleUrl>
		</Pair>
		<Pair>
			<key>highlight</key>
			<styleUrl>#style9020</styleUrl>
		</Pair>
	</StyleMap>
	<StyleMap id="stylemap_id190">
		<Pair>
			<key>normal</key>
			<styleUrl>#style7010</styleUrl>
		</Pair>
		<Pair>
			<key>highlight</key>
			<styleUrl>#style11100</styleUrl>
		</Pair>
	</StyleMap>
	<StyleMap id="stylemap_id1900">
		<Pair>
			<key>normal</key>
			<styleUrl>#style70100</styleUrl>
		</Pair>
		<Pair>
			<key>highlight</key>
			<styleUrl>#style111000</styleUrl>
		</Pair>
	</StyleMap>
	<StyleMap id="stylemap_id460">
		<Pair>
			<key>normal</key>
			<styleUrl>#style8800</styleUrl>
		</Pair>
		<Pair>
			<key>highlight</key>
			<styleUrl>#style760</styleUrl>
		</Pair>
	</StyleMap>
	<Folder>
		<name>FEEDER</name>
		<visibility>0</visibility>
		<open>1</open>
		<Folder>
			<name>P_LAPPA (KUNING)</name>
			<visibility>0</visibility>
			<Placemark>
				<name>Line Masjid Nur</name>
				<visibility>0</visibility>
				<description>0,1 kms AAAC-S</description>
				<styleUrl>#inline011</styleUrl>
				<LineString>
					<tessellate>1</tessellate>
					<coordinates>
						120.2590305291562,-5.118664284212064,0 120.2588961023965,-5.118514647520901,0 120.2589120541633,-5.118286364781989,0 120.2590785147315,-5.117861151828281,0 
					</coordinates>
				</LineString>
			</Placemark>
			<Placemark>
				<name>2. DS LAPPA GI SINJAI - ASPAN UJUNG (Arah ke poros)</name>
				<visibility>0</visibility>
				<description>1.8 KMS AAAC 3x150mm</description>
				<styleUrl>#inline0110</styleUrl>
				<ExtendedData>
					<SchemaData schemaUrl="#Data_Jaringan_UP3_Bulukumba20">
						<SimpleData name="KODE_HANTA">SEGMEN TG.LAPPA.00001-TG.LAPPA.00036</SimpleData>
						<SimpleData name="begin">TG.LAPPA.00001</SimpleData>
						<SimpleData name="end">TG.LAPPA.00036</SimpleData>
						<SimpleData name="P_EAM">LAPPA</SimpleData>
						<SimpleData name="NAMA P.JAR">P. LAPPA</SimpleData>
						<SimpleData name="J_DIST">P_LAPPA</SimpleData>
						<SimpleData name="LENGTH">672.55</SimpleData>
						<SimpleData name="P_UP2D">P_LAPPA</SimpleData>
						<SimpleData name="LOCATION">ULP.32760</SimpleData>
						<SimpleData name="PANJANG">1.80</SimpleData>
						<SimpleData name="SIZE">3x150</SimpleData>
						<SimpleData name="JENIS">AAAC</SimpleData>
						<SimpleData name="FASA">3</SimpleData>
						<SimpleData name="NO_ASSET">4691796</SimpleData>
						<SimpleData name="KEYPOINT">P_LAPPA</SimpleData>
					</SchemaData>
				</ExtendedData>
				<MultiGeometry>
					<LineString>
						<coordinates>
							120.2392934156474,-5.093476788243811,0 120.2397779530754,-5.093528573389406,0 120.240201666666,-5.093675,0 120.240585,-5.09382666666666,0 120.241035,-5.09397,0 120.24153,-5.09398666666666,0 120.241898333333,-5.09421166666666,0 120.242358333333,-5.09391333333333,0 120.242766666666,-5.09384833333333,0 120.24326,-5.09401333333333,0 120.243521666666,-5.09401666666666,0 120.243955,-5.09404833333333,0 120.244406666666,-5.094125,0 120.24468,-5.09414833333333,0 120.245085,-5.09426333333333,0 120.245092144321,-5.09426965497475,0 
						</coordinates>
					</LineString>
				</MultiGeometry>
			</Placemark>
			<Placemark>
				<name>31. ASPAN BHAYANGKARA - UJUNG PASAR SENTRAL</name>
				<visibility>0</visibility>
				<description>0.39 KMS AAAC 3x70mm</description>
				<styleUrl>#inline0110</styleUrl>
				<LineString>
					<tessellate>1</tessellate>
					<coordinates>
						120.2517302300121,-5.12114846581465,0 120.2517762792776,-5.120890372831467,0 120.2518339643301,-5.120634506548279,0 120.251901567161,-5.120242271911707,0 120.2519875510737,-5.119931423066704,0 120.2519761980321,-5.11992981697168,0 120.2520589754086,-5.119293165309831,0 120.2521193199753,-5.118888123446574,0 120.2522338801296,-5.118448508771648,0 120.25237847,-5.117922852240868,0 120.2523771064298,-5.117921175351704,0 
					</coordinates>
				</LineString>
			</Placemark>
			<Placemark>
				<name>33. SECT BIRINGERE</name>
				<visibility>0</visibility>
				<description>1.16 KMS AAAC 3x70mm</description>
				<styleUrl>#inline0110</styleUrl>
				<LineString>
					<tessellate>1</tessellate>
					<coordinates>
						120.2490154356303,-5.135655372326926,0 120.2486664500783,-5.136065127458879,0 120.2486592924404,-5.136066462652256,0 120.2484159513633,-5.136347257435649,0 120.2481952848797,-5.136600009333958,0 120.2476481927332,-5.1369218341931,0 120.2473161958518,-5.13690634973074,0 120.2469016239508,-5.136795691651645,0 120.2464192849126,-5.136623838047417,0 120.2458987152959,-5.136513073962496,0 120.2460064206793,-5.136006621597697,0 120.2460856205396,-5.135613202905601,0 120.2461546485495,-5.135199397165859,0 120.2461554607906,-5.135197882809925,0 120.2462268556572,-5.134841412661058,0 120.2462964059436,-5.134467335244676,0 120.246295094646,-5.134055454582183,0 120.2462538002242,-5.13366306620695,0 120.2462888476411,-5.133319782713258,0 120.2463392659054,-5.13303525275091,0 120.2461445075478,-5.132676958666695,0 120.2459296434258,-5.132425564357185,0 120.2456017916098,-5.13222791717068,0 120.2451633100905,-5.132117474208563,0 120.2448787291855,-5.131833823842062,0 120.2449591448199,-5.131435080071474,0 120.2449644733738,-5.131432015992955,0 
					</coordinates>
				</LineString>
			</Placemark>
			<Placemark>
				<name>34. PERCAB FCO TAIPA</name>
				<visibility>0</visibility>
				<description>2.56 AAAC 3x70mm</description>
				<styleUrl>#inline0110</styleUrl>
				<LineString>
					<tessellate>1</tessellate>
					<coordinates>
						120.246340572809,-5.133034936077162,0 120.2459336910155,-5.133048638378917,0 120.2455347643029,-5.132891396503438,0 120.2451301232753,-5.132788579036696,0 120.2447418700812,-5.132644460763461,0 120.2442778588459,-5.132505287844234,0 120.2438308427761,-5.132382007594038,0 120.2434091478108,-5.132242324077827,0 120.2430093300195,-5.132016390195206,0 120.2425645763633,-5.131932554230569,0 120.2421276079017,-5.131909093997725,0 120.2416856445568,-5.131988233139185,0 120.2412017013282,-5.131934866508646,0 120.2407923514217,-5.131826667894395,0 120.240345324818,-5.131751940782224,0 120.2399133619156,-5.131667834251716,0 120.2395308445118,-5.131511035728593,0 120.2391568475599,-5.131287522077715,0 120.238752523376,-5.131030903728196,0 120.2383547971819,-5.130912747733176,0 120.2379320612002,-5.131093406785619,0 120.2374635505956,-5.131273421702321,0 120.2369655017251,-5.131191424960926,0 120.2364955315832,-5.131228583871005,0 120.2359774542866,-5.131132340302409,0 120.2355319745871,-5.131040284085218,0 120.2351594764865,-5.130945321790167,0 120.2346601565384,-5.130813628566385,0 120.2342330204089,-5.130695053103102,0 120.2337977715924,-5.130580406376115,0 120.2333714222381,-5.130449713453205,0 120.2329434691006,-5.130314161262024,0 120.2325320379581,-5.130186922936208,0 120.2320804150256,-5.130061027857557,0 120.2316545225505,-5.130053380215254,0 120.2312251099455,-5.130146079036666,0 120.2307845420446,-5.130114944840573,0 120.2304069105249,-5.129880364941449,0 120.2300068816946,-5.129686511527821,0 120.2295941836399,-5.129500494922874,0 120.2291957795481,-5.129322896527414,0 120.2287656261072,-5.12931611938254,0 120.2281954975324,-5.12931991351905,0 120.2277751465425,-5.129476367147174,0 120.2274059266491,-5.129652528870678,0 120.2270275708984,-5.129793388726854,0 120.2265821844043,-5.129998306674055,0 120.2261684048866,-5.130173922876772,0 120.2258787719489,-5.130340786635741,0 120.2258504730742,-5.130337085768546,0 120.2254718152475,-5.130583891463842,0 
					</coordinates>
				</LineString>
			</Placemark>
			<Placemark>
				<name>22. KTR DINKES BARU - JL BASO KALAKA</name>
				<visibility>0</visibility>
				<description>0.35  KMS AAAC 3x70mm</description>
				<styleUrl>#inline0110</styleUrl>
				<LineString>
					<tessellate>1</tessellate>
					<coordinates>
						120.252981282395,-5.127264420743537,0 120.2525867023616,-5.127104184267824,0 120.2523806575142,-5.127016674805263,0 120.2520384029746,-5.12691274091056,0 120.2516886725421,-5.126779102568753,0 120.2513521627929,-5.126651188177266,0 120.2510702125948,-5.126532292245539,0 120.250770109583,-5.126442540052231,0 120.2504868109293,-5.12633462661349,0 120.2502212430037,-5.126280059924328,0 120.2502269746436,-5.126284219097172,0 
					</coordinates>
				</LineString>
			</Placemark>
			<Placemark>
				<name>23. ASPAN BASO KALAKA - ASPAN RSUD</name>
				<visibility>0</visibility>
				<description>0.21 AAAC 3x70mm Double Circuit Out Bikeru</description>
				<styleUrl>#inline0110</styleUrl>
				<LineString>
					<tessellate>1</tessellate>
					<coordinates>
						120.2502215318977,-5.126280849820243,0 120.2502276211675,-5.126285077330926,0 120.250084861906,-5.126825642022633,0 120.2499995362779,-5.12721612200598,0 120.2498608492077,-5.12763348494892,0 120.2498039674457,-5.12804426855597,0 
					</coordinates>
				</LineString>
			</Placemark>
			<Placemark>
				<name>25. KABEL TANAH INC LAPPA PREMIUM RSUD - PMT</name>
				<visibility>0</visibility>
				<description>XLPE 240</description>
				<styleUrl>#inline0110</styleUrl>
				<LineString>
					<tessellate>1</tessellate>
					<coordinates>
						120.2483300090436,-5.127892804831809,0 120.2482948231198,-5.127951450541851,0 120.2483169524848,-5.127954858103344,0 
					</coordinates>
				</LineString>
			</Placemark>
			<Placemark>
				<name>24.ASPAN RSUD - DS RSUD</name>
				<visibility>0</visibility>
				<description>0.17 AAACS 3x70mm Double Circuit OUT Bikeru</description>
				<styleUrl>#inline0110</styleUrl>
				<LineString>
					<tessellate>1</tessellate>
					<coordinates>
						120.2498044339642,-5.128045382945925,0 120.2495028008239,-5.128047648628823,0 120.2494662774562,-5.128060879439179,0 120.249286495434,-5.128005321967404,0 120.2488546456898,-5.127854609418377,0 120.248408336387,-5.127753460323579,0 120.2483296294168,-5.12789339708824,0 
					</coordinates>
				</LineString>
			</Placemark>
			<Placemark>
				<name>21. PERCAB EMMY SAELAN - UJUNG</name>
				<visibility>0</visibility>
				<description>0.36 KMS AAAC 3x70mm</description>
				<styleUrl>#inline0110</styleUrl>
				<LineString>
					<tessellate>1</tessellate>
					<coordinates>
						120.2538263168219,-5.124262018955003,0 120.2542319371628,-5.124355085485309,0 120.2545897492287,-5.124547532122767,0 120.2548781308062,-5.124706020406526,0 120.2552060578806,-5.124854677484007,0 120.255526104288,-5.125057559986529,0 120.2558521733589,-5.1252108776121,0 120.2561272304312,-5.125340963634724,0 120.2561380962656,-5.125348429209077,0 120.2562810572482,-5.125427585940378,0 120.2565427864102,-5.125539701149801,0 120.2565518588677,-5.125547230254412,0 
					</coordinates>
				</LineString>
			</Placemark>
			<Placemark>
				<name>18. SECT PRAMUKA - ASPAN TUGU SINJAI BERSATU</name>
				<visibility>0</visibility>
				<description>0.51 kms AAAC 3x150mm</description>
				<styleUrl>#inline0110</styleUrl>
				<LineString>
					<tessellate>1</tessellate>
					<coordinates>
						120.2566529209665,-5.118211418047173,0 120.2565307166244,-5.118441500038603,0 120.2564127228943,-5.118708614421806,0 120.2564064413106,-5.11872476365727,0 120.2562742189075,-5.119045124024394,0 120.2561611917546,-5.1192894867996,0 120.2560370187082,-5.119594795251897,0 120.2560229834384,-5.119634488094157,0 120.2557710689115,-5.120124221694875,0 120.2556056883829,-5.120568282093534,0 120.2554743857009,-5.120861805505321,0 120.2553438357956,-5.121170713064584,0 120.2552060422973,-5.121479610565608,0 120.2550855187294,-5.121817484495298,0 120.2548716753334,-5.122288499446185,0 
					</coordinates>
				</LineString>
			</Placemark>
			<Placemark>
				<name>19. ASPAN TUGU SINJAI BERSATU - ASPAN PERTIGAAN MARBO</name>
				<visibility>0</visibility>
				<description>1.53 KMS AAAC 3x150mm Double Circuit OUT MARBO</description>
				<styleUrl>#inline0110</styleUrl>
				<LineString>
					<tessellate>1</tessellate>
					<coordinates>
						120.2548656564177,-5.122296333046758,0 120.254712143775,-5.122646672764009,0 120.2545306415181,-5.123090998239814,0 120.2543419246657,-5.123483373527145,0 120.2543371905506,-5.123505151361625,0 120.2540421947804,-5.123868597203658,0 120.253846966666,-5.124209566564653,0 120.2538257331529,-5.124262504586858,0 120.2536663122101,-5.124611352609651,0 120.2536337557583,-5.124689403818815,0 120.2534638801884,-5.125107737913894,0 120.2534487279085,-5.125111825796608,0 120.2530170923206,-5.126068743024257,0 120.2529914636104,-5.126140465406395,0 120.2527417518547,-5.126723525067427,0 120.2527344495394,-5.126735898272536,0 120.2525902160081,-5.127096002091238,0 120.2524253026921,-5.127603482969529,0 120.2522475333214,-5.128065522945151,0 120.2520647065533,-5.128387325600392,0 120.2520640638609,-5.128397578662311,0 120.2519804389023,-5.128885188592174,0 120.2517034853774,-5.129497609585445,0 120.2514632906627,-5.130002019798551,0 120.2512823183389,-5.130422403186284,0 120.2511244381381,-5.130760880678219,0 120.2509883281102,-5.131113958495585,0 120.250991594191,-5.131142790379196,0 120.2507850790125,-5.13155388402607,0 120.250594352684,-5.132020834423918,0 120.2504124491279,-5.132399025051596,0 120.250257185879,-5.13278154223187,0 120.2502351594435,-5.132788740910615,0 120.2500514944691,-5.133223532953344,0 120.2498506913784,-5.13374284319652,0 120.2497348604797,-5.13405602612599,0 120.2495782529984,-5.134527989749545,0 120.2494351419092,-5.134973621991132,0 
					</coordinates>
				</LineString>
			</Placemark>
			<Placemark>
				<name>26. ASPAN TUGU SINJAI BERSATU - DS BALANGNIPA DI GH SINJAI</name>
				<visibility>0</visibility>
				<description>0.55 KMS AAAC 3x150mm Double Circuit LAPPA &amp; MARBO</description>
				<styleUrl>#inline0110</styleUrl>
				<LineString>
					<tessellate>1</tessellate>
					<coordinates>
						120.2548658908711,-5.122295845455978,0 120.254592723537,-5.121927701920657,0 120.2543324862696,-5.121905664055451,0 120.2539675220312,-5.121799268056407,0 120.2535599212273,-5.121699940948723,0 120.2531272206672,-5.121583582252884,0 120.2528864338551,-5.121506001901662,0 120.2525189714071,-5.121366905453737,0 120.2525076004533,-5.121363421458033,0 120.2521113049168,-5.121260297557125,0 120.251732749773,-5.121149096435071,0 120.2517307047104,-5.121148319363391,0 120.2514778822169,-5.121167612939292,0 120.2509768887628,-5.121065870792783,0 120.2504452807491,-5.121008972550848,0 
					</coordinates>
				</LineString>
			</Placemark>
			<Placemark>
				<name>26. ASPAN TUGU SINJAI BERSATU - DS BALANGNIPA DI GH SINJAI / KE TRAFO BS07065</name>
				<visibility>0</visibility>
				<description>0.013</description>
				<styleUrl>#inline0110</styleUrl>
				<LineString>
					<tessellate>1</tessellate>
					<coordinates>
						120.2543275940369,-5.121906395234956,0 120.2543543491264,-5.121789393216756,0 
					</coordinates>
				</LineString>
			</Placemark>
			<Placemark>
				<name>27. DS BALANGNIPA - PMT BALANGNIPA (NO)</name>
				<visibility>0</visibility>
				<description>0.08 KMS XLPE 240</description>
				<styleUrl>#inline0110</styleUrl>
				<LineString>
					<tessellate>1</tessellate>
					<coordinates>
						120.2504464653392,-5.121006288367902,0 120.2504371739653,-5.121075185777367,0 120.2503397946955,-5.121056874121957,0 120.2503309165579,-5.121105558500654,0 
					</coordinates>
				</LineString>
			</Placemark>
			<Placemark>
				<name>28. TRAFO GH SINJAI - ASPAN PERTIGAAN KTR BUPATI</name>
				<visibility>0</visibility>
				<description>1.84 KMS AAAC 3x150mm</description>
				<styleUrl>#inline0110</styleUrl>
				<LineString>
					<tessellate>1</tessellate>
					<coordinates>
						120.2504474310262,-5.121006425552241,0 120.2502024676924,-5.120833671532541,0 120.2499240826391,-5.120812618198055,0 120.2495058696339,-5.120724072267729,0 120.2491764979025,-5.120609074097712,0 120.2491894024634,-5.120565400904236,0 120.2487440470473,-5.120441611236759,0 120.248300181311,-5.120432681379209,0 120.2479284255626,-5.120338260501248,0 120.2473800750571,-5.120204996391411,0 120.2468380914713,-5.120103971699751,0 120.246550288605,-5.120026550664374,0 120.2460812556907,-5.119926782071081,0 120.2456149866416,-5.119811607985941,0 120.2452025285045,-5.119727375574122,0 120.2448105396443,-5.119650429402642,0 120.2444013456913,-5.119705229745056,0 120.2438767343987,-5.119802652680985,0 120.2434521098129,-5.120008097371298,0 120.2434078180188,-5.120296419135971,0 120.2432364547967,-5.120801478759656,0 120.2430355938036,-5.121271010509155,0 120.242686081212,-5.121175147271553,0 120.2424187504998,-5.120995563258633,0 120.2420197635905,-5.120726717889755,0 120.2415485409454,-5.12034993957189,0 120.2413229477051,-5.120113006304068,0 120.2404988806385,-5.120296252317866,0 120.2402360429931,-5.120515728229944,0 120.2399263187727,-5.120819906990516,0 120.2392569921519,-5.121225574655396,0 120.2387025108761,-5.121318567358617,0 120.238252991244,-5.121327117767642,0 120.2377386285386,-5.121572313904207,0 120.2371583290309,-5.121361304603828,0 120.2367641316954,-5.121112829431985,0 
					</coordinates>
				</LineString>
			</Placemark>
			<Placemark>
				<name>29. ASPAN PERTIGAAN KTR BUPATI - KTR INSPEKTORAT (UJUNG)</name>
				<visibility>0</visibility>
				<description>0.85 AAACS 3x150mm</description>
				<styleUrl>#inline0110</styleUrl>
				<LineString>
					<tessellate>1</tessellate>
					<coordinates>
						120.2367636973533,-5.121111990804569,0 120.2368971663965,-5.120616637743341,0 120.2368500226004,-5.120218253337232,0 120.2367979179459,-5.119825323786342,0 120.2366841898771,-5.119366218467549,0 120.236529895112,-5.11896597433798,0 120.2362972250985,-5.118582106432286,0 120.2359343420719,-5.118316080114974,0 120.2356763555838,-5.118060353824527,0 120.2352770527289,-5.117986229971594,0 120.2352301420316,-5.117967193701523,0 120.2347203288551,-5.117890121232187,0 120.2343710340032,-5.117659988271266,0 120.2339803094611,-5.117412961063689,0 120.2335806578439,-5.117174224539933,0 120.2331771586572,-5.117055924045065,0 120.2327645848597,-5.117245075925011,0 120.2323287997438,-5.117471648525728,0 120.2322789583846,-5.117501202170816,0 120.2318724067942,-5.11766440648862,0 
					</coordinates>
				</LineString>
			</Placemark>
			<Placemark>
				<name>30. ASPAN PERTIGAAN KANTOR BUPATI - KTR DPRD (UJUNG)</name>
				<visibility>0</visibility>
				<description>0.13 KMS AAAC 3x150mm</description>
				<styleUrl>#inline0110</styleUrl>
				<LineString>
					<tessellate>1</tessellate>
					<coordinates>
						120.2367650098679,-5.121113062044005,0 120.2367316367859,-5.121166448124183,0 120.2366023806452,-5.121580715867149,0 120.2365545548259,-5.12185051849188,0 120.2364696140035,-5.122131811111336,0 
					</coordinates>
				</LineString>
			</Placemark>
			<Placemark>
				<name>10.ASPAN PERTIGAAN HALIM PERDANA KUSUMA - TRAFO DEPAN BTN LAPPA MAS</name>
				<visibility>0</visibility>
				<description>1.16 AAAC 3x70mm</description>
				<styleUrl>#inline014</styleUrl>
				<LineString>
					<tessellate>1</tessellate>
					<coordinates>
						120.2658824668565,-5.114421229078276,0 120.2663142217615,-5.114438763537024,0 120.2667573337826,-5.114454733257559,0 120.2671759933731,-5.114477231819301,0 120.267575067246,-5.114469684683361,0 120.2680389686181,-5.114474663609014,0 120.2684484870273,-5.114511116516668,0 120.2689227686497,-5.114516143955878,0 120.2694369149924,-5.114550045116093,0 120.2699232457411,-5.114527560246248,0 120.2703081206412,-5.114569556631348,0 120.2707445840753,-5.114572590934597,0 120.2712457671951,-5.114588068298478,0 120.2716741229359,-5.114590382380707,0 120.2723009257754,-5.114615880805541,0 120.2727653937972,-5.114618494689172,0 120.2733008246469,-5.114641526320428,0 120.273770572949,-5.114674847423013,0 120.2741483245236,-5.114675061699549,0 120.2745649846198,-5.114675338682209,0 120.2749620261207,-5.11467209461139,0 120.2753661261553,-5.114692095230345,0 120.2757920212078,-5.114665429766537,0 
					</coordinates>
				</LineString>
			</Placemark>
			<Placemark>
				<name>14. BTN LAPPA MAS 1</name>
				<visibility>0</visibility>
				<description>0.56 AAACS 3x150mm</description>
				<styleUrl>#inline0110</styleUrl>
				<LineString>
					<tessellate>1</tessellate>
					<coordinates>
						120.2757910487322,-5.114665622449992,0 120.2757812611781,-5.114355461969775,0 120.2757992083352,-5.114001409387778,0 120.2757895737091,-5.113576510250438,0 120.2758286491636,-5.113106047662236,0 120.2758969551489,-5.11247800341907,0 120.2756230314105,-5.112422851730675,0 120.2750984405328,-5.112395484035973,0 120.2746456920719,-5.11234587546425,0 120.2746600269326,-5.112012558229984,0 120.2746949420914,-5.111655315347972,0 120.2746997905908,-5.111268674622723,0 120.274697338002,-5.110985254779894,0 
					</coordinates>
				</LineString>
			</Placemark>
			<Placemark>
				<name>11. TRAFO DEPAN BTN LAPPA MAS - PELABUHAN LAREA-REA</name>
				<visibility>0</visibility>
				<description>1.32 AAACS 3x70mm</description>
				<styleUrl>#inline0110</styleUrl>
				<LineString>
					<tessellate>1</tessellate>
					<coordinates>
						120.2757870814358,-5.114660050228374,0 120.2762131409465,-5.114717868171882,0 120.2766436853518,-5.114744256380857,0 120.2770595076259,-5.114752065732915,0 120.2773724970433,-5.114750834876022,0 120.2777796591347,-5.114730407979311,0 120.2781413394473,-5.114772776935901,0 120.2784650800679,-5.114772721372657,0 120.2788423281693,-5.114769611105775,0 120.2792804942194,-5.114769543258479,0 120.280138706798,-5.114789278739783,0 120.2805876477326,-5.114817019677393,0 120.2809897114521,-5.114801681535552,0 120.2813730789732,-5.114834964756708,0 120.2818952986362,-5.114859754386204,0 120.2822643483825,-5.114872412810291,0 120.2826380985555,-5.114858396507231,0 120.2831258702976,-5.114930092703997,0 120.2835984233608,-5.114963030173931,0 120.2840344491507,-5.114988202329469,0 120.2844792317091,-5.114991459156139,0 120.2849215823293,-5.115022800473475,0 120.2854090335407,-5.115027559915869,0 120.2860010790156,-5.115047878608091,0 120.2864080151873,-5.115110996587242,0 120.2868004550575,-5.115355120711352,0 120.2870884103159,-5.115395526861355,0 
					</coordinates>
				</LineString>
			</Placemark>
			<Placemark>
				<name>15. AMALY 555</name>
				<visibility>0</visibility>
				<description>0.18 AAACS 3x70mm</description>
				<styleUrl>#inline0111</styleUrl>
				<LineString>
					<tessellate>1</tessellate>
					<coordinates>
						120.2855490315978,-5.115032217927124,0 120.2852104976477,-5.114745918161084,0 120.2851100225187,-5.114492344920854,0 120.2853767321767,-5.114183282931186,0 120.2856448649202,-5.113925578912985,0 
					</coordinates>
				</LineString>
			</Placemark>
			<Placemark>
				<name>13.  BTN LAPPA MAS 5</name>
				<visibility>0</visibility>
				<description>0.17 AAACS 3x70mm</description>
				<styleUrl>#inline0110</styleUrl>
				<LineString>
					<tessellate>1</tessellate>
					<coordinates>
						120.2732961679328,-5.114644975067394,0 120.2730791535,-5.114925802162562,0 120.2730766072176,-5.115429197786648,0 120.2730334052144,-5.115970574934669,0 
					</coordinates>
				</LineString>
			</Placemark>
			<Placemark>
				<name>12.  BTN LAPPA MAS 3</name>
				<visibility>0</visibility>
				<description>0.18 AAACS 3x70mm</description>
				<styleUrl>#inline0110</styleUrl>
				<LineString>
					<tessellate>1</tessellate>
					<coordinates>
						120.2707381208691,-5.114573734435133,0 120.2705691418693,-5.114738285448052,0 120.2705017543877,-5.115009102569858,0 120.2704767203868,-5.115259091983633,0 120.2704258863161,-5.1155308458549,0 120.2703720904361,-5.1158444374793,0 120.2703178138863,-5.116114595174834,0 
					</coordinates>
				</LineString>
			</Placemark>
			<Placemark>
				<name>6. SECT LAPPA - BS07023</name>
				<visibility>0</visibility>
				<description>0.98 KMS AAAC 3x70mm</description>
				<styleUrl>#inline01</styleUrl>
				<LineString>
					<tessellate>1</tessellate>
					<coordinates>
						120.2637955665232,-5.116455228671636,0 120.2640788262646,-5.116356107977076,0 120.2643573262572,-5.116186058639935,0 120.2646349205809,-5.1160943988325,0 120.2648733368549,-5.11600851798299,0 120.2651604733047,-5.115836289462226,0 120.2655538978555,-5.115561507048934,0 120.2656632859557,-5.115368067577569,0 120.2657512479046,-5.115000772460374,0 120.2657926478416,-5.114843338528556,0 120.2658528648434,-5.114575326374124,0 120.2659390886039,-5.114172194796021,0 120.2660033678026,-5.113892734289991,0 120.2660634846043,-5.11363232335206,0 120.2661466759741,-5.113269226352875,0 120.2663044697269,-5.112782719855656,0 120.2663387274096,-5.112499764776506,0 120.2664364545664,-5.112185367120455,0 120.2665312217623,-5.111847056923759,0 120.2665844844882,-5.111565414203985,0 120.2666653891539,-5.111171843670093,0 120.2667419320621,-5.110901536065156,0 120.2668453903364,-5.110551158448658,0 120.2668971588131,-5.110245050207871,0 120.266940427735,-5.109845754070419,0 120.2670213168035,-5.109622091529032,0 120.2670977404558,-5.10934860566893,0 
					</coordinates>
				</LineString>
			</Placemark>
			<Placemark>
				<name>7. BS0723 - BS07028</name>
				<visibility>0</visibility>
				<description>0.81 KMS AAAC 3x70mm</description>
				<styleUrl>#inline012</styleUrl>
				<LineString>
					<tessellate>1</tessellate>
					<coordinates>
						120.2670192608688,-5.109634698581281,0 120.2671718023828,-5.109552306050145,0 120.2675754955835,-5.109657141736339,0 120.2678730916907,-5.109724707035777,0 120.2684774011748,-5.10987544760104,0 120.2688677967429,-5.109981271559864,0 120.2692493091701,-5.110123430858102,0 120.2694110416892,-5.109706422356425,0 120.2695637343258,-5.109338098368713,0 120.2697724168296,-5.108745666424647,0 120.2699036589436,-5.108477093148253,0 120.2700877859606,-5.108052790950353,0 120.2702909657261,-5.107579913584367,0 120.2707208339657,-5.107759883659542,0 120.2711057285046,-5.107945557830809,0 120.2713009356738,-5.108032912147796,0 120.2719368826207,-5.108270722516384,0 120.2724882833251,-5.108503155751098,0 
					</coordinates>
				</LineString>
			</Placemark>
			<Placemark>
				<name>8. BS07028 - UJUNG TM</name>
				<visibility>0</visibility>
				<description>0.6 AAAC 2x35mm</description>
				<styleUrl>#inline013</styleUrl>
				<LineString>
					<tessellate>1</tessellate>
					<coordinates>
						120.272483261825,-5.108502416671989,0 120.2728672079321,-5.108676446904916,0 120.2731484495872,-5.108796212405285,0 120.2735704860038,-5.108949481490488,0 120.2739897656638,-5.109142829184239,0 120.2743317028153,-5.109265286233797,0 120.2746315838269,-5.109362751204345,0 120.2749699063054,-5.10950066333314,0 120.2752044046661,-5.109047295930441,0 120.2754065389263,-5.109124088872563,0 120.2757927303305,-5.109245348638149,0 120.2761338163545,-5.109329486213579,0 120.2765107754845,-5.109435577008797,0 120.2767967921386,-5.109509018399071,0 120.2772074318262,-5.109601804208094,0 
					</coordinates>
				</LineString>
			</Placemark>
			<Placemark>
				<name>9. ASPAN PERTIGAAN JL. CUMI&quot; - TRAFO UJUNG</name>
				<visibility>0</visibility>
				<description>0.34 AAACS 3x70mm</description>
				<styleUrl>#inline0110</styleUrl>
				<LineString>
					<tessellate>1</tessellate>
					<coordinates>
						120.2663432086873,-5.112502359219969,0 120.2667949077229,-5.11260612304479,0 120.2671108388338,-5.11281093548962,0 120.2675414724253,-5.113007448859115,0 120.2680192477199,-5.113171411013759,0 120.2682535791492,-5.113233560389575,0 120.2684039484639,-5.113043646773636,0 120.2684657481467,-5.112844539131971,0 120.2684380064516,-5.112808931942336,0 120.2681126868405,-5.112662629071644,0 
					</coordinates>
				</LineString>
			</Placemark>
			<Placemark>
				<name>9. ASPAN PERTIGAAN JL. CUMI&quot; - BTN</name>
				<visibility>0</visibility>
				<description>0.04KMS AAACS 3x70mm</description>
				<styleUrl>#inline0110</styleUrl>
				<LineString>
					<tessellate>1</tessellate>
					<coordinates>
						120.2671127344376,-5.112812244203423,0 120.2671014454998,-5.11300206141493,0 120.2670593216513,-5.113188663397232,0 
					</coordinates>
				</LineString>
			</Placemark>
			<Placemark>
				<name>17. LINE LAPPA ARAH SECT TUI</name>
				<visibility>0</visibility>
				<description>2.11 KMS AAACS 3x150mm</description>
				<styleUrl>#inline0110</styleUrl>
				<LineString>
					<tessellate>1</tessellate>
					<coordinates>
						120.260267632953,-5.118979982463372,0 120.2601494559426,-5.119375558525938,0 120.2600097942464,-5.119740378667872,0 120.259827150075,-5.120347600614503,0 120.259675128821,-5.120950420178716,0 120.2594577931422,-5.121482601568329,0 120.2592990125364,-5.121979474492995,0 120.2591428445281,-5.12247678013006,0 120.2589867525276,-5.122875231108398,0 120.2588172806612,-5.123351884861876,0 120.2587405550692,-5.123663993796181,0 120.258591985679,-5.124088480848175,0 120.2584242969567,-5.124550582809501,0 120.2582715670128,-5.12503135425565,0 120.2581237963522,-5.125463421514537,0 120.257993908518,-5.125883424345611,0 120.25783475187,-5.126311125501908,0 120.2577639167052,-5.126730898147137,0 120.2574219183915,-5.127722720725781,0 120.2572218959221,-5.128244062919663,0 120.2570511030439,-5.128623899308706,0 120.2568853334978,-5.129195133871807,0 120.256959717647,-5.129587325554367,0 120.2570875558213,-5.130106461559215,0 120.2572576540107,-5.130591472881999,0 120.2573578251933,-5.130996384572451,0 120.2575222613342,-5.131381505942039,0 120.2576817926188,-5.131875812211253,0 120.2578475700182,-5.13233570194739,0 120.2580207246654,-5.132823619218839,0 120.2582193400045,-5.13341648994915,0 120.2583866779915,-5.133930871813942,0 120.2585717068238,-5.134377298751752,0 120.2587130223747,-5.134839163020824,0 120.2588483907313,-5.135272696897419,0 120.2590265333016,-5.135786271877263,0 120.2592066664388,-5.13626144794837,0 
					</coordinates>
				</LineString>
			</Placemark>
			<Placemark>
				<name>4. ASPAN POROS -  BTN TANGKA MAS</name>
				<visibility>0</visibility>
				<description>0.63 KMS AAACS 3x70mm</description>
				<styleUrl>#inline0110</styleUrl>
				<LineString>
					<tessellate>1</tessellate>
					<coordinates>
						120.25697603516,-5.113989386776717,0 120.257127265315,-5.113526141743617,0 120.2570814572623,-5.113185292975928,0 120.2570339072618,-5.112847020746118,0 120.2569789514392,-5.112517751855035,0 120.2569147849193,-5.112141793570037,0 120.2568547022776,-5.111778632197142,0 120.256758880395,-5.111443135335501,0 120.2566680414807,-5.111090182073625,0 120.2566059609115,-5.110772113303717,0 120.2565240818004,-5.110381190229234,0 120.2564444605566,-5.110080888170217,0 120.2563958021756,-5.10974259767939,0 120.2562980277391,-5.109422175136316,0 120.2561790361242,-5.109048816913815,0 120.2558686530336,-5.108977277829145,0 
					</coordinates>
				</LineString>
			</Placemark>
			<Placemark>
				<name>3. ASPAN PATUNG KUDA</name>
				<visibility>0</visibility>
				<description>2.3 AAAC 3x150mm
DOUBLE CIRCUIT LAPPA &amp; LITHA</description>
				<styleUrl>#inline0110</styleUrl>
				<LineString>
					<tessellate>1</tessellate>
					<coordinates>
						120.2450841697222,-5.094263453834084,0 120.2453600686526,-5.094507968369457,0 120.2456086002069,-5.094831552830069,0 120.2459416828587,-5.095106957041319,0 120.2462651006112,-5.095417380898006,0 120.2465616473601,-5.095527895273738,0 120.2468677813369,-5.095790241943372,0 120.2471299229766,-5.095988618950773,0 120.24750916245,-5.096238219237507,0 120.2480425130621,-5.096283536725436,0 120.2484104848468,-5.096297801678186,0 120.2487731329169,-5.096294780987872,0 120.2494158135916,-5.096778226810899,0 120.2497125773873,-5.096833985451967,0 120.2500575816737,-5.097244917364224,0 120.2503689332171,-5.097542658929022,0 120.2506325323698,-5.097918031637343,0 120.2508191405106,-5.09826942537785,0 120.2508956099183,-5.098670335066598,0 120.251009108709,-5.099078630981665,0 120.251171384125,-5.099371704448124,0 120.2512708976227,-5.099813276983548,0 120.2514392345553,-5.100200785236662,0 120.2515380744019,-5.101131323817132,0 120.2515953574783,-5.10184878142626,0 120.2516463358442,-5.102169354380811,0 120.2516297052271,-5.102573515506546,0 120.2515786731142,-5.102895654221474,0 120.2516495673437,-5.103438493114297,0 120.2516977281856,-5.103923985972307,0 120.2517626800474,-5.104661384437717,0 120.251766410598,-5.105073433700118,0 120.251849061387,-5.106064730306715,0 120.2519058617986,-5.106861738848641,0 120.2519704483247,-5.107211294123453,0 120.2518751295507,-5.107527989610764,0 120.2520419829292,-5.108229308079893,0 120.2520238418353,-5.108661590026978,0 120.2520313002473,-5.109008206663239,0 120.2520898653852,-5.109265107027038,0 120.2521474272321,-5.109611113303648,0 
					</coordinates>
				</LineString>
			</Placemark>
			<Placemark>
				<name>3. LBSM SUNGAI TANGKA</name>
				<visibility>0</visibility>
				<description>1 KMS AAAC 3x150mm</description>
				<styleUrl>#inline0110</styleUrl>
				<LineString>
					<tessellate>1</tessellate>
					<coordinates>
						120.2521495230855,-5.109607528447843,0 120.2522647322874,-5.109881893375267,0 120.2525955894661,-5.110172026305868,0 120.2528977336625,-5.110412864997688,0 120.253189779015,-5.110668148402905,0 120.2535702415994,-5.111115567929295,0 120.2536545439418,-5.111284747434378,0 120.2541931756003,-5.111475114743595,0 120.254469139608,-5.111638985661998,0 120.2545991579508,-5.111684501782977,0 120.2549513607971,-5.111779467397251,0 120.2552696162627,-5.111876447696649,0 120.2555539149471,-5.112107723594761,0 120.2559385802543,-5.112526473744045,0 120.2560576053019,-5.11272232182889,0 120.2562646335995,-5.112955839270833,0 120.2565324934388,-5.113289226109901,0 120.2567767834291,-5.113600289621797,0 120.2569770643623,-5.113985433978856,0 120.2571369161964,-5.114150979327501,0 120.2574536466442,-5.114530721273326,0 120.2575414303499,-5.114609297108244,0 120.257755349734,-5.114857540702359,0 120.2581352440898,-5.115116814308881,0 120.2583294605521,-5.115388999945347,0 120.2586380074533,-5.115580154891345,0 120.2590177058018,-5.11571388529597,0 
					</coordinates>
				</LineString>
			</Placemark>
			<Placemark>
				<name>4. FCO BENTENG - UJUNG TM</name>
				<visibility>0</visibility>
				<description>2.07 KMS 3x35mm</description>
				<styleUrl>#inline0110</styleUrl>
				<LineString>
					<tessellate>1</tessellate>
					<coordinates>
						120.2508952602255,-5.098666793011225,0 120.2512433703245,-5.098333731048168,0 120.2515808152328,-5.098056999380438,0 120.2518497889076,-5.097707923015213,0 120.2522288292453,-5.097776176711032,0 120.252369929115,-5.098185331364411,0 120.2526797824639,-5.098630436911961,0 120.2528816450129,-5.098994822756428,0 120.25313750568,-5.099320338102704,0 120.2534458798599,-5.099795533647477,0 120.2536993947191,-5.100110562188332,0 120.2540054173786,-5.100451328425017,0 120.2542297833484,-5.100728145733624,0 120.2545370735689,-5.101007560548933,0 120.2548343901127,-5.101348359602269,0 120.2550963388183,-5.101631069349588,0 120.2554368133465,-5.101901743054357,0 120.2557532513945,-5.10236044862449,0 120.2561167138358,-5.102761444463852,0 120.2563731798529,-5.103091445545012,0 120.2565660785044,-5.103327499092214,0 120.2569308649089,-5.103619898007861,0 120.2572400541613,-5.103859409789523,0 120.2575100624676,-5.104123930247077,0 120.2578211355027,-5.104382405641522,0 120.2581527624921,-5.104646778117917,0 120.258780819972,-5.105131777097649,0 120.2594240181918,-5.105638279264014,0 120.2597449974046,-5.105899013391359,0 120.2600661484056,-5.106143126826868,0 120.2603841477291,-5.106393410409152,0 120.2607117893455,-5.10667010609689,0 120.2610191888946,-5.106901124310093,0 120.2613619033278,-5.107147834060814,0 120.2619460513098,-5.107056191048516,0 120.2621776133999,-5.106666270661239,0 120.2623200644942,-5.106280651585433,0 120.2624439558756,-5.105924774837232,0 120.2625506484489,-5.105426751098312,0 120.2626068081645,-5.104966312825601,0 
					</coordinates>
				</LineString>
			</Placemark>
			<Placemark>
				<name>PMT - DS LAPPA</name>
				<visibility>0</visibility>
				<description>KABEL TANAH 240mm</description>
				<styleUrl>#inline0110</styleUrl>
				<LineString>
					<tessellate>1</tessellate>
					<coordinates>
						120.2390393778852,-5.093835639873428,0 120.2391273635942,-5.093843213596976,0 120.2391325297147,-5.093642793208899,0 120.2392447012445,-5.093653981834454,0 120.2392924816122,-5.093478981274828,0 
					</coordinates>
				</LineString>
			</Placemark>
			<Placemark>
				<name>5. SECT SUNGAI TANGKA - SECT LAPPA</name>
				<visibility>0</visibility>
				<description>0.63 KMS AAAC 3x150mm</description>
				<styleUrl>#inline0110</styleUrl>
				<LineString>
					<tessellate>1</tessellate>
					<coordinates>
						120.2590138435253,-5.115720394267969,0 120.2592832636078,-5.115968200470006,0 120.2595483660139,-5.116041617937043,0 120.2601600045446,-5.11640098089874,0 120.2604475251109,-5.116486011404547,0 120.2609391228413,-5.116629125147823,0 120.2612207282314,-5.116728211515799,0 120.2615666052004,-5.11671728257683,0 120.2618397886046,-5.11676497551029,0 120.2624108823541,-5.116858844322003,0 120.2626404968319,-5.116673793962424,0 120.2628153221607,-5.116638793372205,0 120.2630373648197,-5.116601124070619,0 120.2633640890111,-5.116573545844008,0 120.2637887317594,-5.116459762482612,0 
					</coordinates>
				</LineString>
			</Placemark>
			<Placemark>
				<name>16. SECT LAPPA - SECT PRAMUKA</name>
				<visibility>0</visibility>
				<description>0.83 KMS AAA3C 3x150mm</description>
				<styleUrl>#inline0110</styleUrl>
				<LineString>
					<tessellate>1</tessellate>
					<coordinates>
						120.2624117865099,-5.116859266046244,0 120.2623868505479,-5.116889997159956,0 120.2621973505685,-5.117157848731705,0 120.2620022733765,-5.117485154283544,0 120.2618444477781,-5.117710931062616,0 120.2616143717621,-5.118019457784878,0 120.2614799400788,-5.118235091922455,0 120.261351592225,-5.118499487355558,0 120.2612524844991,-5.118829717804148,0 120.2611796150992,-5.119072022080143,0 120.2608953518654,-5.119037365628993,0 120.2605854527749,-5.119002776103981,0 120.260263152179,-5.118975879140303,0 120.2599041056028,-5.118880819216524,0 120.2595652249842,-5.118803270006224,0 120.2592401640292,-5.118706904874076,0 120.2588893768115,-5.118647479370591,0 120.258555215132,-5.118582403401425,0 120.2581951077643,-5.118522007798776,0 120.2578696323882,-5.118435465712969,0 120.2575449649928,-5.118348062536482,0 120.2572908563448,-5.118283291776224,0 120.257206308734,-5.118273542725007,0 120.2568996224156,-5.118216234543663,0 120.2566460130411,-5.118210225988687,0 
					</coordinates>
				</LineString>
			</Placemark>
			<Placemark>
				<name>32. ASPAN KOLAM RENANG - UJUNG</name>
				<visibility>0</visibility>
				<description>0.50 AAAC 3x70mm</description>
				<styleUrl>#inline0110</styleUrl>
				<LineString>
					<tessellate>1</tessellate>
					<coordinates>
						120.2491743966215,-5.120611587668787,0 120.2490951174796,-5.120765934787463,0 120.2490686073592,-5.121134899184057,0 120.2488986207571,-5.121725100402995,0 120.2488163072195,-5.122105214541382,0 120.2487066401306,-5.122505737934377,0 120.248611438192,-5.122952193967755,0 120.2485125352048,-5.123327186521575,0 120.2484242407652,-5.123693662684031,0 120.2483451389764,-5.124055761766786,0 120.2483401788098,-5.124064423101776,0 120.2482751980432,-5.12442020378001,0 120.2482117821426,-5.124768594016134,0 120.2481759135243,-5.124736443641028,0 
					</coordinates>
				</LineString>
			</Placemark>
			<Placemark>
				<name>20. ASPAN PERTIGAAN MARBO - SECT BIRINGERE</name>
				<visibility>0</visibility>
				<description>0.11 kms AAAC 3x150 mm</description>
				<styleUrl>#inline0110</styleUrl>
				<LineString>
					<tessellate>1</tessellate>
					<coordinates>
						120.2494307820582,-5.134982810404987,0 120.249259748489,-5.135359108098394,0 120.2490066733719,-5.135657719518185,0 
					</coordinates>
				</LineString>
			</Placemark>
			<Placemark>
				<name>Untitled Path</name>
				<visibility>0</visibility>
				<styleUrl>#inline010</styleUrl>
				<LineString>
					<tessellate>1</tessellate>
					<coordinates>
						120.2719039902901,-5.108395450289846,0 120.2719048818157,-5.10839183473372,0 120.271906521625,-5.10838788615358,0 120.2719419920428,-5.108272854245827,0 
					</coordinates>
				</LineString>
			</Placemark>
			<Placemark>
				<name>pintu larearea-jembatan galau</name>
				<visibility>0</visibility>
				<description>AAAC-S 70mm 0,33 kms</description>
				<styleUrl>#inline017</styleUrl>
				<LineString>
					<tessellate>1</tessellate>
					<coordinates>
						120.2826360940918,-5.114859776201111,0 120.2827509663533,-5.114451722007738,0 120.2828509740636,-5.11396636035083,0 120.2828945955311,-5.113719481599722,0 120.2827462201262,-5.113264216411898,0 120.2827130385955,-5.112901497845424,0 120.2827879954,-5.112630611744274,0 120.2829795210367,-5.112400662052602,0 120.283289753297,-5.112212145945993,0 
					</coordinates>
				</LineString>
			</Placemark>
			<Placemark>
				<name>Masjid Nur-poros persatuan raya</name>
				<visibility>0</visibility>
				<description>0,22 kms AAAC-S 70 mm</description>
				<styleUrl>#inline015</styleUrl>
				<LineString>
					<tessellate>1</tessellate>
					<coordinates>
						120.2590725685145,-5.117894093788673,0 120.2584841575684,-5.117681926052899,0 120.2580537340856,-5.117516958844949,0 120.2577496545145,-5.11741146139625,0 120.2572061327686,-5.117216187384033,0 
					</coordinates>
				</LineString>
			</Placemark>
			<Placemark>
				<name>SDN 5 - Cappa Ujung</name>
				<visibility>0</visibility>
				<description>0,5 kms AAAC-S 70 mm</description>
				<styleUrl>#inline016</styleUrl>
				<LineString>
					<tessellate>1</tessellate>
					<coordinates>
						120.2670915075902,-5.109353609743203,0 120.2672559180002,-5.108623426635305,0 120.2673232010196,-5.108246673002721,0 120.2675382349947,-5.107479419782012,0 120.267628014058,-5.107150189283956,0 120.2676704155307,-5.106614193075814,0 120.2677660696926,-5.105925987197073,0 120.2678330855105,-5.105200626705339,0 
					</coordinates>
				</LineString>
			</Placemark>
		</Folder>
		<Folder>
			<name>P_LITHA (MERAH)</name>
			<visibility>0</visibility>
			<open>1</open>
			<Folder>
				<name>P. LITHA GI-GH</name>
				<visibility>0</visibility>
				<Placemark>
					<name>SKTM INC LITHA GH SINJAI</name>
					<visibility>0</visibility>
					<styleUrl>#stylemap_id11000</styleUrl>
					<LineString>
						<tessellate>1</tessellate>
						<coordinates>
							120.2501654880783,-5.120954099083004,0 120.2501347118141,-5.121067733910148,0 120.2503269311542,-5.121117080741907,0 
						</coordinates>
					</LineString>
				</Placemark>
				<Placemark>
					<name>SUTM LITHA</name>
					<visibility>0</visibility>
					<description>4.48 kms AAAC 3x150mm sebagian Double Circuit Lappa</description>
					<styleUrl>#stylemap_id110000</styleUrl>
					<ExtendedData>
						<SchemaData schemaUrl="#Data_Jaringan_UP3_Bulukumba3">
							<SimpleData name="KODE_HANTA">SEGMEN TG.LITHA.00001-TG.LITHA.00166</SimpleData>
							<SimpleData name="begin">TG.LITHA.00001</SimpleData>
							<SimpleData name="end">TG.LITHA.00166</SimpleData>
							<SimpleData name="P_EAM">LITHA</SimpleData>
							<SimpleData name="NAMA P.JAR">P. LITHA</SimpleData>
							<SimpleData name="J_DIST">P_LITHA</SimpleData>
							<SimpleData name="LENGTH">4267.92</SimpleData>
							<SimpleData name="P_UP2D">P_LITHA</SimpleData>
							<SimpleData name="LOCATION">ULP.32760</SimpleData>
							<SimpleData name="PANJANG">8.30</SimpleData>
							<SimpleData name="SIZE">3x150</SimpleData>
							<SimpleData name="JENIS">AAAC</SimpleData>
							<SimpleData name="FASA">3</SimpleData>
							<SimpleData name="NO_ASSET">4691839</SimpleData>
							<SimpleData name="KEYPOINT">P_LITHA</SimpleData>
						</SchemaData>
					</ExtendedData>
					<MultiGeometry>
						<LineString>
							<coordinates>
								120.2393077306609,-5.093470282967957,0 120.239804343415,-5.09350823513403,0 120.240226050322,-5.09363329213175,0 120.240641850235,-5.09377498295851,0 120.241025767191,-5.09392164454703,0 120.241475871486,-5.093964408473,0 120.241865847763,-5.09407275366873,0 120.242356359567,-5.09391795899723,0 120.24276210045,-5.09381829158466,0 120.243252235683,-5.09391402359007,0 120.243530041488,-5.09400824419792,0 120.243993541516,-5.09406327280495,0 120.244423284115,-5.09410702534939,0 120.244724814877,-5.09413394199528,0 120.245133443345,-5.09430056059928,0 120.245416321682,-5.09454539012331,0 120.245714040208,-5.0947991470657,0 120.246015406179,-5.09505664062477,0 120.246332322768,-5.09531533448106,0 120.246530037007,-5.09547420252888,0 120.246879973096,-5.09574844423594,0 120.246894196426,-5.09575898093355,0 120.247167429881,-5.09597993971045,0 120.247524818024,-5.09625354806122,0 120.247983757443,-5.09629854086435,0 120.24839857936,-5.0963161726731,0 120.248767415028,-5.09636766075048,0 120.249079062593,-5.0965302396925,0 120.24938028025,-5.09676728514268,0 120.249646914485,-5.09698071829692,0 120.250047144564,-5.0972640271167,0 120.250392570035,-5.09752794471995,0 120.250584670994,-5.09787345877052,0 120.250596785346,-5.09789455453775,0 120.25071862845,-5.09823670183874,0 120.250878023326,-5.09863381579562,0 120.251008597321,-5.09902778457558,0 120.251138491342,-5.0993801813451,0 120.25129076386,-5.09976820419656,0 120.251425394356,-5.100201625253,0 120.251447292113,-5.10066776242069,0 120.251483741323,-5.10110399856043,0 120.251507409387,-5.10146292065118,0 120.251515966579,-5.10162726028175,0 120.251534269735,-5.10190618156312,0 120.25155698625,-5.10225376352118,0 120.251573567727,-5.10260790984006,0 120.251605411924,-5.10301649578504,0 120.251643479048,-5.10344450422474,0 120.25165501204,-5.10364834560329,0 120.251680107692,-5.10400247879131,0 120.251701837722,-5.10435113071835,0 120.251729251933,-5.10470252435048,0 120.251755564782,-5.10508866919563,0 120.251777225409,-5.10545303002027,0 120.251797878714,-5.10585653851798,0 120.251820828029,-5.10615206035271,0 120.251848751197,-5.10653981857569,0 120.251880410886,-5.10689158698717,0 120.2518963235,-5.10732129058282,0 120.25190404297,-5.10760891848217,0 120.251923405554,-5.10795383821875,0 120.251952377076,-5.10831027236269,0 120.252014650227,-5.1089616196712,0 120.252135355652,-5.10965404946454,0 120.252015291895,-5.10994796721369,0 120.251946142261,-5.1102235367147,0 120.251800823437,-5.11063505041297,0 120.251600261589,-5.1111831461167,0 120.251049733563,-5.1112487498852,0 120.250511870959,-5.11133086388977,0 120.250050436539,-5.11136087969508,0 120.2498003922892,-5.11134188325395,0 120.2493451104529,-5.11119641118094,0 120.248992553209,-5.11112277797367,0 120.248975192057,-5.11112217580049,0 120.2485980153177,-5.111144675633542,0 120.2482716004325,-5.111146857871048,0 120.2478538133191,-5.111017919908441,0 120.2475489465648,-5.110933217148744,0 120.2469815299163,-5.110773292943086,0 120.246891425375,-5.1112058074357,0 120.2468386446651,-5.111549468191694,0 120.246777004425,-5.11196263597928,0 120.246964187274,-5.11242654010524,0 120.246922197227,-5.11292894213613,0 120.246780989051,-5.11324641533031,0 120.246597029272,-5.11366024574871,0 120.246485326403,-5.11406243946382,0 120.246280350334,-5.11477460389288,0 120.246217294548,-5.11512557346339,0 120.246276500839,-5.11569896325687,0 120.246548603749,-5.11595035388518,0 120.24689640337,-5.11623476615478,0 120.247221788531,-5.11650329847321,0 120.247226845891,-5.11650802177749,0 120.247576089623,-5.11681483902268,0 120.247476207737,-5.11739004723303,0 
							</coordinates>
						</LineString>
					</MultiGeometry>
				</Placemark>
				<Placemark>
					<name>SKTM LITHA</name>
					<visibility>0</visibility>
					<description>XLPE 240mm</description>
					<styleUrl>#stylemap_id11000</styleUrl>
					<LineString>
						<tessellate>1</tessellate>
						<coordinates>
							120.2390790690847,-5.093857621178499,0 120.2391368546233,-5.093863142256494,0 120.2391436197906,-5.093805664009794,0 120.2393357018464,-5.093822269274868,0 120.2393081422616,-5.093470492371769,0 
						</coordinates>
					</LineString>
				</Placemark>
				<Placemark>
					<name>SUTM LITHA</name>
					<visibility>0</visibility>
					<description>0.74 KMS AAAC 3x70mm</description>
					<styleUrl>#stylemap_id11000</styleUrl>
					<ExtendedData>
						<SchemaData schemaUrl="#Data_Jaringan_UP3_Bulukumba3">
							<SimpleData name="KODE_HANTA">SEGMEN TG.LITHA.00001-TG.LITHA.00166</SimpleData>
							<SimpleData name="begin">TG.LITHA.00001</SimpleData>
							<SimpleData name="end">TG.LITHA.00166</SimpleData>
							<SimpleData name="P_EAM">LITHA</SimpleData>
							<SimpleData name="NAMA P.JAR">P. LITHA</SimpleData>
							<SimpleData name="J_DIST">P_LITHA</SimpleData>
							<SimpleData name="LENGTH">687.62</SimpleData>
							<SimpleData name="P_UP2D">P_LITHA</SimpleData>
							<SimpleData name="LOCATION">ULP.32760</SimpleData>
							<SimpleData name="PANJANG">8.30</SimpleData>
							<SimpleData name="SIZE">3x150</SimpleData>
							<SimpleData name="JENIS">AAAC</SimpleData>
							<SimpleData name="FASA">3</SimpleData>
							<SimpleData name="NO_ASSET">4691839</SimpleData>
							<SimpleData name="KEYPOINT">P_LITHA</SimpleData>
						</SchemaData>
					</ExtendedData>
					<MultiGeometry>
						<LineString>
							<coordinates>
								120.247476207737,-5.11739004723303,0 120.24741333823,-5.11762091161076,0 120.247339833058,-5.11796237415112,0 120.247253435327,-5.11830384784563,0 120.247142054341,-5.11872268223777,0 120.247076258027,-5.11908078175782,0 120.246970246066,-5.11961295171026,0 120.246843522292,-5.12018445455443,0 120.247415011235,-5.12033832775014,0 120.247955982403,-5.12044892198851,0 120.248506929581,-5.1205829759296,0 120.249127390332,-5.1207082832023,0 120.249613046189,-5.12080013179152,0 120.250090493731,-5.12093174322212,0 120.250164821242,-5.12095593772296,0 120.250164821242,-5.12095593772296,0 
							</coordinates>
						</LineString>
					</MultiGeometry>
				</Placemark>
				<Placemark>
					<name>ASPAN RUSUN - TRAFO RUSUN</name>
					<visibility>0</visibility>
					<description>0.05 kms AAACS 3x150mm</description>
					<styleUrl>#stylemap_id11000</styleUrl>
					<LineString>
						<tessellate>1</tessellate>
						<coordinates>
							120.2474780856256,-5.117392914652153,0 120.2472904204618,-5.117364315543083,0 120.2470872828805,-5.117338160578334,0 120.2470359709397,-5.117324862463039,0 
						</coordinates>
					</LineString>
				</Placemark>
			</Folder>
			<Folder>
				<name>OUT BIKERU</name>
				<visibility>0</visibility>
				<open>1</open>
				<Folder>
					<name>OUT-BIKERU</name>
					<visibility>0</visibility>
					<Placemark>
						<name>LINE OUT BIKERU / ASPAN DEPAN KTR SAMAENRE</name>
						<visibility>0</visibility>
						<description>0.34 AAAC 3x150mm Double Circuit JUTM Kembali ke Aspan depan KTR SAMAENRE</description>
						<styleUrl>#msn_ylw-pushpin470</styleUrl>
						<LineString>
							<tessellate>1</tessellate>
							<coordinates>
								120.1742390951411,-5.160380035719829,0 120.1739498019081,-5.160302943998478,0 120.1737579836498,-5.160244488216668,0 120.1735060903081,-5.160171285890093,0 120.1732723128318,-5.160105719078805,0 120.1735064014429,-5.160171558861594,0 120.1737585670486,-5.160247411899561,0 120.1739520009657,-5.160303951517834,0 120.1742387564871,-5.160380714563551,0 120.1732457672314,-5.160101624021403,0 120.1732378672764,-5.160100888500441,0 120.173246363832,-5.160101478187633,0 120.173272034852,-5.160105943890421,0 
							</coordinates>
						</LineString>
					</Placemark>
					<Placemark>
						<name>LINE OUT BIKERU / LBS SAMAENRE / ASPAN PERTIGAAN JEMBATAN TALLE - REC TALLE</name>
						<visibility>0</visibility>
						<description>0.16KMS AAAC 3x150mm</description>
						<styleUrl>#msn_ylw-pushpin470</styleUrl>
						<LineString>
							<tessellate>1</tessellate>
							<coordinates>
								120.1563451896576,-5.169752414453301,0 120.1562579420296,-5.170040466975075,0 120.1561454868186,-5.170880144707342,0 120.155873575628,-5.171075761043036,0 
							</coordinates>
						</LineString>
					</Placemark>
					<Placemark>
						<name>KABEL TANAH OUT BIKERU</name>
						<visibility>0</visibility>
						<description>XLPE 240</description>
						<styleUrl>#msn_ylw-pushpin470</styleUrl>
						<LineString>
							<tessellate>1</tessellate>
							<coordinates>
								120.2503301412512,-5.121112065609813,0 120.2504600448857,-5.12112959965018,0 120.2504743182008,-5.121017011137501,0 120.2513148723148,-5.121190018510003,0 120.251417389996,-5.121213473127587,0 
							</coordinates>
						</LineString>
					</Placemark>
					<Placemark>
						<name>LINE OUT BIKERU</name>
						<visibility>0</visibility>
						<description>0.58KMS AAAC 3x150mm</description>
						<styleUrl>#msn_ylw-pushpin470</styleUrl>
						<LineString>
							<tessellate>1</tessellate>
							<coordinates>
								120.2514193329708,-5.121211643678473,0 120.2514494046301,-5.121534806896448,0 120.2513170796122,-5.122055152718459,0 120.2512114803073,-5.122472966702248,0 120.2510401480751,-5.122992961750514,0 120.2509326779328,-5.123455352489336,0 120.2508118768373,-5.12391675120538,0 120.2507390359189,-5.124376625439254,0 120.2505928765673,-5.124841215641094,0 120.2504717387892,-5.125343779076519,0 120.2503680895972,-5.125708599045086,0 120.2502217763333,-5.126280271420484,0 
							</coordinates>
						</LineString>
					</Placemark>
					<Placemark>
						<name>LINE OUT BIKERU</name>
						<visibility>0</visibility>
						<description>0.20KMS AAAC 3x150mm</description>
						<styleUrl>#msn_ylw-pushpin470</styleUrl>
						<LineString>
							<tessellate>1</tessellate>
							<coordinates>
								120.2502223233677,-5.126278107163852,0 120.2502189958117,-5.126303046927466,0 120.2501396540471,-5.126514769500601,0 120.2500513552171,-5.126832659089157,0 120.249945028862,-5.127233590993938,0 120.2498478145283,-5.127638725412912,0 120.2497459579284,-5.128052824447457,0 
							</coordinates>
						</LineString>
					</Placemark>
					<Placemark>
						<name>LINE OUT BIKERU</name>
						<visibility>0</visibility>
						<description>0.17KMS AAACS 3x70mm</description>
						<styleUrl>#msn_ylw-pushpin470</styleUrl>
						<LineString>
							<tessellate>1</tessellate>
							<coordinates>
								120.2497442639688,-5.128052160924135,0 120.2495020780464,-5.128046902394703,0 120.2494659208293,-5.128060943584956,0 120.2492862162919,-5.128006556479907,0 120.2488550617652,-5.127854594238474,0 120.2484083093781,-5.12775342666286,0 120.2483298798434,-5.127892497868287,0 
							</coordinates>
						</LineString>
					</Placemark>
					<Placemark>
						<name>KABEL TANAH INC BIKERU PREMIUM RSUD</name>
						<visibility>0</visibility>
						<description>0.01KMS XLPE 240</description>
						<styleUrl>#msn_ylw-pushpin470</styleUrl>
						<LineString>
							<tessellate>1</tessellate>
							<coordinates>
								120.2483304546517,-5.127892661481458,0 120.2482926179313,-5.127954329003085,0 120.2483225788392,-5.127958213299177,0 
							</coordinates>
						</LineString>
					</Placemark>
					<Placemark>
						<name>LINE OUT BIKERU / ASPAN DEPAN RSUD</name>
						<visibility>0</visibility>
						<description>1KMS AAAC 3x150mm</description>
						<styleUrl>#msn_ylw-pushpin470</styleUrl>
						<LineString>
							<tessellate>1</tessellate>
							<coordinates>
								120.2497456174228,-5.128052488799685,0 120.2496342626891,-5.128632786531028,0 120.2494950289613,-5.129094644563098,0 120.2493783822475,-5.12957065176991,0 120.2492557351168,-5.130026092150562,0 120.2490975852414,-5.130612776345672,0 120.2490039712863,-5.131035981930385,0 120.2488606164294,-5.131556418350422,0 120.2487423390044,-5.132056741080763,0 120.2486023393087,-5.13259341061708,0 120.2484836146489,-5.133105230804843,0 120.2483692877639,-5.133599301957899,0 120.2482521697458,-5.134017457530661,0 120.2480312917304,-5.134491943515767,0 120.2478147022772,-5.134963337441565,0 120.2476151830264,-5.135369197527179,0 120.2473032336826,-5.136058340350185,0 120.2469549337462,-5.136686890351498,0 
							</coordinates>
						</LineString>
					</Placemark>
					<Placemark>
						<name>LINE OUT BIKERU / ASPAN UJUNG JENSUD</name>
						<visibility>0</visibility>
						<description>0.74KMS AAAC 3x150mm</description>
						<styleUrl>#msn_ylw-pushpin470</styleUrl>
						<LineString>
							<tessellate>1</tessellate>
							<coordinates>
								120.2469554333285,-5.136686718751831,0 120.2464614000894,-5.136580694494709,0 120.245896855404,-5.136554348873521,0 120.2453660458106,-5.136442798660826,0 120.2448758810451,-5.136477954947528,0 120.2445081667374,-5.13649368374189,0 120.2440894487756,-5.136480892043663,0 120.2435027069144,-5.136564297875634,0 120.2430976791513,-5.136717338945894,0 120.2427729593939,-5.136880919896743,0 120.2424981679863,-5.137088094884748,0 120.242363911509,-5.137394347500648,0 120.2424192486298,-5.137724101156621,0 120.2425520888669,-5.13809873647496,0 120.2425289370169,-5.138103525267069,0 120.2427283496328,-5.138499530428104,0 120.2426956131143,-5.138506335639976,0 120.2426850252698,-5.139022562959844,0 
							</coordinates>
						</LineString>
					</Placemark>
					<Placemark>
						<name>LINE OUT BIKERU / BTN MANGOTTONG</name>
						<visibility>0</visibility>
						<description>0.20 KMS AAAC 3x70mm</description>
						<styleUrl>#msn_ylw-pushpin470</styleUrl>
						<LineString>
							<tessellate>1</tessellate>
							<coordinates>
								120.2426852437479,-5.139022513246811,0 120.2426294156323,-5.139376160342595,0 120.242630960871,-5.139653078093694,0 120.2427215011061,-5.139885794313333,0 120.2427415086126,-5.139879153837655,0 120.2427238572005,-5.13998591206223,0 120.2429071990091,-5.140337935684419,0 120.2431027787324,-5.14064862480509,0 
							</coordinates>
						</LineString>
					</Placemark>
					<Placemark>
						<name>LINE OUT BIKERU / BTN MANGOTTONG</name>
						<visibility>0</visibility>
						<description>0.04KMS AAAC 3x70mm</description>
						<styleUrl>#msn_ylw-pushpin470</styleUrl>
						<LineString>
							<tessellate>1</tessellate>
							<coordinates>
								120.2427428672662,-5.13987801218473,0 120.2429601584869,-5.139821726319783,0 120.24312088104,-5.13976018109986,0 120.2431255849809,-5.139750524916992,0 
							</coordinates>
						</LineString>
					</Placemark>
					<Placemark>
						<name>LINE OUT BIKERU / PERCAB BTN MANGOTTONG - ASPAN BAKAE</name>
						<visibility>0</visibility>
						<description>0.52KMS AAAC 3x150mm</description>
						<styleUrl>#msn_ylw-pushpin470</styleUrl>
						<LineString>
							<tessellate>1</tessellate>
							<coordinates>
								120.2426852940862,-5.139022590155893,0 120.24252497765,-5.139091264163328,0 120.2422714895477,-5.139127039403582,0 120.2418999771464,-5.139123915865049,0 120.2415985739323,-5.139423146357789,0 120.2417888223326,-5.139704613631757,0 120.2419963698629,-5.14012337975147,0 120.2420475679491,-5.140587260244605,0 120.2421014063331,-5.141064668315498,0 120.2422062015024,-5.141504195784677,0 120.2422059469815,-5.14153003584409,0 120.2422348447103,-5.141873523683016,0 120.2420239599275,-5.142249346859937,0 120.2418090701881,-5.142656936829439,0 120.2417158119453,-5.143109785030391,0 120.2415836584882,-5.14350356434726,0 120.2413457797785,-5.143867768034077,0 120.2409893277051,-5.144281888413799,0 120.2407438501108,-5.144651181075659,0 120.2404401649121,-5.145046654637125,0 
							</coordinates>
						</LineString>
					</Placemark>
					<Placemark>
						<name>LINE OUT BIKERU / ASPAN BAKAE - ASPAN BONGKI LENGKESE</name>
						<visibility>0</visibility>
						<description>2.74KMS AAAC 3x150mm</description>
						<styleUrl>#msn_ylw-pushpin470</styleUrl>
						<LineString>
							<tessellate>1</tessellate>
							<coordinates>
								120.2404402454816,-5.145046574890753,0 120.2396444993259,-5.145227553198298,0 120.2391359846212,-5.145135866937615,0 120.2386613518094,-5.145147306959239,0 120.2382471124138,-5.145188238062918,0 120.2377099313516,-5.145248876256024,0 120.2376826921928,-5.145248211589617,0 120.2372407280897,-5.145298642675298,0 120.2369138063444,-5.145267140353936,0 120.2364451668462,-5.145172457175853,0 120.2360204679028,-5.145047336279506,0 120.2355509402387,-5.144880398252474,0 120.2351912372419,-5.144794518816308,0 120.2346630511529,-5.144810425516155,0 120.2342322261272,-5.144828423549638,0 120.233760177513,-5.144821220945428,0 120.2333384427365,-5.144765245661843,0 120.2328609261025,-5.144732478882667,0 120.2324389273524,-5.144699986044446,0 120.2320578311444,-5.144664985320318,0 120.2316166809496,-5.144531338922646,0 120.2311646555821,-5.144393316175591,0 120.2307671044725,-5.144310021592733,0 120.2302729453543,-5.144330097622723,0 120.2298639768972,-5.144327991011381,0 120.2295367958458,-5.144337503062967,0 120.2292278033153,-5.144345841548161,0 120.2288069300467,-5.14432583231397,0 120.2284287029076,-5.14428279685468,0 120.2280962967144,-5.144244452705734,0 120.2276963493775,-5.14424328885138,0 120.2273089716846,-5.144370208592488,0 120.227010538825,-5.14453733339613,0 120.2267241128853,-5.14461061857831,0 120.2262332341233,-5.144537297428673,0 120.2257435326102,-5.144331447829561,0 120.2253653747637,-5.144172168938962,0 120.2251783345222,-5.143811354218736,0 120.2247931902602,-5.143458647810389,0 120.2242546044028,-5.143375677582229,0 120.2239713124828,-5.143251140451488,0 120.2236937617009,-5.142999014626302,0 120.2232288069614,-5.142717617659275,0 120.2227801157024,-5.142902771255944,0 120.2224413545265,-5.143191010848866,0 120.2224390652095,-5.14319264345237,0 120.2220742585547,-5.143417358338345,0 120.2220436926291,-5.143431297541885,0 120.2216872648625,-5.143648963988971,0 120.2214005987593,-5.143886657871765,0 120.2207918574663,-5.143944648347962,0 120.2205986888792,-5.144407937253547,0 120.2204732675965,-5.14487761859005,0 120.2204177217241,-5.145421643262828,0 120.2202446593582,-5.145890326567637,0 120.220039649377,-5.146216445639682,0 120.2200546448365,-5.146659705166839,0 120.2196692373048,-5.146544530073254,0 120.2193911443426,-5.146386860349289,0 120.2191700816095,-5.146229100599539,0 
							</coordinates>
						</LineString>
					</Placemark>
					<Placemark>
						<name>LINE OUT BIKERU / ASUHAN FCO BAKAE</name>
						<visibility>0</visibility>
						<description>1.35kms AAAC 3x70mm</description>
						<styleUrl>#msn_ylw-pushpin470</styleUrl>
						<LineString>
							<tessellate>1</tessellate>
							<coordinates>
								120.2404402757891,-5.145046327019906,0 120.2402685666938,-5.145411490209239,0 120.240033760241,-5.145812834109838,0 120.2398801758466,-5.146254897321669,0 120.2399070307574,-5.146726888904224,0 120.2397890768673,-5.147109614515002,0 120.239450273275,-5.147531529686248,0 120.2391751215986,-5.147888364467893,0 120.2389577994625,-5.148228368301566,0 120.2387717251328,-5.148650009007861,0 120.2384937377188,-5.148834293062733,0 120.2381591986914,-5.148767674620992,0 120.2377471975765,-5.148804503247609,0 120.2374180427775,-5.148617005109163,0 120.2370129019287,-5.148713399445628,0 120.2365955247023,-5.148792420461861,0 120.2361752587074,-5.148847607646882,0 120.2357790321973,-5.148994817486128,0 120.2353848735917,-5.149136493227694,0 120.2349611443351,-5.149374552053363,0 120.2345862590849,-5.149602628454771,0 120.2341963655423,-5.14977497917848,0 120.2336976487449,-5.149908378812396,0 120.233314881144,-5.149984419719048,0 120.2328635688594,-5.150043965472507,0 120.2324365950672,-5.150047054227736,0 120.231062325707,-5.149943871016548,0 
							</coordinates>
						</LineString>
					</Placemark>
					<Placemark>
						<name>OUT BIKERU / FCO BONGKI LENGKESE</name>
						<visibility>0</visibility>
						<description>2KMS AAAC 3x35mm</description>
						<styleUrl>#msn_ylw-pushpin470</styleUrl>
						<LineString>
							<tessellate>1</tessellate>
							<coordinates>
								120.2191698948395,-5.146229334259568,0 120.2189788041918,-5.145763705814974,0 120.2188604873234,-5.145288776608066,0 120.218752264644,-5.144785658997839,0 120.2186105947548,-5.144304439072168,0 120.2184375659739,-5.144083903208631,0 120.2182995643246,-5.143855759805757,0 120.2180676680603,-5.143578021956988,0 120.2179260710532,-5.143457568549482,0 120.2178388577082,-5.143096977121531,0 120.2177031182938,-5.142650926721341,0 120.2174078456693,-5.142665171869195,0 120.2169942257046,-5.142263239266383,0 120.2165925729815,-5.14189233865936,0 120.2163606297408,-5.141518155999231,0 120.2161191054184,-5.141280996840096,0 120.2158626433113,-5.141084841899874,0 120.2156430893173,-5.140760923915308,0 120.2155674362255,-5.140280936094796,0 120.2153661859006,-5.139779948423834,0 120.2151019773401,-5.139390455661081,0 120.2148373607688,-5.138826277535939,0 120.2150086124217,-5.138344691392628,0 120.2150769628125,-5.138017886008585,0 120.2146230801019,-5.13769746536398,0 120.2142100933863,-5.13751202017635,0 120.2141306202697,-5.137137497891376,0 120.2140548671494,-5.136755054877112,0 120.2140723328818,-5.136473785787043,0 120.2140919139727,-5.136009394505606,0 120.2140303164309,-5.135572909257827,0 
							</coordinates>
						</LineString>
					</Placemark>
					<Placemark>
						<name>FCO BONGKI LENGKESE 2</name>
						<visibility>0</visibility>
						<description>2.95 AAACS 3x70mm</description>
						<styleUrl>#msn_ylw-pushpin470</styleUrl>
						<LineString>
							<tessellate>1</tessellate>
							<coordinates>
								120.2140426054043,-5.135592717197705,0 120.2137833516693,-5.135224515136487,0 120.2134908025602,-5.134853472218981,0 120.2132106332262,-5.134599484412289,0 120.2127681977682,-5.134245077997806,0 120.2124475367687,-5.133953275793895,0 120.2121113810283,-5.133690895820952,0 120.211786702023,-5.133363736072718,0 120.2114685826669,-5.132993868439441,0 120.2110974429997,-5.132661289924863,0 120.2108081278207,-5.132399910425006,0 120.2105517822433,-5.132183732549661,0 120.2109035172876,-5.131571363217711,0 120.2105585748002,-5.131132737603411,0 120.2106886681311,-5.13072726389309,0 120.2108451675928,-5.130333219573823,0 120.2106395371778,-5.129920640583608,0 120.2103025950436,-5.129718512020619,0 120.2098119319855,-5.129856493569069,0 120.2094414362048,-5.129749821293331,0 120.2091306527765,-5.12994250849404,0 120.2088405880682,-5.129763207020047,0 120.2089536798998,-5.129328973791524,0 120.2091681404185,-5.128865337843789,0 120.2090443266925,-5.128480634008056,0 120.2089890066827,-5.128055224008634,0 120.2087425641588,-5.127716875555027,0 120.2083940202516,-5.127425653368937,0 120.2079779860299,-5.127750239365157,0 120.2075549454482,-5.127805894162913,0 120.2071812188968,-5.127945275728107,0 120.2067725346705,-5.128198659038874,0 120.2065109724591,-5.128644338993667,0 120.2061343812258,-5.128782026931697,0 120.2057539363196,-5.128923156059096,0 120.2053349392829,-5.128909985734039,0 120.2050238151209,-5.128842822713104,0 120.2046190658338,-5.129040037288177,0 120.2042130160659,-5.128905142530019,0 120.2037157876472,-5.128770887915483,0 120.2032982032886,-5.128718841385411,0 120.2028649961237,-5.128828895780023,0 120.2024940616699,-5.129090228115471,0 120.2020409037563,-5.129372198043545,0 120.2016456242484,-5.129519295111951,0 120.2014157842236,-5.129740422230928,0 120.2010184892113,-5.129909823428001,0 120.2005251374459,-5.130135817956078,0 120.200288056243,-5.130531079450957,0 120.2001885554338,-5.130922165615561,0 120.1999218655064,-5.131237951435932,0 120.1994238814251,-5.131023078897631,0 120.1989830831013,-5.131119056031932,0 120.198651635037,-5.130978004072782,0 120.1981948000497,-5.130669437256925,0 120.1977952685254,-5.130521744942075,0 120.197327937376,-5.130517814870132,0 120.1968488263442,-5.130444871662216,0 120.1964019678706,-5.13039648695559,0 120.1958252011102,-5.130521231043324,0 
							</coordinates>
						</LineString>
					</Placemark>
					<Placemark>
						<name>FCO BONGKI LENGKESE 2</name>
						<visibility>0</visibility>
						<description>0.05</description>
						<styleUrl>#msn_ylw-pushpin470</styleUrl>
						<LineString>
							<tessellate>1</tessellate>
							<coordinates>
								120.2105533872255,-5.132184435919653,0 120.2101649651387,-5.131949882305327,0 
							</coordinates>
						</LineString>
					</Placemark>
					<Placemark>
						<name>FCO PALIE</name>
						<visibility>0</visibility>
						<description>1.72 AAAC 3x70mm</description>
						<styleUrl>#msn_ylw-pushpin470</styleUrl>
						<LineString>
							<tessellate>1</tessellate>
							<coordinates>
								120.1964103438453,-5.130401512442517,0 120.1966487953981,-5.129816539953245,0 120.1965781334651,-5.129398706581836,0 120.196211604152,-5.129011665491966,0 120.1958671549926,-5.128655410659209,0 120.1955294243212,-5.128185168575527,0 120.1951893023371,-5.127811043546364,0 120.1948271941627,-5.127718684507631,0 120.1943061130022,-5.127740681690979,0 120.1938969407773,-5.127425111825509,0 120.1936508172657,-5.12706318171977,0 120.1931562289668,-5.126891652887557,0 120.1924225118639,-5.126509143609184,0 120.1919189023611,-5.126127621361122,0 120.1913412339926,-5.125750358252947,0 120.1915516665364,-5.124999350326394,0 120.1918131251486,-5.124499071634652,0 120.1918406459413,-5.124327743800133,0 120.1915929401263,-5.123957678441279,0 120.1913521165324,-5.123669850508268,0 120.1912557840871,-5.123080484886087,0 120.1917374233818,-5.12249796414438,0 120.1922809831528,-5.121760033058713,0 120.1927081673267,-5.121158155918764,0 120.1929558626519,-5.120472841947846,0 120.1932242026281,-5.119904027351231,0 120.1938159364737,-5.119616183067239,0 120.1943431005293,-5.119394340627783,0 
							</coordinates>
						</LineString>
					</Placemark>
					<Placemark>
						<name>LINE OUT BIKERU / ASPAN B.LENGKESE - REC TONDONG</name>
						<visibility>0</visibility>
						<styleUrl>#msn_ylw-pushpin470</styleUrl>
						<LineString>
							<tessellate>1</tessellate>
							<coordinates>
								120.2200509185807,-5.146655822892697,0 120.2202218451182,-5.147036884458148,0 120.2203576065468,-5.147454690818147,0 120.2204055756771,-5.147822125232876,0 120.2205102488398,-5.148299371041491,0 120.2207060573617,-5.148756005054745,0 120.2208642455074,-5.149108313179179,0 120.2207595888342,-5.149426468285429,0 120.2205069666395,-5.149737203264083,0 120.2201605922713,-5.149700609543084,0 120.2201028248641,-5.15014500756645,0 120.2198898192284,-5.150766792419815,0 120.219904908415,-5.150778972740173,0 120.220037274282,-5.150848998397399,0 120.2203126490281,-5.150963876089959,0 120.2206525198727,-5.151261812407046,0 
							</coordinates>
						</LineString>
					</Placemark>
					<Placemark>
						<name>LINE OUT BIKERU / LBS MACCONGGI / BATAS AAAC</name>
						<visibility>0</visibility>
						<description>4.49 AAAC 3x150mm Sebagian Double Circuit dengan Ekspress Tangka</description>
						<styleUrl>#msn_ylw-pushpin470</styleUrl>
						<LineString>
							<tessellate>1</tessellate>
							<coordinates>
								120.2198898489793,-5.150766000122864,0 120.2196369476698,-5.150941957516975,0 120.2195441056909,-5.151033786168765,0 120.2193633998075,-5.151210787133468,0 120.219359157858,-5.151296166244513,0 120.2190910179376,-5.151382784699859,0 120.2188924706236,-5.151510524144052,0 120.2184430071623,-5.151435099532337,0 120.2183980512165,-5.151300042671656,0 120.2185177504067,-5.151011194690509,0 120.2188027067971,-5.150627161937699,0 120.2185807894686,-5.150173247671849,0 120.2185627871365,-5.150131707382804,0 120.2182348905789,-5.150279234264776,0 120.2182309607725,-5.150264898404822,0 120.2182105385423,-5.150245038768134,0 120.2176110891509,-5.150494444773168,0 120.2175956061522,-5.150461621093426,0 120.2169414599828,-5.150257087092259,0 120.2164464219997,-5.150146502497405,0 120.216436544146,-5.15011564564534,0 120.2159768955956,-5.150375945931941,0 120.2159228753628,-5.150370038059716,0 120.2155438572999,-5.15062863324545,0 120.2151801391499,-5.15092900962542,0 120.2151717868709,-5.150942394406964,0 120.2153009418714,-5.151445163451457,0 120.2149154053463,-5.151685678903157,0 120.2145209449301,-5.1516432787081,0 120.2136644339141,-5.151489608998705,0 120.213229819749,-5.151236615195448,0 120.2124792308245,-5.151090384067304,0 120.2119554341742,-5.151430908275891,0 120.2115972543474,-5.151583819901483,0 120.2110632633583,-5.151618493125643,0 120.210601842455,-5.151473955998472,0 120.2103217750846,-5.151223216086859,0 120.2101247181094,-5.151050113455082,0 120.2097904473315,-5.150872033001273,0 120.2094211433584,-5.150926795079245,0 120.208867878611,-5.150791942837591,0 120.2083587447322,-5.150951510654542,0 120.2077890659474,-5.150870051256906,0 120.2074439366457,-5.151097654560722,0 120.2071430538093,-5.151346055347052,0 120.2070312328069,-5.151819240134407,0 120.2069062210162,-5.152291197167185,0 120.2066844155121,-5.152586787667675,0 120.2063809464659,-5.153029316473137,0 120.20616265113,-5.153271435709792,0 120.2057255619203,-5.153549552320958,0 120.2053203753131,-5.153582966554429,0 120.2048115509908,-5.153675555996609,0 120.2044780022329,-5.153660164325393,0 120.2040434182407,-5.153546640125095,0 120.2036260852098,-5.153504541303601,0 120.2032778092485,-5.153644712796292,0 120.2028714660397,-5.153744619281325,0 120.2019330939211,-5.153731847940726,0 120.2015323179575,-5.153528228272482,0 120.2010500840951,-5.153630746286249,0 120.2006700050576,-5.153572848258125,0 120.200215072094,-5.153569812355305,0 120.199828688485,-5.153613250000073,0 120.1992656173492,-5.153613293129634,0 120.1988443837966,-5.153600815116526,0 120.1984180804475,-5.153577333586224,0 120.198009394828,-5.153503946678824,0 120.1975679185453,-5.153357438720811,0 120.1971723389926,-5.153089755413204,0 120.1969892358943,-5.152710167114726,0 120.1968298700089,-5.152316743717769,0 120.1966987276364,-5.151902268723163,0 120.1964943843994,-5.151503966261842,0 120.196260753315,-5.151065429148824,0 120.1960467776361,-5.150711069429652,0 120.1957668487613,-5.150522780628152,0 120.1953565745732,-5.150356750488395,0 120.1945197521669,-5.150172061188392,0 120.1941210885436,-5.150244020597882,0 120.1936333406451,-5.150252006660049,0 120.1936212649832,-5.150247358522364,0 120.1928450370748,-5.150494511059132,0 120.1924128675443,-5.150782344496782,0 120.1921269472804,-5.150871447221117,0 120.1916930202344,-5.150830843227989,0 120.1911734237421,-5.150851024943983,0 120.1907006947772,-5.150966939489332,0 120.1902452193261,-5.151103355478211,0 120.1897645712478,-5.151262438933369,0 120.1894209741005,-5.151518569526449,0 120.1891764447128,-5.151984025112697,0 120.1887896563912,-5.152250509046097,0 120.1884011428319,-5.152394983355274,0 120.1879959684901,-5.152507657513143,0 120.1875456692254,-5.152650824542262,0 120.1870927089213,-5.152864846946212,0 
							</coordinates>
						</LineString>
					</Placemark>
					<Placemark>
						<name>LINE OUT BIKERU / LBS MACCONGGI / FCO MATTUNRENG TELLUE</name>
						<visibility>0</visibility>
						<description>3.49KMS AAAC 3x70mm</description>
						<styleUrl>#msn_ylw-pushpin470</styleUrl>
						<LineString>
							<tessellate>1</tessellate>
							<coordinates>
								120.1798742001001,-5.153612271324707,0 120.1799176589281,-5.153330546598297,0 120.1798639264768,-5.152845547317999,0 120.1797532984416,-5.152421046245626,0 120.1795490726641,-5.152001032203623,0 120.1793548500442,-5.151522943113323,0 120.1790479547945,-5.151116772011171,0 120.1788200610034,-5.15080924740193,0 120.178664569015,-5.150304459220074,0 120.1786040640005,-5.149962644393828,0 120.1784932275759,-5.149732978056154,0 120.178066876408,-5.149657882295389,0 120.1775907329398,-5.149653261600521,0 120.1775153400269,-5.149297939305837,0 120.1777927155831,-5.148886779179191,0 120.1779826629287,-5.148562324350534,0 120.1781780324467,-5.148256885245097,0 120.1776760411557,-5.147482144747094,0 120.1777370256944,-5.14705928782313,0 120.1773396234741,-5.146483716976823,0 120.1768842967475,-5.146253119649938,0 120.1765065840176,-5.146231062467883,0 120.1761530430624,-5.146158918567754,0 120.1755662921671,-5.145876763253576,0 120.1751904545362,-5.145564239673417,0 120.1748460810375,-5.145232133727019,0 120.1745007002745,-5.144999027563816,0 120.1742326074793,-5.144681915462029,0 120.1739185084653,-5.14433504627738,0 120.1735313198409,-5.143900453535242,0 120.1735540517348,-5.143432801284375,0 120.173565529676,-5.143130856849471,0 120.1735385507007,-5.142636743565834,0 120.1736281749891,-5.14204874251123,0 120.1734714830768,-5.141597972429975,0 120.1732637517621,-5.141189948279846,0 120.1727328773199,-5.14084413638986,0 120.1727148695708,-5.140480409661642,0 120.1728727504174,-5.140103497118745,0 120.1728531361421,-5.139813760144719,0 120.1730013972998,-5.139368614500603,0 120.1728536581628,-5.138855999989168,0 120.1726672333509,-5.138365811286463,0 120.1724301644674,-5.137564499370614,0 120.1721517629178,-5.137013881690445,0 120.1719579045017,-5.136686910112672,0 120.1716923095003,-5.136539326718635,0 120.171607210637,-5.136366496593328,0 120.1712721588097,-5.135943580978904,0 120.1710258693496,-5.1356503211085,0 120.1708977902782,-5.135214884729446,0 120.1709309956329,-5.134761992718937,0 120.1710080068246,-5.134166900873274,0 120.1709681844376,-5.133670830951558,0 120.170754467176,-5.133382484353447,0 120.1704320520943,-5.133121689737426,0 120.1700058857341,-5.132971383626018,0 120.1693967420426,-5.132962514507874,0 120.1690296408835,-5.132772617873564,0 120.1687847652033,-5.132488565625753,0 120.1683837149225,-5.132120723718812,0 120.1681769891753,-5.131930452308764,0 120.1679761241399,-5.131432382134566,0 120.1677969827687,-5.131033110493725,0 120.1676552489062,-5.130625268623117,0 120.1675044967247,-5.130228065588043,0 120.1674261766808,-5.129680681164454,0 120.167308372889,-5.129182910026325,0 120.1672226065933,-5.128773312539096,0 
							</coordinates>
						</LineString>
					</Placemark>
					<Placemark>
						<name>FCO TOPISI</name>
						<visibility>0</visibility>
						<description>3 AAACS 3x70mm</description>
						<styleUrl>#msn_ylw-pushpin470</styleUrl>
						<LineString>
							<tessellate>1</tessellate>
							<coordinates>
								120.1710088488717,-5.13416626218468,0 120.1715634531405,-5.134185149141876,0 120.1719851801203,-5.134250588253964,0 120.1724786985705,-5.134310995309573,0 120.1729085958644,-5.134326103459824,0 120.1731650191046,-5.133954299313494,0 120.1732829931053,-5.133469950668847,0 120.1735446216293,-5.133056157981938,0 120.1739057444993,-5.132643746417305,0 120.1742740776801,-5.132441499533016,0 120.1747483451831,-5.132295242459403,0 120.1751915756818,-5.132316830711953,0 120.1757356555042,-5.132391169765375,0 120.1761589986496,-5.13215259745724,0 120.1765946563886,-5.13188743851642,0 120.1770095690818,-5.131667047141742,0 120.1774763476453,-5.131463874128337,0 120.1780033591702,-5.131227514843682,0 120.1781589534743,-5.13089347731226,0 120.1784735960735,-5.130531891673879,0 120.1789207379694,-5.130417297066323,0 120.1792008045834,-5.130055710022201,0 120.179169691896,-5.12955637234231,0 120.1788170250081,-5.129184447893969,0 120.1786268629735,-5.128771199291239,0 120.1786337845309,-5.128280855937958,0 120.1789242220396,-5.127981256321657,0 120.1794463130877,-5.127871063207389,0 120.1798953548809,-5.127629417261797,0 120.1802065353176,-5.127477896545743,0 120.180732083468,-5.127415913289159,0 120.1812818369333,-5.127353928569453,0 120.1818439727686,-5.127433139103603,0 120.1822623369406,-5.127502016987075,0 120.1827187328647,-5.127577781641253,0 120.1831198071664,-5.127760300141557,0 120.1835312540401,-5.128070235361776,0 120.1837257913416,-5.128520562654647,0 120.1839816486148,-5.128920033276167,0 120.1841960157911,-5.129388378273698,0 120.1844266370474,-5.129722105017295,0 120.1844819568799,-5.130187005371695,0 120.1847620184891,-5.130672569604052,0 120.1851700119908,-5.130965287660986,0 120.1856471600845,-5.131196020956341,0 120.1859064817027,-5.131330329334823,0 120.1861663415549,-5.131744316046295,0 120.186519668501,-5.132085562028913,0 120.1867230990273,-5.132464130327364,0 120.1871353120103,-5.132730726832001,0 120.1873869230747,-5.133135953768624,0 120.1874832856917,-5.133633112852182,0 120.1876171225023,-5.134128983142513,0 120.187831260352,-5.134374252314744,0 120.1883184236511,-5.134502218402339,0 120.1887895295108,-5.134726160576818,0 120.1892445766766,-5.134816804229698,0 
							</coordinates>
						</LineString>
					</Placemark>
					<Placemark>
						<name>LINE OUT BIKERU / LBS MACCONGGI / AWAL AAACS - ASPAN PERTIGAAN  BONGKONG</name>
						<visibility>0</visibility>
						<description>0.94 AAACS 3x150mm</description>
						<styleUrl>#msn_ylw-pushpin470</styleUrl>
						<LineString>
							<tessellate>1</tessellate>
							<coordinates>
								120.1870909341532,-5.152863303095542,0 120.1866851030859,-5.153124116360394,0 120.1862947067502,-5.153311693824348,0 120.1859418101788,-5.153790386205025,0 120.1858860788623,-5.154314228115102,0 120.1859262553399,-5.154727062216423,0 120.1855013459231,-5.155085429510796,0 120.184998707975,-5.155206551216989,0 120.1845630482597,-5.155245018004995,0 120.1842440806723,-5.155231821218282,0 120.1839650750792,-5.155310728929279,0 120.1835892722923,-5.155279200999376,0 120.1831889372195,-5.154913963029511,0 120.1829255308293,-5.154678661983425,0 120.1827698629348,-5.154658833473145,0 120.1826035749393,-5.154617144885388,0 120.1825336275054,-5.154621864050056,0 120.1822274525862,-5.154673881994879,0 120.1817156014253,-5.154583441124587,0 120.1813450747677,-5.154409759220137,0 120.1810132435957,-5.154235975118209,0 120.1804095311302,-5.153948739682073,0 
							</coordinates>
						</LineString>
					</Placemark>
					<Placemark>
						<name>LINE OUT BIKERU / LBS MACCONGGI / ASPAN PERTIGAAN  (Titik Akhir HIC) - ASPAN PERTIGAAN DEPAN KP SAMAENRE</name>
						<visibility>0</visibility>
						<description>1KMS AAAC 3x150mm</description>
						<styleUrl>#msn_ylw-pushpin470</styleUrl>
						<LineString>
							<tessellate>1</tessellate>
							<coordinates>
								120.1804032823658,-5.153949517272144,0 120.1800004715404,-5.154182167052904,0 120.1797911313074,-5.15443121578068,0 120.1795834400686,-5.154585677077835,0 120.1792379659886,-5.154773124849481,0 120.1788497231236,-5.155054976899357,0 120.1785683301768,-5.155226773179124,0 120.1782363154117,-5.155466483844779,0 120.1781221255722,-5.155804550569652,0 120.1781139394161,-5.156188912435806,0 120.1780873085487,-5.156556904429245,0 120.1780083248282,-5.156871534726246,0 120.1779048405549,-5.157121671352706,0 120.1777991876573,-5.157351398610055,0 120.1776677521637,-5.157632341186807,0 120.177483742695,-5.15792640202021,0 120.1772390356159,-5.158145948812044,0 120.1770211143735,-5.158331613904277,0 120.1768060646639,-5.158543213085268,0 120.1765355267358,-5.158760979353564,0 120.1763020909135,-5.158963840083048,0 120.1760589456216,-5.159140988192323,0 120.1757480408118,-5.159366712569088,0 120.1754709918053,-5.159573302284064,0 120.1751747981352,-5.159769684288948,0 120.1749335422576,-5.159933886710491,0 120.1746639285424,-5.160098023782266,0 120.1744422225865,-5.160242453137115,0 120.1742371762048,-5.160380575107563,0 
							</coordinates>
						</LineString>
					</Placemark>
					<Placemark>
						<name>LINE OUT BIKERU / LBS MACCONGGI / FCO BONGKONG</name>
						<visibility>0</visibility>
						<description>3.80 AAAC 3x70mm</description>
						<styleUrl>#msn_ylw-pushpin470</styleUrl>
						<LineString>
							<tessellate>1</tessellate>
							<coordinates>
								120.1804027366327,-5.153948488761382,0 120.1798736224279,-5.15361198083164,0 120.1795283610551,-5.153741259666468,0 120.1791686729403,-5.153985451876316,0 120.1787738926504,-5.154154841789895,0 120.1782723386065,-5.15421784433907,0 120.1777282926698,-5.154123291540942,0 120.177019033282,-5.154392688605205,0 120.1768700000214,-5.154418282037865,0 120.176327686556,-5.154410850367392,0 120.1759417959589,-5.154304992587294,0 120.1755506189471,-5.154306154561174,0 120.1751969921661,-5.154268375745022,0 120.1749423653292,-5.15421280809219,0 120.1746221158609,-5.154113270033768,0 120.1741845867442,-5.153961963750108,0 120.173689286252,-5.15382141922674,0 120.1732697700017,-5.153745580683195,0 120.172825211531,-5.153766401607585,0 120.1723934843129,-5.153838255643324,0 120.1719585125434,-5.153921670266692,0 120.1715333374768,-5.154026998938949,0 120.171088154712,-5.154146252101961,0 120.1706056521743,-5.154220142627558,0 120.1701318720024,-5.154333320690946,0 120.1697261464873,-5.154396804327377,0 120.1692121888798,-5.154395031751046,0 120.1688379119041,-5.154353971313959,0 120.1684158027694,-5.154380834624776,0 120.1679221457756,-5.154515561972727,0 120.1674568576508,-5.154642152712683,0 120.1669439673528,-5.154775264012747,0 120.1664865615696,-5.154810328342254,0 120.1655664390774,-5.154779193530815,0 120.1651451933627,-5.154769120643237,0 120.1647219313172,-5.15476309603108,0 120.1643122816988,-5.15478308658241,0 120.1638665450115,-5.154764400217073,0 120.1634436612256,-5.154751834204457,0 120.1628090598484,-5.154794229606586,0 120.1623175464068,-5.15482584284129,0 120.1618686173161,-5.154735521692078,0 120.1614539755031,-5.154673481101118,0 120.1610602213146,-5.154532918712809,0 120.1606073934449,-5.154395215088141,0 120.1601762621053,-5.154379761137764,0 120.1597190375015,-5.154440595959012,0 120.1592912995489,-5.154496759221978,0 120.1588255705954,-5.154573037818423,0 120.1583344694316,-5.154452248680301,0 120.1577676776231,-5.154347389553818,0 120.1572817121931,-5.154206297953351,0 120.1568206319411,-5.154379807145153,0 120.1565213365557,-5.154548253656886,0 120.1561179581075,-5.154831198919974,0 120.1557861836793,-5.155123262836805,0 120.1553492517349,-5.155400719328195,0 120.1549961881742,-5.155691993568514,0 120.1545732956435,-5.155918219061116,0 120.1542915436126,-5.156037206871971,0 120.1542276971978,-5.1560756967504,0 120.1536900657283,-5.156416913941083,0 120.1533966517979,-5.156656767091704,0 120.1531159375388,-5.156859492031653,0 120.1528427938088,-5.15724095812516,0 120.1524928325067,-5.157572186280432,0 120.1522091741376,-5.157850926570307,0 120.1519564631759,-5.158142542821027,0 120.1517335137245,-5.158471007449885,0 120.1515491417148,-5.158800555906732,0 120.1514213507353,-5.160064950214521,0 120.1510321227899,-5.160224139983166,0 120.15058406536,-5.160270679805723,0 120.1500309029563,-5.160348613803909,0 120.149700156498,-5.160466708443324,0 
							</coordinates>
						</LineString>
					</Placemark>
					<Placemark>
						<name>FCO LONRA 1</name>
						<visibility>0</visibility>
						<description>0.4 KMS 3x70mm</description>
						<styleUrl>#msn_ylw-pushpin470</styleUrl>
						<LineString>
							<tessellate>1</tessellate>
							<coordinates>
								120.1749336103352,-5.159932134795556,0 120.1751342700146,-5.159871669076793,0 120.1755499336956,-5.159900138427341,0 120.1759272469668,-5.159853940906072,0 120.1763363094634,-5.159806938084371,0 120.1768203194946,-5.159736920910963,0 120.1773301627199,-5.159680178246101,0 120.1777990730456,-5.159630409863315,0 120.1782846982041,-5.159593968155225,0 
							</coordinates>
						</LineString>
					</Placemark>
					<Placemark>
						<name>LINE OUT BIKERU / LBS SAMAENRE / ASPAN DEPAN KTR - PERTIGAAN JEMBATAN TALLE</name>
						<visibility>0</visibility>
						<description>2.51kms AAAC 3x150mm</description>
						<styleUrl>#msn_ylw-pushpin470</styleUrl>
						<LineString>
							<tessellate>1</tessellate>
							<coordinates>
								120.1742384704994,-5.160382116616619,0 120.1739811575515,-5.160583210044105,0 120.1736687900769,-5.160793780175164,0 120.1733816996362,-5.160991294664301,0 120.173111515292,-5.161194336631687,0 120.1728653399558,-5.161343273630958,0 120.1725281877886,-5.161502937771482,0 120.1722602889314,-5.161596284258434,0 120.171964282521,-5.161686490078857,0 120.1716609478051,-5.16179185957926,0 120.1713609918622,-5.161934916239085,0 120.171011921335,-5.162169662308046,0 120.1706836327589,-5.162372325256946,0 120.1703982317668,-5.162574379414247,0 120.1700827225254,-5.162839542504737,0 120.1698270049518,-5.163091140270799,0 120.1696380987651,-5.163438485585189,0 120.1695167784116,-5.163767815071227,0 120.169344574099,-5.164134827394395,0 120.1692329362308,-5.164422751831147,0 120.1691060994113,-5.164746835286254,0 120.1690296668982,-5.165085506087394,0 120.1689955593585,-5.165412563493313,0 120.1689334003189,-5.165810102445607,0 120.1689746607019,-5.166112335866468,0 120.1689450185736,-5.166471960496507,0 120.1685043349563,-5.166435036474587,0 120.1680563379524,-5.166369881277888,0 120.1675321911372,-5.166338499374269,0 120.1670731455248,-5.166303165845469,0 120.1668715369581,-5.166403358139382,0 120.166539495385,-5.166601219558171,0 120.1661489024171,-5.166674840801968,0 120.1657760756464,-5.166732966094044,0 120.1654732602209,-5.166789293069368,0 120.1650864041491,-5.166848993693144,0 120.164900122897,-5.166994849131033,0 120.1647848658199,-5.167310707970945,0 120.1646393241786,-5.1677182659474,0 120.1644007025444,-5.167851519071821,0 120.1640098498732,-5.167857625272454,0 120.1636664856783,-5.167863722290292,0 120.1633039158041,-5.167882048372525,0 120.1628968044123,-5.167937103520675,0 120.1626770232321,-5.16798326673241,0 120.1623818449725,-5.168125108763645,0 120.1621417924117,-5.168333685175399,0 120.1618878402017,-5.168556023037866,0 120.1615616424448,-5.168737617160354,0 120.1611911697472,-5.168901269997919,0 120.1608625701383,-5.169019935220105,0 120.1605226687793,-5.169139296438428,0 120.1601571101367,-5.169216358474823,0 120.1597994409526,-5.169317555116554,0 120.1593814700634,-5.169423059338194,0 120.1590198095868,-5.169434338736174,0 120.1586432289587,-5.169364393436925,0 120.1583291146185,-5.169303780510208,0 120.1577877326548,-5.169203031082854,0 120.1575828808077,-5.169424315324879,0 120.1573440382723,-5.169627281036237,0 120.1570240862452,-5.169731698812779,0 120.1567177470832,-5.169724116024667,0 120.156349881432,-5.169750210486713,0 
							</coordinates>
						</LineString>
					</Placemark>
					<Placemark>
						<name>LINE OUT BIKERU / LBS SAMAENRE / ASPAN PERTIGAAN JEMBATAN TALLE - REC KAROBBI</name>
						<visibility>0</visibility>
						<description>0.64KMS AAAC 3x150mm</description>
						<styleUrl>#msn_ylw-pushpin470</styleUrl>
						<LineString>
							<tessellate>1</tessellate>
							<coordinates>
								120.1563477907152,-5.169749714399051,0 120.1558326410199,-5.169782034320146,0 120.1555053660439,-5.169651396358603,0 120.1552699422332,-5.169490045486624,0 120.1550532071751,-5.169340679002615,0 120.154743520495,-5.169010998154266,0 120.1544272383858,-5.168793180230136,0 120.1540962250846,-5.168838868539474,0 120.1535843368026,-5.168923810957501,0 120.1531147516831,-5.169034618279652,0 120.1525885807467,-5.169141573513629,0 120.1519257017479,-5.169107712679169,0 120.1513779402095,-5.168932659500485,0 120.1510211763961,-5.168760051069185,0 
							</coordinates>
						</LineString>
					</Placemark>
				</Folder>
				<Folder>
					<name>REC KAROBBI</name>
					<visibility>0</visibility>
					<open>1</open>
					<Placemark>
						<name>CO SDN 66 Gantarang</name>
						<visibility>0</visibility>
						<description>0,5 KMS AAACS 3X70mm</description>
						<styleUrl>#inline0000</styleUrl>
						<LineString>
							<tessellate>1</tessellate>
							<coordinates>
								120.0606495524863,-5.232391876790647,0 120.0610875073783,-5.232489669064989,0 120.0612503028438,-5.232674280050657,0 120.0613038174123,-5.233024061309001,0 120.0613365547308,-5.233403838447676,0 120.0615146348408,-5.233654892828216,0 120.0618654538774,-5.23372201058069,0 120.06170206791,-5.233951265088267,0 120.0615129595652,-5.234171362398104,0 120.0614093716128,-5.234427306389875,0 120.061353786247,-5.234629590664901,0 120.061491287029,-5.235025517969299,0 120.0616062785533,-5.235479283680112,0 120.061758643307,-5.235863180455887,0 
							</coordinates>
						</LineString>
					</Placemark>
					<Placemark>
						<name>FCO LAPPARA</name>
						<visibility>0</visibility>
						<description>3.1 AAACS 3x70mm</description>
						<styleUrl>#inline0000</styleUrl>
						<LineString>
							<tessellate>1</tessellate>
							<coordinates>
								120.0865167334187,-5.202491097005685,0 120.0864869595599,-5.202833105102,0 120.0865083522732,-5.203286931936294,0 120.0864827078841,-5.203680029132596,0 120.0864529351279,-5.204017103735564,0 120.0861594537687,-5.204068919104694,0 120.0856780843587,-5.204149827720849,0 120.0853458161546,-5.204277036123579,0 120.0850270592897,-5.204443714134994,0 120.0845772778709,-5.204597519811582,0 120.0842612768356,-5.204699278246114,0 120.0839652699733,-5.204938372593678,0 120.0836949307554,-5.205227558754662,0 120.0834290164939,-5.205556628934058,0 120.0831524245673,-5.205755742540484,0 120.0829339812751,-5.20601022952166,0 120.0828781604797,-5.206369745955904,0 120.0828455828114,-5.206675166336105,0 120.0828617933408,-5.2070037332928,0 120.0827934318739,-5.2073594511597,0 120.0827334937902,-5.207779728523031,0 120.0824264539839,-5.207967956699406,0 120.0820274752937,-5.208162446217372,0 120.0816637614258,-5.208415222827843,0 120.0813612357555,-5.208603451138521,0 120.0808917411752,-5.208593959422088,0 120.080337532799,-5.208537384762758,0 120.0798963818751,-5.208618898269824,0 120.0795983639751,-5.208721273557683,0 120.0792517043015,-5.209028736287898,0 120.0788049070616,-5.209280019707588,0 120.0785685510434,-5.209471395749401,0 120.0784089913569,-5.20986696163047,0 120.0781402300139,-5.210326720896447,0 120.0778975748115,-5.210640266753194,0 120.0775844923132,-5.210906941118409,0 120.0770360667154,-5.211129498718002,0 120.0765307176588,-5.211201585282445,0 120.0762219241671,-5.211173290226547,0 120.075987146335,-5.211198353521437,0 120.075898901997,-5.211292477282482,0 120.0757129920748,-5.211298720904474,0 120.0754955861606,-5.211226509914241,0 120.0753222709247,-5.211406908673847,0 120.0750827742857,-5.211526109691795,0 120.0747203480284,-5.211601358044559,0 120.0744146684766,-5.211783306546621,0 120.0742539399327,-5.211940176705294,0 120.0741467839005,-5.212065676683989,0 120.0740238756127,-5.212175484118152,0 120.0739419557431,-5.212140951880041,0 120.0738002042675,-5.211896165019251,0 120.0737088444238,-5.211789457996916,0 120.0735426839423,-5.211817670509824,0 120.0734071873215,-5.211839612288862,0 120.0733662545886,-5.211670154838067,0 120.0732591326575,-5.211604238591749,0 120.0730366497077,-5.211658561967591,0 120.0727908421286,-5.211824830501608,0 120.0726364467582,-5.211805975213338,0 120.0725986714421,-5.211602000791909,0 120.0725483024062,-5.211341540739196,0 120.0727689374572,-5.210977575323825,0 120.0729076273024,-5.21072342343603,0 120.072898192499,-5.21062300629352,0 120.0725704776066,-5.210685708287311,0 120.0723026545948,-5.210622901084789,0 120.0722207575897,-5.210462849094831,0 120.0719230293049,-5.210588197918502,0 120.0716762278462,-5.21082899317981,0 120.0715249426015,-5.211036072410693,0 120.0713705509415,-5.21099838901393,0 120.0712918331306,-5.210684577139912,0 120.0713850770951,-5.210297510385999,0 120.0714040091853,-5.210156304156444,0 120.0711897320284,-5.210206474076612,0 120.0709754413795,-5.210331955325551,0 120.070808432534,-5.210366443082302,0 120.070696135803,-5.210526459475323,0 120.070566931904,-5.210598609675595,0 120.0703841595656,-5.210680164014407,0 120.0702643806263,-5.210906076108202,0 120.0701406340179,-5.21118231046938,0 120.0700208650031,-5.211351739150341,0 120.070033427962,-5.211574537049611,0 120.0699281158606,-5.211851088710681,0 120.0696287162261,-5.212149140943173,0 120.0693734130738,-5.212397509116358,0 120.0690740226197,-5.212642215575301,0 120.0686454870348,-5.212642136671708,0 
							</coordinates>
						</LineString>
					</Placemark>
					<Placemark>
						<name>CO Tangkulu - Ujung Jaring</name>
						<visibility>0</visibility>
						<description>3,6 KMS AAACS 3X70mm</description>
						<styleUrl>#inline0000</styleUrl>
						<LineString>
							<tessellate>1</tessellate>
							<coordinates>
								120.1029218441968,-5.184772227386108,0 120.1026488094681,-5.184856980654695,0 120.1024564768735,-5.184498316788351,0 120.1024028680654,-5.184289593726502,0 120.1024672845106,-5.184086506858208,0 120.1025470679026,-5.183830745340265,0 120.1024829020183,-5.183729816381657,0 120.102306987907,-5.183650900393189,0 120.102082762237,-5.183539959921964,0 120.1018230741301,-5.183402215007321,0 120.1016261454829,-5.183176261095102,0 120.1013866798253,-5.182823452287795,0 120.1010745105685,-5.182452237595517,0 120.1006126999803,-5.182174301906337,0 120.1002437011098,-5.181920429625244,0 120.0999609072684,-5.181637970847203,0 120.099494188838,-5.181465492906946,0 120.099183560969,-5.181480085593381,0 120.0990751241422,-5.181165729806176,0 120.099041786901,-5.180739270048927,0 120.0987596018082,-5.180478134241026,0 120.0982427839345,-5.180358599720775,0 120.0981653307151,-5.180304308251451,0 120.0980520959957,-5.179980406382975,0 120.0974785115253,-5.179620958988189,0 120.0972175746668,-5.179552091661616,0 120.0969065932826,-5.179578025524615,0 120.0967249328232,-5.179797060569722,0 120.096314826854,-5.179559315755653,0 120.0960365716239,-5.179578846161199,0 120.095747664432,-5.179611131657743,0 120.0955704750142,-5.179862855128731,0 120.0951984058224,-5.180017040371288,0 120.0948505110471,-5.180158116193386,0 120.0944067521177,-5.180265629918987,0 120.0941027598787,-5.180430212415197,0 120.0939439299494,-5.180722324866179,0 120.0936677254032,-5.180884601572995,0 120.0928609149351,-5.180879342554895,0 120.092204693847,-5.180899870642716,0 120.0919439051977,-5.180790342633541,0 120.0914969497181,-5.180656978931179,0 120.0912290788571,-5.180169409503338,0 120.0910854814668,-5.179880625636437,0 120.090324264643,-5.17949316691659,0 120.0898282934868,-5.179118407210854,0 120.0895815599002,-5.178714947435054,0 120.0891567532511,-5.178481788565839,0 120.0888180903785,-5.17834837928677,0 120.0884079190976,-5.178348699120115,0 120.0881581716158,-5.178492414469721,0 120.0878841390678,-5.178473709771734,0 120.0876533145674,-5.178143936337309,0 120.0874211757903,-5.177911766352812,0 120.0870570149671,-5.177676655709063,0 120.0867230065598,-5.177403762488225,0 120.0864914032684,-5.177150807664153,0 120.0860623659547,-5.176922259155937,0 120.0855569783494,-5.177065951141994,0 120.0851412947081,-5.177015319615427,0 120.0846994218588,-5.17692975401414,0 120.0844190187936,-5.177197974751115,0 120.0841584684352,-5.177438644350857,0 120.0836124503651,-5.177734235328812,0 120.0834825020412,-5.178248415421153,0 120.0832790192768,-5.178917195614844,0 120.0831933200851,-5.179177196745312,0 120.0829603763783,-5.179554113920738,0 120.0826453199748,-5.179564421533827,0 120.0823011050576,-5.179950012664149,0 120.0819437545837,-5.180084509690704,0 120.0816707535686,-5.179960924036579,0 120.0815005279293,-5.179909256099775,0 120.0813608094838,-5.180105141031952,0 120.0813536927379,-5.18036340688378,0 120.081366818745,-5.180787480408317,0 120.0813922813734,-5.181268391610704,0 120.0816045556941,-5.181322529348698,0 120.0819816244659,-5.181345136012464,0 120.0823880359855,-5.181460085474329,0 120.0830802705588,-5.181520699870155,0 120.0830466266192,-5.182251614886066,0 120.0830345278313,-5.182422567238122,0 
							</coordinates>
						</LineString>
					</Placemark>
					<Placemark>
						<name>LINE OUT BIKERU / REC KAROBBI / SECT SAOHIRING / ASPAN PERTIGAAN MASJID SAOHIRING - LORONG UJUNG TM</name>
						<visibility>0</visibility>
						<description>1.16KMS AAACS 3x35mm</description>
						<styleUrl>#inline0000</styleUrl>
						<LineString>
							<tessellate>1</tessellate>
							<coordinates>
								120.1090278904956,-5.155338040910003,0 120.1092300439463,-5.154979814660913,0 120.1095259392909,-5.154656962813932,0 120.1098730031668,-5.154436884892204,0 120.1102637568187,-5.15419496095882,0 120.1106074935976,-5.153947798833344,0 120.1109841924333,-5.153669806846314,0 120.1114173882582,-5.153397276833403,0 120.111877633626,-5.153290448781929,0 120.1124109366206,-5.153275527422247,0 120.1128238801364,-5.15323649302943,0 120.1132873045529,-5.15318253827704,0 120.1136235051321,-5.153231296335667,0 120.1144606116122,-5.153009183481518,0 120.1149643224849,-5.15284969156515,0 120.1155355570052,-5.15264091845937,0 120.1161319421126,-5.152712667618554,0 120.1166250720381,-5.152718499084824,0 120.1170006665444,-5.15261986359027,0 120.1174076116354,-5.152332655784635,0 120.1177450294929,-5.151955274624473,0 120.1180250977537,-5.152062216365882,0 120.1182702788644,-5.152333614884373,0 
							</coordinates>
						</LineString>
					</Placemark>
					<Placemark>
						<name>LINE OUT BIKERU / REC KAROBBI / SECT SAOHIRING / ASPAN PERTIGAAN POROS SAOHIRING - ASPAN FCO CAILE</name>
						<visibility>0</visibility>
						<description>3.65KMS AAAC 3x35mm</description>
						<styleUrl>#inline0000</styleUrl>
						<LineString>
							<tessellate>1</tessellate>
							<coordinates>
								120.1136193537283,-5.153232641901422,0 120.114113350581,-5.153439681590104,0 120.1144707165612,-5.153749440758778,0 120.1148871677047,-5.154061392124772,0 120.1152981802404,-5.154309433565389,0 120.1157918688208,-5.154598206646093,0 120.1161244928805,-5.154759165358793,0 120.116488974186,-5.155157101917315,0 120.1168222037719,-5.155572924634296,0 120.1171525959242,-5.156088208416562,0 120.1174251586892,-5.156391156983566,0 120.1177994937643,-5.156813319252556,0 120.1181802142499,-5.156530661864746,0 120.1181273932541,-5.155973837506665,0 120.1181045369514,-5.155624576249599,0 120.1180494475618,-5.155175862094652,0 120.1181238377114,-5.154748276549728,0 120.1179499124892,-5.154335956322563,0 120.1178181923649,-5.153915580410343,0 120.1182588224372,-5.153641111337169,0 120.1186428212943,-5.153540833121403,0 120.1190368859793,-5.153285458506831,0 120.1194994897071,-5.153086685697626,0 120.1199712246876,-5.153322762480043,0 120.1203788837614,-5.153576872634222,0 120.1208469009928,-5.153821628074035,0 120.1213675065163,-5.154053982005936,0 120.1217648834358,-5.154262819482254,0 120.1221582492736,-5.154442719729324,0 120.1226196695898,-5.154501390589502,0 120.123011517916,-5.154630415608761,0 120.1233963485356,-5.154765768536792,0 120.1239070648084,-5.154737166346784,0 120.1242458090652,-5.154900134833458,0 120.1247517464205,-5.155076876080087,0 120.125197028156,-5.155229136999119,0 120.1254459257266,-5.155499507330685,0 120.1258281572416,-5.155803460512276,0 120.1261286894785,-5.15606857228363,0 120.1265486737056,-5.156440326954861,0 120.127099062353,-5.156843629495644,0 120.1275550611857,-5.157113361875255,0 120.1279831023997,-5.157317929590276,0 120.1283509158928,-5.157507723984005,0 120.1287244412397,-5.15765435254089,0 120.1291257175225,-5.157721261903321,0 120.1296521207973,-5.157799918912387,0 120.1300997226845,-5.157868452424785,0 120.1305454789466,-5.157930261241148,0 120.1310180439819,-5.158018947504427,0 120.1313918803123,-5.158062741138833,0 120.1317254255906,-5.158049368991289,0 120.131813212118,-5.15844006716781,0 120.132326589924,-5.158479958094113,0 120.1326918264148,-5.158482716142898,0 120.1331530953418,-5.158511076158038,0 120.1336250888574,-5.158481720340383,0 120.1341886114344,-5.158363288999195,0 120.1346065540595,-5.158061941318019,0 120.1349657590909,-5.157940949763185,0 120.1354168972195,-5.157738952711281,0 120.1358601367941,-5.157669345899022,0 120.1363306686444,-5.157559720794533,0 120.1366354237644,-5.157279583024289,0 120.1367758355573,-5.156952524597563,0 120.1372485162917,-5.15630798106646,0 120.1374972348197,-5.155966031233314,0 120.1375025524032,-5.15594830563797,0 120.138016459245,-5.155738495037085,0 120.1384151243319,-5.15550799011924,0 120.1384668259173,-5.154906528945816,0 120.1384575138912,-5.154893810863532,0 
							</coordinates>
						</LineString>
					</Placemark>
					<Placemark>
						<name>LINE OUT BIKERU / REC KAROBBI / SECT SAOHIRING / FCO CAILE</name>
						<visibility>0</visibility>
						<description>1.24kms AAAC 3x35mm</description>
						<styleUrl>#inline0000</styleUrl>
						<LineString>
							<tessellate>1</tessellate>
							<coordinates>
								120.1384628107938,-5.154917329807954,0 120.1383586146883,-5.154627443881739,0 120.1382505508959,-5.154213030052608,0 120.1383436571731,-5.153847749905339,0 120.1386108795841,-5.153878796953495,0 120.1390188660323,-5.15406118944815,0 120.139455454339,-5.154075048449858,0 120.1395196336918,-5.153656256348455,0 120.1395998601838,-5.153145715770501,0 120.139599802235,-5.152692803774644,0 120.1396199710656,-5.152302766190272,0 120.1398118539943,-5.151827486020876,0 120.1398915409191,-5.151543207989824,0 120.1398692922791,-5.15133785465467,0 120.1397659337942,-5.151141502106688,0 120.1395365695039,-5.150842209052167,0 120.139199867181,-5.150527487617448,0 120.1386452239802,-5.15054313751545,0 120.1376759162165,-5.149742430777389,0 120.1376796012852,-5.149331412488051,0 120.1380075858328,-5.148632352064261,0 120.1375769897706,-5.148374845788076,0 120.1374000612103,-5.148147482113906,0 120.1372506906733,-5.147756014035526,0 120.1371524084271,-5.147386594166735,0 120.1372399556501,-5.146912796062296,0 
							</coordinates>
						</LineString>
					</Placemark>
					<Placemark>
						<name>LINE OUR BIKERU / REC KAROBBI / LBS MANIMPAHOI - ASPAN MANUBBU</name>
						<visibility>0</visibility>
						<description>3.21kms AAAC 3x70mm</description>
						<styleUrl>#inline0000</styleUrl>
						<LineString>
							<tessellate>1</tessellate>
							<coordinates>
								120.1103808942149,-5.192261992628845,0 120.1099115466699,-5.192242064676703,0 120.1093581706455,-5.192270406580499,0 120.1092311911524,-5.192433327770534,0 120.1088527497593,-5.192862037784626,0 120.1084225301212,-5.193177598489883,0 120.1081780984177,-5.193342491139539,0 120.1080838316294,-5.193761318349117,0 120.1078783724887,-5.193879752532722,0 120.1078355961809,-5.193879033125897,0 120.1076879707618,-5.193963062866843,0 120.1073516927784,-5.194139502095922,0 120.1072199936289,-5.194280779456681,0 120.1069241997589,-5.194577649154025,0 120.1067833167753,-5.194918143158195,0 120.106733636568,-5.195357707747465,0 120.1060167822964,-5.195497910866393,0 120.1053547445163,-5.195932694918707,0 120.1053544860627,-5.195953032348815,0 120.1052174065023,-5.19626702256474,0 120.1049216783841,-5.196630434578827,0 120.1048760554939,-5.197055251606248,0 120.1049945704589,-5.197313856819407,0 120.1049775735021,-5.197695298156587,0 120.1048882457164,-5.198127166048778,0 120.104709740224,-5.198438680475133,0 120.1044574683961,-5.198748618035314,0 120.1041477619146,-5.199043305637879,0 120.1039399153022,-5.199211073593755,0 120.1034747919583,-5.199582409664822,0 120.1030846632748,-5.199598702042738,0 120.1027316226337,-5.199785151311032,0 120.1023332893461,-5.199970797085833,0 120.1018787971571,-5.200116526982233,0 120.1015374203208,-5.200246123999081,0 120.1011022921524,-5.200375696476347,0 120.1006412953933,-5.200482909111948,0 120.1001905249636,-5.20070131805825,0 120.1001238246086,-5.200786605059577,0 120.0997745701316,-5.20089131075039,0 120.0993668876552,-5.2009666636255,0 120.0989086856561,-5.200924642557095,0 120.0986598464433,-5.20123664894405,0 120.0985637843164,-5.201664538700356,0 120.098468570076,-5.202078024239638,0 120.0984546614615,-5.202124915885057,0 120.0983455317445,-5.202305990864516,0 120.0980966175579,-5.20239073821628,0 120.0978560811405,-5.20220679067251,0 120.0976517898668,-5.201869132364533,0 120.0971399957374,-5.201860997284554,0 120.0970456873737,-5.202073395098174,0 120.0968199737428,-5.2026630905096,0 120.096756757305,-5.203066553352026,0 120.0967789122094,-5.203460917407448,0 120.0963215010029,-5.203692349721658,0 120.0962450258986,-5.20388413015595,0 120.0958513938657,-5.2039333802415,0 120.0954617285569,-5.203929001228516,0 120.0950708248501,-5.203898207233651,0 120.094752370002,-5.203918096273413,0 120.0944757422913,-5.203973108516566,0 120.094073001496,-5.204061308715143,0 120.0936490125021,-5.204393233165214,0 120.0933123627547,-5.204620580901639,0 120.0931494961443,-5.204336350053965,0 120.0927666925916,-5.204194517515721,0 120.0925528898265,-5.204506097638268,0 120.0923108478189,-5.204774532049226,0 120.0920725925126,-5.205092060541646,0 120.0918848944518,-5.205328130059208,0 120.0915912792559,-5.205494721931836,0 120.0913062668026,-5.205607764213354,0 120.090727512043,-5.205988619570015,0 120.090262907783,-5.206082844225729,0 120.0898757279255,-5.206206410249115,0 
							</coordinates>
						</LineString>
					</Placemark>
					<Placemark>
						<name>LINE OUT BIKERU / REC KAROBBI / SECT SAOHIRING / FCO KESSI</name>
						<visibility>0</visibility>
						<description>2.57KMS AAACS 3x70mm</description>
						<styleUrl>#inline0000</styleUrl>
						<LineString>
							<tessellate>1</tessellate>
							<coordinates>
								120.1099208380167,-5.168258314195542,0 120.1095307004469,-5.168110006660202,0 120.1090640992796,-5.168050874294978,0 120.1086473612035,-5.167943713385412,0 120.1081715187269,-5.167963471698854,0 120.1078124384684,-5.167674226132204,0 120.1074972817742,-5.167387732322568,0 120.1071274477628,-5.167057086500116,0 120.1068334219043,-5.166724046098632,0 120.1065418716644,-5.166292621411685,0 120.1064022338758,-5.165953833075337,0 120.106270150543,-5.165413013323565,0 120.1058474534886,-5.164964768852977,0 120.1054588726793,-5.164687695302265,0 120.1051445805955,-5.164420720245849,0 120.1047052483214,-5.164272041757512,0 120.1044399894312,-5.164014603962374,0 120.1040465706937,-5.163638377509065,0 120.1036044781001,-5.163485329153962,0 120.1034735617358,-5.163112901676412,0 120.1033860547234,-5.162922855675086,0 120.1033150692444,-5.162782029483121,0 120.1030846879036,-5.162489672081692,0 120.1022951278367,-5.162032877427994,0 120.1018266221131,-5.161945363796142,0 120.1018284306005,-5.16233465181537,0 120.10182215386,-5.162669828854023,0 120.1017352326028,-5.163154490120649,0 120.1014506919276,-5.163416678187583,0 120.1010097636731,-5.163383010906775,0 120.1005425252042,-5.163287148571116,0 120.1001141422788,-5.16308171185798,0 120.0997472557877,-5.162858910661312,0 120.0994462813828,-5.16274304607381,0 120.0991185086514,-5.162540795771331,0 120.0985179195761,-5.162182965261619,0 120.0983937904853,-5.161742497832209,0 120.098439405544,-5.161280805437484,0 120.0983975378018,-5.160797532493944,0 120.0983735604686,-5.160517987737516,0 120.098445544679,-5.16018982865545,0 120.0982172796536,-5.160258429747156,0 120.0979918268423,-5.160364938076641,0 120.0976780964411,-5.160222601964416,0 120.0973169122849,-5.159927964893965,0 120.0969609381371,-5.159843150998297,0 120.0965507209626,-5.159845082357335,0 120.0961527055407,-5.159913319875484,0 120.0958130765252,-5.159821894689865,0 120.0955022060733,-5.159766556547119,0 120.0950104228578,-5.159609389781308,0 120.0946761369887,-5.159555914759582,0 120.0941924543461,-5.159466920783189,0 120.0941476925174,-5.159933023387035,0 120.0943825029127,-5.160327472515436,0 
							</coordinates>
						</LineString>
					</Placemark>
					<Placemark>
						<name>LINE OUT BIKERU / REC KAROBBI / ASPAN DEPAN PASAR SAMAENRE - SECT SAOHIRING</name>
						<visibility>0</visibility>
						<description>0.05KMS AAAC 3x70mm</description>
						<styleUrl>#inline0000</styleUrl>
						<LineString>
							<tessellate>1</tessellate>
							<coordinates>
								120.1116607746426,-5.191152762207887,0 120.1112961187429,-5.191229084906627,0 
							</coordinates>
						</LineString>
					</Placemark>
					<Placemark>
						<name>LINE OUT BIKERU / REC KAROBBI / PERCAB FCO KALELENG</name>
						<visibility>0</visibility>
						<description>1.45KMS AAAC 3x70mm</description>
						<styleUrl>#inline0000</styleUrl>
						<LineString>
							<tessellate>1</tessellate>
							<coordinates>
								120.1198932033356,-5.183520667466051,0 120.1198271175633,-5.183213308920561,0 120.1197279058957,-5.182652631622903,0 120.1194917677011,-5.182244146148491,0 120.1191642915536,-5.181776480461543,0 120.1188765862369,-5.181389226471445,0 120.1185937712787,-5.181011396412202,0 120.1184875606021,-5.180620669689326,0 120.1186565393512,-5.180181634437714,0 120.1190386796358,-5.179901352428383,0 120.1191901752866,-5.179369775591262,0 120.1193660861556,-5.178989208267062,0 120.1197341810254,-5.178718403293845,0 120.1201709443171,-5.178500453956588,0 120.1205564012398,-5.17841766997056,0 120.1211841465789,-5.178289134930163,0 120.1215452301757,-5.178283493139106,0 120.1218189966122,-5.177956897785744,0 120.1221445024294,-5.177700819991041,0 120.1226453881837,-5.177336234381952,0 120.1230625875412,-5.176943291592955,0 120.1232091134584,-5.176684648072446,0 120.1235646089732,-5.176338246253583,0 120.1240258791347,-5.176100078015829,0 120.1244092752856,-5.175979080786262,0 120.1248550064039,-5.17579244470953,0 120.1252714043729,-5.175659150377707,0 120.1256621357597,-5.175559543151293,0 120.126120714089,-5.175440277225302,0 
							</coordinates>
						</LineString>
					</Placemark>
					<Placemark>
						<name>LINE OUT BIKERU / REC KAROBBI - LBS MANIMPAHOI</name>
						<visibility>0</visibility>
						<description>6.40kms AAAC 3x150</description>
						<styleUrl>#inline0000</styleUrl>
						<LineString>
							<tessellate>1</tessellate>
							<coordinates>
								120.1510187665067,-5.168758969992788,0 120.1506260215268,-5.16865118022281,0 120.150272298995,-5.168658248549505,0 120.1497445630626,-5.168659654640386,0 120.1492287961917,-5.168691610719216,0 120.1488076007414,-5.168548407759002,0 120.1485486590556,-5.168304039366737,0 120.1482869868934,-5.167980471430623,0 120.1479754063783,-5.167683708742007,0 120.1476105700843,-5.167559900764479,0 120.1472447302307,-5.167496526446199,0 120.1467717010901,-5.167726757170138,0 120.1468783221647,-5.168254325152631,0 120.146696819136,-5.168701935545794,0 120.1461982902089,-5.168907368947151,0 120.1456896590903,-5.169055434562556,0 120.1450842231029,-5.169219380581398,0 120.1446771378969,-5.169370435556377,0 120.1441019040922,-5.169609668637899,0 120.1437733315715,-5.169666126418221,0 120.1434074933647,-5.169684406481745,0 120.1431788527035,-5.169605783685138,0 120.1429769785257,-5.169506816816739,0 120.1427514695908,-5.16942564382877,0 120.1420306622076,-5.169304919393578,0 120.1416439645079,-5.169496420431805,0 120.1409921465615,-5.169650939262411,0 120.1405382027003,-5.169964642197967,0 120.1397763947943,-5.170060163843357,0 120.1393408654953,-5.169873485859613,0 120.1391927289778,-5.169539438441565,0 120.1390529169143,-5.169206411898456,0 120.138816648076,-5.169153447293453,0 120.1386675908386,-5.169265320304915,0 120.1383456195757,-5.169472586956047,0 120.1380123754004,-5.169533560401767,0 120.1376531042437,-5.169582050713788,0 120.1371338237786,-5.169539382245108,0 120.1367739337429,-5.169454666010623,0 120.1366887700901,-5.169631787479199,0 120.1369074846637,-5.169980890764189,0 120.1365912906454,-5.170317212254735,0 120.1362482741843,-5.170557281330635,0 120.1359628005006,-5.170710289674039,0 120.1355146324677,-5.170675257925899,0 120.1351345495259,-5.170631825037063,0 120.1346703716064,-5.170522504893497,0 120.1342806799196,-5.170179604090244,0 120.1339688204208,-5.170242604390592,0 120.1336260513788,-5.170429526455736,0 120.133324825025,-5.170526899642292,0 120.1332705187136,-5.170786205178218,0 120.1333786490954,-5.171273947678033,0 120.1332107833893,-5.171557481305201,0 120.1329926480019,-5.171728035600209,0 120.1327662761042,-5.171901770270377,0 120.1324697158912,-5.172032656259246,0 120.1321456610821,-5.172137520135871,0 120.1317650875307,-5.172358031526882,0 120.1313131735505,-5.172541586572699,0 120.1308304755253,-5.172800315451807,0 120.1305167202797,-5.172984037063349,0 120.1299001261152,-5.173304084108557,0 120.1296365900917,-5.173483335069481,0 120.1293473887473,-5.173884849602367,0 120.12919070565,-5.174152855469229,0 120.1289975252953,-5.174468883604693,0 120.128972075058,-5.174540057163038,0 120.1289101378974,-5.174809793941942,0 120.1288637957162,-5.175162966966701,0 120.1287150173046,-5.175503532509823,0 120.1285133184506,-5.175835530052319,0 120.1283676732564,-5.176105030740964,0 120.128166310924,-5.176374526870656,0 120.1280237586645,-5.176614841535271,0 120.1278557032279,-5.17688560363347,0 120.1276729498351,-5.17712706449766,0 120.1274242248288,-5.177280320039115,0 120.1272375424478,-5.177620002551143,0 120.1270307673591,-5.177895218561044,0 120.1264410557404,-5.178003675912966,0 120.125969446086,-5.177955443400783,0 120.1255262464705,-5.177980639080274,0 120.1251283123084,-5.178206898288095,0 120.1247580322906,-5.178443498872238,0 120.1241822935174,-5.178862640960694,0 120.1239106481204,-5.179236362936128,0 120.1235927175452,-5.179582578668469,0 120.1233835120429,-5.179819704083866,0 120.1231252253859,-5.180295706045149,0 120.1230563521818,-5.180535237722391,0 120.1228099282356,-5.181070029700364,0 120.1226193551852,-5.181506167059125,0 120.1226486910164,-5.181854026507517,0 120.1226472680993,-5.182151621449776,0 120.1221732407988,-5.182524339793862,0 120.1216067410659,-5.182588096879839,0 120.1210514211462,-5.182790921310935,0 120.1207524687544,-5.182968372301318,0 120.1203572427294,-5.183188881932265,0 120.1198950479317,-5.183520991968173,0 120.1196253278081,-5.183887546693171,0 120.1192115727149,-5.184209903332835,0 120.1190000399019,-5.184503734316508,0 120.1185946557253,-5.184916024162566,0 120.1182152158769,-5.185212936889774,0 120.1177931119225,-5.185560691270554,0 120.1176520110978,-5.185692655012972,0 120.1173763614319,-5.185979049383885,0 120.11711359227,-5.186217565969226,0 120.1169247206971,-5.18636449179124,0 120.116467562616,-5.18639762155127,0 120.1162628272385,-5.186271305000035,0 120.1161571334712,-5.186205059771721,0 120.1159710710362,-5.18563524845106,0 120.1156052467888,-5.185418507427294,0 120.1152488576469,-5.185297829956188,0 120.1149817852984,-5.185346071423997,0 120.1147287106472,-5.185530888840547,0 120.1145412257935,-5.185753788213264,0 120.1143557861667,-5.185856250404256,0 120.114006432159,-5.185958806220624,0 120.1136775869513,-5.186362131719886,0 120.1137754604848,-5.186713956787581,0 120.1134647270272,-5.187065381882516,0 120.113211438642,-5.187556816339873,0 120.113335597113,-5.187886410798788,0 120.1133647944298,-5.188379362694234,0 120.1130556787527,-5.188561286831911,0 120.112529434076,-5.18875566565784,0 120.1122399121238,-5.188953650971443,0 120.1120555598621,-5.189117194229283,0 120.112015285022,-5.189375358392507,0 120.1120702068004,-5.189617090628668,0 120.112238592354,-5.190062458226692,0 120.1121422387793,-5.190376283627764,0 120.1119932783694,-5.19064193539248,0 120.1119032102349,-5.190780294027324,0 120.1116618830109,-5.19114468034341,0 120.1112597686777,-5.191653495787637,0 120.110830210793,-5.191923350117344,0 120.1103765854597,-5.192270996362452,0 
							</coordinates>
						</LineString>
					</Placemark>
					<Placemark>
						<name>LINE OUT BIKERU / REC KAROBBI / SECT SAOHIRING /FCO SAOHIRING</name>
						<visibility>0</visibility>
						<description>0.62KMS AAAC 3x35mm</description>
						<styleUrl>#inline0000</styleUrl>
						<LineString>
							<tessellate>1</tessellate>
							<coordinates>
								120.1112943485273,-5.191229881281244,0 120.110897342004,-5.191160931054621,0 120.1105318669298,-5.191165417550872,0 120.1100984168648,-5.191148507220945,0 120.1095969792519,-5.191080145872769,0 120.1091999835468,-5.191070792897311,0 120.1087646757292,-5.19110707857401,0 120.1084029838486,-5.190931527370447,0 120.1081612713916,-5.190520518386471,0 120.1080540746089,-5.190174054057007,0 120.1078455293758,-5.189681756117887,0 120.1074060269676,-5.189371925175169,0 120.1072075874204,-5.189149237754616,0 120.1070392771272,-5.188771616213996,0 
							</coordinates>
						</LineString>
					</Placemark>
					<Placemark>
						<name>LINE OUT BIKERU / REC KAROBBI / SECT SAOHIRING / FCO SAOHIRING - ASPAN PERTIGAAN MASJID SAOHIRING</name>
						<visibility>0</visibility>
						<description>5.1KMS AAAC 3x35mm</description>
						<styleUrl>#inline0000</styleUrl>
						<LineString>
							<tessellate>1</tessellate>
							<coordinates>
								120.1070364241911,-5.188766952297443,0 120.1068666432827,-5.188367564644389,0 120.1066363472902,-5.188047133057717,0 120.1063982923513,-5.187845741407796,0 120.1059890527155,-5.187811462851173,0 120.1056530240963,-5.187823067479021,0 120.1052797196786,-5.187798375240475,0 120.1050030117246,-5.187736674437078,0 120.104655921358,-5.187648834304917,0 120.1043819105927,-5.187483689130977,0 120.104135891445,-5.187360822025941,0 120.1037940400049,-5.187101526207358,0 120.1034555568011,-5.186667309020775,0 120.1032417295413,-5.186314409157958,0 120.1030343685782,-5.186005432223692,0 120.1028311142816,-5.185644230021881,0 120.1027542142632,-5.185218716207197,0 120.102881776522,-5.184819214509303,0 120.1030960172904,-5.184505752907875,0 120.1035581735314,-5.184308257213561,0 120.1039533699424,-5.184043291970451,0 120.1043409488337,-5.183782028604973,0 120.1048005130049,-5.183553902994184,0 120.1051847461832,-5.18329982437213,0 120.10548133171,-5.18292483110639,0 120.1056914484042,-5.182500787963881,0 120.1053727734738,-5.181982951068055,0 120.1051331053796,-5.181283307348983,0 120.1049939607776,-5.180940334804648,0 120.1048185817131,-5.180568457175426,0 120.1047499681491,-5.180101086288564,0 120.1048186219241,-5.179556635621481,0 120.1046519085784,-5.179037926249729,0 120.1044438501465,-5.178717688246781,0 120.104594235454,-5.178434950408224,0 120.1049003862357,-5.177970867989569,0 120.1047913634383,-5.177503234396744,0 120.1045058524514,-5.177219442095673,0 120.104693009884,-5.176799427039338,0 120.1050100394162,-5.176546744846355,0 120.1055643915906,-5.176216659230018,0 120.1059329082643,-5.175984641998132,0 120.1060767359626,-5.175717472087763,0 120.1060772973076,-5.175697821514833,0 120.1064468022793,-5.175399214551955,0 120.1067707984981,-5.175241132325597,0 120.1070686668849,-5.174916116624619,0 120.1070230565491,-5.174637381549076,0 120.1070800742031,-5.174268117742097,0 120.1074761514489,-5.174167043019167,0 120.1078198938239,-5.174072353635671,0 120.1080877829838,-5.173877599684989,0 120.1080471438593,-5.173531687376154,0 120.1078741136505,-5.173005130459688,0 120.1077067491949,-5.172529014308195,0 120.1075810619953,-5.172121963120763,0 120.1073254327811,-5.171754534060522,0 120.1070559535154,-5.17148167051019,0 120.1068309074648,-5.171022192226232,0 120.1071223982021,-5.170831472257325,0 120.1075225037259,-5.170659889903407,0 120.1079485903104,-5.170509131323265,0 120.1083303012706,-5.170329846726252,0 120.1088098316735,-5.170195695254138,0 120.1093972952041,-5.170142190645863,0 120.1095579075467,-5.169709842396692,0 120.1101314314955,-5.169390202507,0 120.1100700707939,-5.169060076509063,0 120.109944225833,-5.168677740087166,0 120.1099158997442,-5.168257203552312,0 120.1101041296711,-5.168095899653832,0 120.1103322738362,-5.167864981802223,0 120.1104039737585,-5.167552934552994,0 120.1103898623912,-5.167085318237106,0 120.1107003925002,-5.166769564824886,0 120.1107349807714,-5.166308870411037,0 120.1102864214058,-5.165784697599931,0 120.1105502743023,-5.165236177728957,0 120.1106230595941,-5.165108323603931,0 120.1106735171336,-5.164907636482908,0 120.1108320203607,-5.1642563589153,0 120.1109551514334,-5.16372856492631,0 120.1111226012998,-5.163363167484776,0 120.111617538892,-5.163205041252855,0 120.1119982746715,-5.163091078185402,0 120.1125397349998,-5.162801369485338,0 120.1125227331293,-5.162544838133389,0 120.1124510235001,-5.162107888911478,0 120.1125061780842,-5.161596376054994,0 120.1126605338807,-5.161217264570702,0 120.1125488753564,-5.160786903715644,0 120.1124700608395,-5.160308059844879,0 120.1121455542761,-5.160126818424147,0 120.1118824686174,-5.159769855402123,0 120.1114154857181,-5.159712803215836,0 120.1111440599583,-5.159398541474641,0 120.1110868348457,-5.159009175777917,0 120.1109824450113,-5.158426229764104,0 120.1107157399297,-5.158135115230405,0 120.1103635445717,-5.157830653497219,0 120.1099909511613,-5.1572265398545,0 120.1098520835594,-5.156750221629259,0 120.1096523717249,-5.156322678999267,0 120.1093123983729,-5.156074631980305,0 120.1090303725075,-5.155800090448754,0 120.1090277321019,-5.155329669253833,0 
							</coordinates>
						</LineString>
					</Placemark>
					<Placemark>
						<name>LINE OUT BIKERU / REC KAROBBI / SECT SAOHIRING / FCO BONTO</name>
						<visibility>0</visibility>
						<description>1.42kms AAACS 3x70mm</description>
						<styleUrl>#inline0000</styleUrl>
						<LineString>
							<tessellate>1</tessellate>
							<coordinates>
								120.1060812443296,-5.175719541391449,0 120.10595876547,-5.175510676378804,0 120.1057066105022,-5.175141282550121,0 120.1053652935448,-5.174951378408731,0 120.1050536991737,-5.174938955843709,0 120.1046878999658,-5.174732444217365,0 120.1042892871908,-5.174471421408274,0 120.1037832090706,-5.174362753172118,0 120.1035715340101,-5.174182663541156,0 120.1033974817751,-5.174049133387059,0 120.1029927912512,-5.173851156954687,0 120.102460632457,-5.173689225593791,0 120.1021030118467,-5.173527388493419,0 120.1016391863023,-5.173455534497136,0 120.1012362875684,-5.173244495761678,0 120.1008836460869,-5.172893419914554,0 120.1007148784073,-5.172482972382289,0 120.1002483102206,-5.172136483622515,0 120.0998885903307,-5.171742143173195,0 120.0994964257809,-5.171434456467422,0 120.0990237444439,-5.171005752101365,0 120.0987633571236,-5.170483660601501,0 120.0984842561001,-5.170187914282938,0 120.0980207787781,-5.17008853956129,0 120.0978549872227,-5.169709310598085,0 120.0976828432856,-5.169101489009225,0 120.0971853507824,-5.168634903704272,0 120.0963528188843,-5.168709615078611,0 
							</coordinates>
						</LineString>
					</Placemark>
					<Placemark>
						<name>LINE OUT BIKERU / REC KAROBBI / SECT SAOHIRING / FCO PEPARA</name>
						<visibility>0</visibility>
						<description>1.57 KMS AAACS 3x70mm</description>
						<styleUrl>#inline0000</styleUrl>
						<LineString>
							<tessellate>1</tessellate>
							<coordinates>
								120.1090277116254,-5.155331605076396,0 120.1088549403283,-5.15496723835767,0 120.1085478607239,-5.154783707746751,0 120.1083199800341,-5.154753610519829,0 120.1079061078898,-5.154557766142566,0 120.1074331479264,-5.154582858225013,0 120.1070755799132,-5.154438680672073,0 120.1072452479519,-5.154065004274403,0 120.1074418024943,-5.153772698274603,0 120.107248421761,-5.153472717724157,0 120.1068288901183,-5.153475328878247,0 120.1063270781902,-5.153278046502772,0 120.1059331333369,-5.153238939094537,0 120.105538306791,-5.153126470076724,0 120.1049885638875,-5.152982775626862,0 120.1045555320816,-5.152795816392219,0 120.1042367116075,-5.152537827560982,0 120.1038979125097,-5.152398060216618,0 120.1035988012349,-5.152322598437292,0 120.1033849501671,-5.151919718702877,0 120.1034185321991,-5.151398600782371,0 120.1033932399617,-5.151058886801965,0 120.1033573673057,-5.150676236190037,0 120.1029696430545,-5.150314850727307,0 120.1024646673748,-5.150422672519212,0 120.1020704130475,-5.15018086087536,0 120.1016063653795,-5.149862459255109,0 120.1013474880767,-5.149617865485154,0 120.1010211014627,-5.149285639643102,0 120.1010014704616,-5.148908257735956,0 120.1009937930438,-5.148447234797697,0 120.1008632170277,-5.148125926459175,0 120.1006267499843,-5.14789638124762,0 120.100232910202,-5.147646834935332,0 120.1001050129394,-5.147372985053106,0 
							</coordinates>
						</LineString>
					</Placemark>
					<Placemark>
						<name>LINE OUT BIKERU / REC KAROBBI / FCO MANUBBU</name>
						<visibility>0</visibility>
						<description>3.80 kms AAAC 3x70mm</description>
						<styleUrl>#inline0000</styleUrl>
						<LineString>
							<tessellate>1</tessellate>
							<coordinates>
								120.0898736013609,-5.206207719053245,0 120.0898477474143,-5.205903409648302,0 120.0898414986274,-5.20552606356665,0 120.0896018343373,-5.205244180842638,0 120.089293780415,-5.205035354243395,0 120.0891452082752,-5.204680778243058,0 120.0890991651658,-5.204279735869295,0 120.0889702527187,-5.204023947602948,0 120.0887960107059,-5.20380034861721,0 120.0884861170705,-5.20369911486265,0 120.0881968375917,-5.203588032355495,0 120.0877420149644,-5.203487127184624,0 120.0874319850873,-5.203361260600963,0 120.0872692706432,-5.202902762526453,0 120.0869842471539,-5.20247704052934,0 120.0867345093004,-5.202579022826759,0 120.0865139436731,-5.202488216974261,0 120.0861160658049,-5.202696188234157,0 120.0856486167926,-5.203025514766414,0 120.0850613780165,-5.203189041710459,0 120.0845580534949,-5.203284268966742,0 120.084250955927,-5.203241835277776,0 120.0840306605165,-5.203072849725548,0 120.0836215041057,-5.203312801960171,0 120.0832294520185,-5.203649893889644,0 120.0827963246317,-5.203862986953521,0 120.0824657067091,-5.203986427984329,0 120.0820482499487,-5.204132171102655,0 120.0816014874553,-5.204248712577964,0 120.0811832816974,-5.204407272998223,0 120.0807820374766,-5.204523045307077,0 120.0803184011637,-5.204683628276338,0 120.0799528510786,-5.204883142517491,0 120.0793577858122,-5.205073279009646,0 120.0791328337785,-5.205131836099935,0 120.0786857950264,-5.205266652700271,0 120.0781911634317,-5.205407240015363,0 120.0778375295978,-5.205375428727575,0 120.0773849203739,-5.205614854762886,0 120.0769975793683,-5.205746785357449,0 120.0766955395282,-5.205844226541982,0 120.0761414402937,-5.205996062535259,0 120.0757320104666,-5.206063934206828,0 120.0757320568693,-5.206060068401751,0 120.0753981449716,-5.206091789147799,0 120.075029516039,-5.205970194910843,0 120.0746653686932,-5.205805062283125,0 120.0744002999256,-5.205746050368798,0 120.07407470494,-5.205798044519456,0 120.0733862330869,-5.205944680974322,0 120.0731282042803,-5.205523037064701,0 120.0727902067105,-5.205309671317918,0 120.0725579275303,-5.205035613273629,0 120.0725762235423,-5.204569763474876,0 120.0723258020668,-5.204215356902742,0 120.0719329037806,-5.204083958377479,0 120.0719745917806,-5.203638102397838,0 120.0719910565979,-5.203270463927251,0 120.0716293819342,-5.202989263381419,0 120.0715125980624,-5.202591253382118,0 120.0714490043053,-5.202175928765598,0 120.0712617072448,-5.202033783241582,0 120.0710989802455,-5.201913112849907,0 120.0709219461188,-5.201706671176114,0 120.0709628353902,-5.201381922549746,0 120.0710209837621,-5.201116593303905,0 120.0715176231915,-5.200907136455081,0 120.0718991604359,-5.20071492334183,0 120.0721833876525,-5.200511063436695,0 120.0723208393437,-5.200098489483586,0 120.0727016924751,-5.199922017406986,0 120.0730309765381,-5.199526370101204,0 120.0733028679605,-5.199128799841129,0 120.0731977199958,-5.198590334233643,0 120.0731962817701,-5.198142257674972,0 120.0728986464887,-5.197679738572557,0 120.0724273876911,-5.196838321990354,0 120.0723214245475,-5.196535985996008,0 120.072011332472,-5.195989753738332,0 120.0722582982877,-5.195773276251762,0 120.0724535820983,-5.195429249690202,0 120.0725494061741,-5.195122657673782,0 120.0725766111263,-5.194647716158492,0 120.0727533507932,-5.194306079936884,0 
							</coordinates>
						</LineString>
					</Placemark>
					<Placemark>
						<name>LINE OUR BIKERU / REC KAROBBI / LBS MANIMPAHOI - LBS KOMPANG</name>
						<visibility>0</visibility>
						<description>1.12KMS AAAC 3x70mm</description>
						<styleUrl>#inline0000</styleUrl>
						<LineString>
							<tessellate>1</tessellate>
							<coordinates>
								120.0898735424681,-5.206214011063334,0 120.0896568268174,-5.206388969186592,0 120.0892081382523,-5.20669697136793,0 120.0889408061343,-5.206768354611743,0 120.0886014572555,-5.206633847537446,0 120.088294355827,-5.206454117849355,0 120.0880700926147,-5.206347363352712,0 120.0877542610152,-5.206441118768066,0 120.0877601231409,-5.206800225188876,0 120.0876749777354,-5.206975246527957,0 120.0874213062981,-5.206984176201992,0 120.0871249527963,-5.206916200155287,0 120.086692169182,-5.206871274475909,0 120.0864690306349,-5.20727224314054,0 120.0863859993675,-5.20759668981949,0 120.0864078899216,-5.208011517341958,0 120.086022617257,-5.208310031853649,0 120.0855828285954,-5.208477308260587,0 120.0852495374138,-5.20864580267535,0 120.0851182224619,-5.208894399897154,0 120.0849609914183,-5.20919808177408,0 120.0846540991637,-5.209617347444453,0 120.084396754072,-5.210071951310305,0 120.0841905607851,-5.210454642951663,0 120.0839683358903,-5.210647584061889,0 120.0835333669542,-5.210802721186587,0 120.0832457002994,-5.210940995940281,0 120.0828473611613,-5.21081688871097,0 
							</coordinates>
						</LineString>
					</Placemark>
					<Placemark>
						<name>LINE OUT BIKERU / REC KAROBBI / LBS MANIMPAHOI - LBS PERBATASAN</name>
						<visibility>0</visibility>
						<description>9KMS AAAC 3x70mm</description>
						<styleUrl>#inline0000</styleUrl>
						<LineString>
							<tessellate>1</tessellate>
							<coordinates>
								120.0828488818823,-5.210814371987422,0 120.0824300540258,-5.210607237889342,0 120.0821091966914,-5.210242208975095,0 120.0818405150053,-5.209986470536037,0 120.0814830116617,-5.210089829029209,0 120.0811361068284,-5.210222325963604,0 120.0808332633815,-5.209980991490895,0 120.080459347954,-5.2097530063388,0 120.0801430744442,-5.209725227266449,0 120.0798728079115,-5.209850539901842,0 120.0794446443922,-5.210099644570803,0 120.079241287726,-5.210329566904375,0 120.0794588069439,-5.21056964656839,0 120.0794135764481,-5.21099316758309,0 120.0794228150874,-5.211094101468243,0 120.0791775688612,-5.211274330005841,0 120.0789584273048,-5.211363222204766,0 120.0787152358187,-5.211531231243132,0 120.0781944120156,-5.211828621032488,0 120.0777595298571,-5.212066028070738,0 120.0780010877753,-5.212367456257294,0 120.0782001194392,-5.212777564938936,0 120.0785403068356,-5.21307462293163,0 120.078938712839,-5.213491347158108,0 120.0792929638583,-5.213710323810484,0 120.0793255540478,-5.213921659031789,0 120.0791072875706,-5.214141465203287,0 120.0788357510574,-5.214458113126162,0 120.0784794598744,-5.214726273851517,0 120.0781719070338,-5.214976723014948,0 120.0778930444092,-5.215351324113157,0 120.0776859072687,-5.215617671859348,0 120.0773921941687,-5.215744293310424,0 120.0770246179369,-5.215829784549819,0 120.0769279008095,-5.21599934677299,0 120.0768061877348,-5.216235889791655,0 120.0763328325243,-5.216569307605775,0 120.0760344020377,-5.216700486508871,0 120.0756994284792,-5.21685605657428,0 120.0753926697107,-5.216858631725587,0 120.0748931567435,-5.216539256327394,0 120.0745582823356,-5.216326862300114,0 120.0741900784847,-5.216183624066636,0 120.0738875460732,-5.216109116999047,0 120.0734747233498,-5.216084613659616,0 120.0732670735954,-5.216286003282883,0 120.0731374665085,-5.216519431384881,0 120.0729550979488,-5.216723958464275,0 120.0725037901755,-5.216784205821631,0 120.0722681449014,-5.216826853176543,0 120.072031707152,-5.216843833723218,0 120.071582930798,-5.216624501399938,0 120.0712695183692,-5.216546561308097,0 120.0708233578201,-5.216375854591937,0 120.0705537149415,-5.216489999054687,0 120.0703069044637,-5.216657861252156,0 120.0702286796228,-5.216831718036831,0 120.070256206568,-5.21723306978136,0 120.0704206243651,-5.217663317418157,0 120.070432484762,-5.217917589423565,0 120.0701976150911,-5.218313281802031,0 120.0699493281065,-5.218570460106435,0 120.0697370631409,-5.218786941572041,0 120.0697818452299,-5.219041985313169,0 120.0703141199512,-5.219145225740045,0 120.070457599777,-5.219607904125901,0 120.070274643984,-5.220074382496501,0 120.0699506615531,-5.220517971575484,0 120.0700020954258,-5.221042406584198,0 120.0699689696291,-5.221366360155186,0 120.0695742506558,-5.221488298723763,0 120.0693120609657,-5.221662161880488,0 120.0689234726653,-5.221327781736941,0 120.0684466746315,-5.221578695161456,0 120.0681965475468,-5.221745707644214,0 120.0679128378675,-5.221603430355375,0 120.0676883817671,-5.221475214779442,0 120.0673302397562,-5.221813153105609,0 120.0671263089996,-5.222116585465423,0 120.066702028063,-5.222217315757102,0 120.0662964543826,-5.222002061136136,0 120.0659898604374,-5.222101713637088,0 120.0660084817909,-5.222409048924259,0 120.0661323322108,-5.222803001116338,0 120.0661255114936,-5.223262467812932,0 120.0659116076018,-5.223546216989152,0 120.0655964185907,-5.22378600946211,0 120.0656930095047,-5.224163144007578,0 120.0655654611246,-5.224507588373573,0 120.0651817270541,-5.224555416017971,0 120.0650173384039,-5.224911068465006,0 120.0647789860975,-5.225179681102551,0 120.0643062202776,-5.225370160687266,0 120.0642032853113,-5.225591356852277,0 120.0639232564166,-5.225661248097536,0 120.0635256810273,-5.225504028533066,0 120.0630958984178,-5.225452445753612,0 120.0628296719863,-5.22519071487793,0 120.0624458123447,-5.225244858330607,0 120.0619929058977,-5.225226620860431,0 120.0615601465822,-5.225413003671892,0 120.0617101571216,-5.225838856968694,0 120.0619870160045,-5.226201312741541,0 120.0622047140065,-5.226387793913629,0 120.0624456580927,-5.226630293921271,0 120.0627043931638,-5.226828725711043,0 120.0630242031463,-5.227346594981919,0 120.0627545098492,-5.227529525588975,0 120.062511907557,-5.227792989270807,0 120.0623803545973,-5.228175743917827,0 120.0618860901472,-5.22844017582167,0 120.0614411172106,-5.228841491065433,0 120.0617773093205,-5.229299206021827,0 120.0621688349064,-5.229555341052625,0 120.0625460905607,-5.229710190247039,0 120.0629280266967,-5.229822385820289,0 120.0627784738229,-5.230373756134436,0 120.0625054544598,-5.230769812959837,0 120.0622122447182,-5.230917009282212,0 120.061559956898,-5.231055947266493,0 120.0609730507646,-5.23146496116274,0 120.060880269352,-5.232121553847559,0 120.0607827349251,-5.232311571984695,0 120.0605785906381,-5.232421433020777,0 120.0602191180137,-5.232617005208986,0 120.0598937693343,-5.232973680280899,0 120.0595344123245,-5.233183000650349,0 120.0592189618484,-5.233558125557336,0 120.0590509019105,-5.233932213419924,0 120.0587888341946,-5.234437931713517,0 120.0583330027615,-5.234527554830525,0 120.0580333506572,-5.234397657114974,0 120.0578496857213,-5.234569756347738,0 120.057381315842,-5.234859340647994,0 120.0570079985172,-5.235283067528399,0 120.0568218143554,-5.235672536844356,0 120.0565755024829,-5.23590304949011,0 120.0564013835399,-5.236322019742071,0 120.0562432786266,-5.236526885217828,0 120.0560958236518,-5.236677541062459,0 120.0558817073463,-5.236738380931125,0 120.0555941255028,-5.236627888400185,0 120.0554410558041,-5.236857011408916,0 120.055138587278,-5.237149019555055,0 120.0550182484274,-5.237526282255504,0 120.0550265957244,-5.237849079162419,0 120.0547099619655,-5.23804390238911,0 120.0544001125409,-5.238183358153994,0 120.0541065853754,-5.238480873417111,0 120.0537783032882,-5.238452445419094,0 120.0534163846504,-5.238258445631462,0 120.053219781788,-5.238129014304747,0 120.0527472209459,-5.238021563575936,0 120.0526241080194,-5.238275710369841,0 120.0525167080158,-5.238542085619327,0 120.052124868222,-5.238744665439215,0 120.0517282918924,-5.239006003101993,0 120.0515433069966,-5.23923850937158,0 120.0513247429683,-5.239291649257535,0 120.0509355048077,-5.239283431003946,0 120.0507500307879,-5.239582540112709,0 120.0507441736922,-5.239983781368081,0 120.0512134886821,-5.240778902623825,0 120.0510347439513,-5.241055946747776,0 120.0503334081205,-5.240845318425817,0 120.0499223489923,-5.240817199385923,0 120.0495308166142,-5.241261528068594,0 120.0494638269599,-5.241454711739631,0 120.0493964525632,-5.241732891236829,0 120.0492236771701,-5.242155807763965,0 120.0489701611429,-5.242387336432972,0 120.0489929400865,-5.242735284619866,0 120.0485522725434,-5.242799290801342,0 120.0480978420616,-5.242908658438946,0 120.0476607551338,-5.243042850634306,0 120.0471252818625,-5.243398358297766,0 120.047121992918,-5.243199487953152,0 120.0469336335527,-5.242822641752977,0 120.0466379225576,-5.242625068092787,0 120.046144792679,-5.242327368357463,0 120.0463593959813,-5.241768469841723,0 120.0464878893134,-5.241379677044252,0 120.0467031670423,-5.240847663684346,0 120.0465217444245,-5.240642585650602,0 120.0464673638304,-5.240489751669522,0 120.0465524618346,-5.240282342698202,0 120.0463747284065,-5.239700254815985,0 120.0464836725443,-5.239522485177274,0 120.046956047301,-5.238863863383558,0 120.0471342792825,-5.238399930643569,0 120.0467644845644,-5.238168266657975,0 120.0464613887688,-5.237787900946554,0 120.0463014599545,-5.237497219212358,0 120.0460534327982,-5.236837285226194,0 
							</coordinates>
						</LineString>
					</Placemark>
					<Placemark>
						<name>HIC Asuhan FCO Saohiring</name>
						<visibility>0</visibility>
						<description>AAACS 3x150mm</description>
						<styleUrl>#inline0000</styleUrl>
						<LineString>
							<tessellate>1</tessellate>
							<coordinates>
								120.1136190432997,-5.15322794483712,0 120.1141125486744,-5.153433683394053,0 120.1144740792793,-5.15375062235205,0 120.1148870920905,-5.154056170986283,0 120.1152906738889,-5.154309510952998,0 120.1157847185637,-5.154597012545539,0 120.1161215106082,-5.154751256277648,0 120.1164922880534,-5.155152414555107,0 120.1168236923667,-5.155567947767194,0 120.1171533837226,-5.156083335733381,0 120.1174234853255,-5.156385447698518,0 120.1177962463971,-5.156808361727234,0 
							</coordinates>
						</LineString>
					</Placemark>
					<Placemark>
						<name>CO LITALITAE</name>
						<visibility>0</visibility>
						<description>0,4 kms AAAC-S 70mm</description>
						<styleUrl>#inline9</styleUrl>
						<LineString>
							<tessellate>1</tessellate>
							<coordinates>
								120.1015671607297,-5.200258914288761,0 120.1015524127153,-5.200421028644572,0 120.1015833747214,-5.200563953486893,0 120.1015897508196,-5.200751211913958,0 120.1015086723803,-5.200888845644826,0 120.1014691813272,-5.201037307149138,0 120.1014806622307,-5.201212253880088,0 120.1014051960215,-5.201341587569407,0 120.1012148435011,-5.201450340419499,0 120.1012378813619,-5.201680755620226,0 120.1012415321863,-5.201860655690266,0 120.1010955413085,-5.201992320388204,0 120.1010571829754,-5.202111247617716,0 120.1010419245457,-5.202248088466713,0 120.1009999233442,-5.202396105025948,0 120.1008897198483,-5.202591181823441,0 120.1007249089813,-5.202742179974941,0 120.1005963053109,-5.202896483903156,0 120.1005685447731,-5.203016888238378,0 120.100640453376,-5.203205171478295,0 120.1007048482095,-5.203400487484998,0 
							</coordinates>
						</LineString>
					</Placemark>
					<Placemark>
						<name>CO LEMBANGNGE</name>
						<visibility>0</visibility>
						<description>0,95 kms AAAC-S 70mm</description>
						<styleUrl>#inline13</styleUrl>
						<LineString>
							<tessellate>1</tessellate>
							<coordinates>
								120.1102422214228,-5.192258017631172,0 120.1104674285647,-5.192591847881541,0 120.1106363536417,-5.19292891923131,0 120.1107331686285,-5.193409898853089,0 120.1107385447847,-5.193810846176972,0 120.1106852143433,-5.194155499920202,0 120.1107009944514,-5.194409683602011,0 120.1107956152806,-5.194656716017197,0 120.1109757552071,-5.19490731562426,0 120.1111215628622,-5.19497787180337,0 120.1113534047574,-5.19491022467884,0 120.1115449479151,-5.194869525473182,0 120.1117122283405,-5.194874623034869,0 120.1118501492765,-5.195040253542784,0 120.1119237070853,-5.195221006099191,0 120.1119903288536,-5.195331537336265,0 120.1121186170738,-5.195414232564461,0 120.1124219121865,-5.195394890310955,0 120.1126720635064,-5.195440304504169,0 120.1126893955739,-5.195616254551018,0 120.1126653475781,-5.19574418973265,0 120.11265484897,-5.195875852797537,0 120.1127339765331,-5.196018666535642,0 120.1128994204792,-5.196168625975514,0 120.1130276954596,-5.196257261452122,0 120.1131804799392,-5.196342933646473,0 120.113389462087,-5.196545014479912,0 120.1135731868824,-5.196835478987998,0 120.1136240927022,-5.197142624119451,0 120.1136207661418,-5.197386648849231,0 120.1135846959543,-5.19762644558349,0 120.1135160790823,-5.19776080742248,0 120.1132949453412,-5.197915298613242,0 120.1130739939757,-5.197976720873551,0 120.1127491400381,-5.198106936283987,0 120.112653651772,-5.198244379190402,0 
							</coordinates>
						</LineString>
					</Placemark>
				</Folder>
				<Folder>
					<name>REC TALLE</name>
					<visibility>0</visibility>
					<Placemark>
						<name>LINE OUT BIKERU / REC TALLE / FCO DESA BARU / FCO SAOTANRE</name>
						<visibility>0</visibility>
						<description>4.42KMS AAAC 3x35mm</description>
						<styleUrl>#msn_ylw-pushpin122</styleUrl>
						<LineString>
							<tessellate>1</tessellate>
							<coordinates>
								120.1282330765641,-5.207706934634979,0 120.1277958330795,-5.207832560154944,0 120.1274515537114,-5.207774617255804,0 120.1270689680059,-5.207774431867238,0 120.1267520727689,-5.207636142025823,0 120.1260774050692,-5.20762681664374,0 120.1257064708234,-5.207503903244506,0 120.1253247991876,-5.207272634081725,0 120.1249173679873,-5.207255011511406,0 120.1244349310708,-5.20736198134307,0 120.1239702058586,-5.207257254502617,0 120.1236241351116,-5.207382017675724,0 120.123119770859,-5.207401126388976,0 120.1226908952576,-5.207459273035808,0 120.1222148187925,-5.207682844464714,0 120.1217310817579,-5.207841620060091,0 120.1212562577497,-5.208068996700048,0 120.1210028206085,-5.208485076764092,0 120.1206945937301,-5.208881117753494,0 120.1203784754311,-5.20929944137917,0 120.12004637647,-5.209640394618138,0 120.1196822122759,-5.210038849743943,0 120.119220547945,-5.21020454895111,0 120.1186981174167,-5.210158524115272,0 120.1182183478134,-5.210273961781614,0 120.1177061302863,-5.210292209215269,0 120.1171119913975,-5.210069484777671,0 120.1168824965397,-5.209611098055805,0 120.1164195043074,-5.209566432851851,0 120.1158138524277,-5.209712683238211,0 120.1152145764973,-5.2100694747609,0 120.1147176566603,-5.210240456307567,0 120.114374199466,-5.210421186188272,0 120.1140721413879,-5.210708376503844,0 120.1136918143449,-5.211048805190373,0 120.1132642410587,-5.211519802552852,0 120.1129770067304,-5.211831309089162,0 120.1124420337728,-5.212010004875342,0 120.1119858702257,-5.212089026907814,0 120.1115750496094,-5.21226238865299,0 120.111135080345,-5.212368876125728,0 120.1110354641844,-5.212788599359841,0 120.1109506407298,-5.213002202255659,0 120.1109532421595,-5.213177263035345,0 120.1104751773995,-5.213305971719961,0 120.1100735299811,-5.21355801117211,0 120.109819463995,-5.213894729408303,0 120.1095134502122,-5.214219652586077,0 120.1090958380931,-5.214075954727921,0 120.1086924355057,-5.213900859781737,0 120.1082068867809,-5.214091853349192,0 120.1077511837691,-5.214270309048766,0 120.1074619333445,-5.21459895135211,0 120.1070847154253,-5.214805280707558,0 120.106731442347,-5.215128519981279,0 120.1062729425163,-5.215334846527488,0 120.1057162894488,-5.215290470977549,0 120.1049605400567,-5.215999113926503,0 120.1045245180267,-5.216166052037064,0 120.1041848779231,-5.21605691553373,0 120.1038208003117,-5.216346982692876,0 120.1034859648895,-5.216644712081624,0 120.1031560252974,-5.217137848756302,0 120.1028989504027,-5.217457365344566,0 120.1025892738256,-5.217778779622975,0 120.1021493599077,-5.217976231643294,0 120.1016792913493,-5.218308106213957,0 120.1012360941497,-5.218615051132385,0 120.1007014439374,-5.218632010221514,0 120.100266053326,-5.218663804764072,0 120.0997798399323,-5.21869808026443,0 120.0992986947453,-5.21869019379068,0 120.0988511422845,-5.218653847842735,0 120.0983324469273,-5.21863762871163,0 120.0980224560731,-5.219011419795259,0 120.097905359664,-5.219483843156914,0 120.0976315332152,-5.219835656200415,0 120.0970534906335,-5.22012762171718,0 120.0967156299711,-5.220535220131593,0 120.0958774731658,-5.220887225594845,0 120.0953207864291,-5.220888184282021,0 120.0948480411301,-5.221102219769324,0 
							</coordinates>
						</LineString>
					</Placemark>
					<Placemark>
						<name>LINE OUT BIKERU / REC TALLE - ASPAN FCO DESA BARU</name>
						<visibility>0</visibility>
						<description>0.28 AAAC 3x35mm</description>
						<styleUrl>#msn_ylw-pushpin122</styleUrl>
						<LineString>
							<tessellate>1</tessellate>
							<coordinates>
								120.1558860957195,-5.171077779297771,0 120.1554169107847,-5.171099490431686,0 120.1551708465065,-5.17126333720704,0 120.1548408182663,-5.171779673024617,0 120.1545348412508,-5.172303364045431,0 120.1543777599371,-5.172783599956188,0 
							</coordinates>
						</LineString>
					</Placemark>
					<Placemark>
						<name>LINE OUT BIKERU / REC TALLE / FCO DESA BARU</name>
						<visibility>0</visibility>
						<description>8.17kms AAAC 3x35mm</description>
						<styleUrl>#msn_ylw-pushpin122</styleUrl>
						<LineString>
							<tessellate>1</tessellate>
							<coordinates>
								120.1543692735626,-5.172813267383871,0 120.1541833465855,-5.173321601174678,0 120.1537788258383,-5.173781107769669,0 120.1534127175948,-5.174160448668511,0 120.15295693833,-5.174428488692415,0 120.1525679630716,-5.174633343249766,0 120.151992456738,-5.174628387223478,0 120.1514992877834,-5.174733813579697,0 120.1509862845623,-5.174862905519077,0 120.1505291875292,-5.175080206842591,0 120.1502201345192,-5.175207116454892,0 120.1498552206395,-5.175566690674133,0 120.1493949066817,-5.176009100771105,0 120.1491191445398,-5.176473821028192,0 120.1486203358666,-5.176970219173572,0 120.1481516649764,-5.177195533875837,0 120.1478169212934,-5.177607775546155,0 120.1476644244483,-5.178074691408244,0 120.1474265206126,-5.178598633699856,0 120.1472156488185,-5.179021766093249,0 120.1464924712232,-5.179808341133894,0 120.145976284486,-5.180044446407289,0 120.1454197721238,-5.180184986661087,0 120.1449216231311,-5.180388714308159,0 120.1443657614437,-5.180507203491885,0 120.1439030002072,-5.180644343597622,0 120.1436570096837,-5.181147309102026,0 120.1434887410594,-5.181631143817436,0 120.1429869766681,-5.181729678785021,0 120.1424560004261,-5.181670029638588,0 120.1419875711113,-5.1817203566912,0 120.1414141942262,-5.181810442768617,0 120.1409178784689,-5.181870604276398,0 120.1403839959125,-5.182016583877354,0 120.1399187762338,-5.182171615533491,0 120.1394513810403,-5.182565748343282,0 120.1390641140116,-5.182894961380444,0 120.1386900853716,-5.183332244714134,0 120.1385911148728,-5.183901613707555,0 120.1386847038485,-5.18442168353369,0 120.138618178286,-5.184908264899907,0 120.1385453612028,-5.1855110163708,0 120.1384672565514,-5.1859366089751,0 120.138234590771,-5.18649111207334,0 120.1379686563439,-5.186884016354485,0 120.1375680224052,-5.187373150522563,0 120.1371158957441,-5.187677540185258,0 120.1367386782087,-5.187875961646327,0 120.1363932555325,-5.188341305836167,0 120.1361225604597,-5.188566180357751,0 120.1356389445043,-5.188747859321322,0 120.1348295139917,-5.189135039394289,0 120.1346754709874,-5.189592209728082,0 120.1345711979796,-5.190096352340919,0 120.134206391297,-5.19090188151455,0 120.1340884734107,-5.19111655716969,0 120.1339785816903,-5.191364368061735,0 120.1339545566213,-5.191765948999786,0 120.1342487332258,-5.192185650972392,0 120.1343573181244,-5.192772914308633,0 120.1345708411002,-5.193475704978822,0 120.135106624192,-5.193367642758441,0 120.1356596332374,-5.193497106427905,0 120.1362100978203,-5.193625255575196,0 120.1366721145962,-5.193811585164401,0 120.1372003078424,-5.193626926623284,0 120.1378412174748,-5.1937063068543,0 120.1382720834437,-5.193359780387784,0 120.1387794566843,-5.193175228636332,0 120.1392121797467,-5.193150586468498,0 120.1397836993194,-5.193041701462184,0 120.1399092178629,-5.192816807452065,0 120.1400531958401,-5.192564983000348,0 120.1404273483776,-5.192362062908392,0 120.1410529436544,-5.192403203591113,0 120.1414810035108,-5.192438274112694,0 120.1417807074719,-5.19248423857235,0 120.1419698032071,-5.192789362912094,0 120.1417579344973,-5.19314478058282,0 120.1417116228003,-5.193562724745125,0 120.1415733080937,-5.193679262077009,0 120.1414240870928,-5.193928332299707,0 120.141700572762,-5.194594113976102,0 120.1419310441431,-5.194796493457251,0 120.1421022415357,-5.195224977874968,0 120.1419672047839,-5.195537986303553,0 120.1419563741733,-5.195917655066839,0 120.1421954565644,-5.19630544172062,0 120.1423177300273,-5.196593384922727,0 120.1428267928483,-5.196996848618724,0 120.1431604180757,-5.197418018409288,0 120.1435132453061,-5.197805824252426,0 120.1438142931098,-5.198205283785945,0 120.1440508152363,-5.198642965269466,0 120.1442994880154,-5.199146260097813,0 120.1444494000968,-5.199690274862361,0 120.1447282414261,-5.200206898405661,0 120.1446306954431,-5.200727655957366,0 120.1444259556637,-5.201328198228837,0 120.1443300121858,-5.201855422064114,0 120.1442669196098,-5.202302941209227,0 120.1443388376903,-5.202796148583364,0 120.144353434006,-5.203316613516291,0 120.1442586144942,-5.203750470518222,0 120.1437364088196,-5.204003898492807,0 120.1434274316951,-5.20432754921146,0 120.1433490743514,-5.204698370280897,0 120.1429036812818,-5.205008594135498,0 120.142431969691,-5.205342899785288,0 120.1424699385001,-5.205721940732999,0 120.1423851554115,-5.206226569784091,0 120.1426726993936,-5.206696376856022,0 120.1425396337606,-5.207154264815672,0 120.1420853005883,-5.207475980342257,0 120.1416899270517,-5.207754024489722,0 120.1413004644093,-5.208179679029751,0 120.1406739205314,-5.208484691171313,0 120.1404411025244,-5.208660717217424,0 120.139931037229,-5.208968420750223,0 120.1395409273852,-5.209085035946369,0 120.1390511404998,-5.208962174334191,0 120.1384306044366,-5.208628387090278,0 120.1380367688938,-5.208816672300943,0 120.1375450277073,-5.209046279952754,0 120.1370624829522,-5.209193803452412,0 120.1365538378573,-5.209149579562471,0 120.1359963456508,-5.208883965136835,0 120.1357533847905,-5.208908904331005,0 120.1354818119183,-5.209542079959155,0 120.1350637175467,-5.209886088110414,0 120.134547219456,-5.209910713308787,0 120.1339919384418,-5.209735560959888,0 120.1334962311349,-5.20948130957284,0 120.1329830478551,-5.20938181108303,0 120.1325618805988,-5.20922769485522,0 120.1319249283336,-5.209067450338003,0 120.1314774951609,-5.208899073951198,0 120.1310154813959,-5.208605734866224,0 120.1305474996497,-5.208337269486423,0 120.1300617677208,-5.208106809705678,0 120.1295984879572,-5.207911564776226,0 120.1290909594752,-5.207775526411069,0 120.1286563560706,-5.207673265645218,0 120.128212619975,-5.207712019782674,0 
							</coordinates>
						</LineString>
					</Placemark>
					<Placemark>
						<name>LINE OUT BIKERU / REC TALLE / FCO DESA BARU / FCO SAOTANRE / FCO CODDONG</name>
						<visibility>0</visibility>
						<description>3.82kms AAACS 3x70mm</description>
						<styleUrl>#msn_ylw-pushpin122</styleUrl>
						<LineString>
							<tessellate>1</tessellate>
							<coordinates>
								120.094844577724,-5.221108753027031,0 120.0944596229229,-5.221485524482062,0 120.0939008871641,-5.221858193380525,0 120.0937838908775,-5.222247412239009,0 120.0938539874358,-5.222551038170336,0 120.0940196550322,-5.223024953910138,0 120.0941674600712,-5.223396375804636,0 120.0940192873179,-5.223727245226696,0 120.0940028873847,-5.223921924690491,0 120.0942312611705,-5.224512942313159,0 120.0941894641732,-5.225087378409293,0 120.0940317100556,-5.225695342947998,0 120.0935215100925,-5.226138726859864,0 120.0932326111727,-5.22625316337683,0 120.0930792067758,-5.226398470883788,0 120.0927135851164,-5.226619806506931,0 120.0923895078201,-5.227026131001556,0 120.0922876777086,-5.227506779685357,0 120.0920612697069,-5.227973223469726,0 120.0916409442883,-5.228240975586469,0 120.0911278892956,-5.228434895087966,0 120.0907114978489,-5.22892971476533,0 120.0906020482534,-5.229084639250575,0 120.0904536880433,-5.229528133245398,0 120.0903052978054,-5.230023453092242,0 120.0901830851871,-5.230407806372104,0 120.0897843731716,-5.230661720989391,0 120.0893232507499,-5.230821925437068,0 120.0888438237207,-5.23091952904791,0 120.088431157809,-5.230988660986919,0 120.0878749783966,-5.231067003666304,0 120.0874988297089,-5.231040368931026,0 120.0871398037343,-5.23116540059143,0 120.0866172676406,-5.231290452923545,0 120.0861299720047,-5.231361741743597,0 120.086127261914,-5.231891227955422,0 120.0863975150956,-5.232345255493137,0 120.0864837529239,-5.232790314217428,0 120.0864474010917,-5.233152635733106,0 120.0863891072887,-5.233494340534503,0 120.0857197408628,-5.233871713148133,0 120.0852512136837,-5.234005130338145,0 120.0847996321616,-5.234113967777354,0 120.0843642731136,-5.234231531710608,0 120.0840674130167,-5.234591358223652,0 120.0836657146029,-5.234811526495371,0 120.0834864917189,-5.235122221948997,0 120.0832159306704,-5.235493559870926,0 120.0830076202093,-5.236018579072142,0 120.0829742657751,-5.236308360300791,0 120.0828541705634,-5.236787162864601,0 120.0824258698599,-5.237211203805552,0 120.0820368295502,-5.237386783713816,0 120.0819973323702,-5.237928154790285,0 120.0819119467423,-5.238495164474903,0 120.0821614406191,-5.239054039080714,0 120.0820453591943,-5.239538530737708,0 120.0820260095721,-5.239989887753881,0 120.0820060368796,-5.240414004973185,0 120.0818097361958,-5.240738143784189,0 120.0812034171013,-5.241053165352906,0 120.0811200572327,-5.24152417138438,0 120.0812120566516,-5.241842725371998,0 120.0813321368412,-5.242182783699807,0 120.0812475618723,-5.242705910680463,0 120.0810979183225,-5.242966427944193,0 120.0808180100282,-5.243608008258767,0 120.0802543192505,-5.243349300599358,0 120.0797587370602,-5.243360637965398,0 120.0791806675569,-5.243193616493734,0 120.0787172525407,-5.243073130522394,0 120.078468161832,-5.243524083038835,0 120.0779546490629,-5.243601155821302,0 
							</coordinates>
						</LineString>
					</Placemark>
					<Placemark>
						<name>LINE OUT BIKERU / REC TALLE / FCO DESA BARU / FCO SAOTANRE / FCO CODDONG / FCO BATU PALLA</name>
						<visibility>0</visibility>
						<description>1.9 KMS AAACS 3x70mm</description>
						<styleUrl>#msn_ylw-pushpin122</styleUrl>
						<LineString>
							<tessellate>1</tessellate>
							<coordinates>
								120.077960245521,-5.243587662365671,0 120.0775686355064,-5.243432184115719,0 120.0773633195353,-5.243484525223399,0 120.0770906732822,-5.243320886255785,0 120.0768608648545,-5.24297462328141,0 120.0769332939027,-5.242821921824844,0 120.0770287081452,-5.242656297069146,0 120.0766900297905,-5.242563751416159,0 120.0763699579041,-5.24236320928597,0 120.0760735418058,-5.241991133468284,0 120.07589526465,-5.24165898977169,0 120.0755425522483,-5.24163055317061,0 120.0754820962822,-5.24198166867764,0 120.0755877285468,-5.242387781348541,0 120.075390056241,-5.242732922897698,0 120.0750379377164,-5.243011062809779,0 120.0748691130582,-5.243295856745592,0 120.0746949392055,-5.243562185765848,0 120.0745297662687,-5.243939024894867,0 120.0742864288091,-5.244214260811313,0 120.0742614486673,-5.244586548857285,0 120.0741300880609,-5.244847223608223,0 120.0740460101259,-5.245244065214163,0 120.0736891530085,-5.24545197373883,0 120.0733411736274,-5.245441596388051,0 120.0730961083608,-5.245175510284445,0 120.0729760282833,-5.244801722334852,0 120.0727476543569,-5.244777156754977,0 120.0725176802112,-5.245021537746736,0 120.0720686695155,-5.245265149291047,0 120.0719109357581,-5.244835235676684,0 120.0714930265963,-5.244609389767735,0 120.0710068760689,-5.244643898581693,0 120.070918752264,-5.244267495105444,0 
							</coordinates>
						</LineString>
					</Placemark>
					<Placemark>
						<name>LINE OUT BIKERU / REC TALLE / FCO DESA BARU / PERCAB HALIMPING</name>
						<visibility>0</visibility>
						<description>0.38KMS AAACS 3x70mm</description>
						<styleUrl>#msn_ylw-pushpin122</styleUrl>
						<LineString>
							<tessellate>1</tessellate>
							<coordinates>
								120.1025730858827,-5.217784236234569,0 120.1028430013174,-5.217924928097336,0 120.1033011931207,-5.21769191626736,0 120.1036907636313,-5.217510069931254,0 120.1041645588769,-5.21725254965783,0 120.1047289622567,-5.217177127931388,0 120.1051858645104,-5.216922589098899,0 120.1057344601922,-5.216987858975942,0 
							</coordinates>
						</LineString>
					</Placemark>
					<Placemark>
						<name>LINE OUT BIKERU / REC TALLE / FCO DESA BARU / PERCAB HALIMPING - UJUNG</name>
						<visibility>0</visibility>
						<description>2.12 AAACS 3x70mm</description>
						<styleUrl>#msn_ylw-pushpin122</styleUrl>
						<LineString>
							<tessellate>1</tessellate>
							<coordinates>
								120.1047293140582,-5.217174801555883,0 120.1046389872286,-5.217442923257432,0 120.1044260400742,-5.217689912802058,0 120.1040913915668,-5.218081946118476,0 120.1036519173452,-5.218295649308345,0 120.1032528076623,-5.218632112686602,0 120.1030414490897,-5.21892986938393,0 120.1028285369957,-5.219385087698974,0 120.1025852886325,-5.219798161078685,0 120.1025107107666,-5.220159790568534,0 120.1023351883956,-5.220462646745053,0 120.1023251023145,-5.220960398480336,0 120.1020111115677,-5.22120001909974,0 120.101663652765,-5.221340449821878,0 120.1015619639663,-5.221685828188978,0 120.1013449595341,-5.22209777250466,0 120.1011191055861,-5.222473649138008,0 120.1011866756894,-5.22286965444548,0 120.10112121136,-5.223269601894355,0 120.1009975776683,-5.223710384439437,0 120.101090615236,-5.224194110552006,0 120.1012167465335,-5.224597575595978,0 120.1015016680937,-5.224791442006363,0 120.1015896193115,-5.225099800070298,0 120.1013894067458,-5.225522077006763,0 120.1017740417115,-5.225782859156332,0 120.1015324712808,-5.22612004284562,0 120.1013182022498,-5.226485714310786,0 120.101148365025,-5.227106893096097,0 120.1010219688092,-5.22744305577717,0 120.100630892307,-5.227879469044069,0 120.1003750061692,-5.228153993738323,0 120.1000286059561,-5.228472405804784,0 120.0995261704745,-5.228465702127632,0 120.0995509405375,-5.228873549470403,0 120.0992545347796,-5.229348137706123,0 120.099201206808,-5.229769136094308,0 120.0989767004816,-5.230084156623003,0 120.0985657977751,-5.229989788112265,0 120.0980724046707,-5.230195166606084,0 120.097833271841,-5.230569969515533,0 120.0978256822389,-5.2310624504728,0 120.0977132636412,-5.231565052372769,0 120.0975445261429,-5.231870552671966,0 120.0973112202202,-5.232157502912166,0 
							</coordinates>
						</LineString>
					</Placemark>
				</Folder>
				<Folder>
					<name>REC TONDONG</name>
					<visibility>0</visibility>
					<open>1</open>
					<Placemark>
						<name>LINE OUT BIKERU / KE BS59210</name>
						<visibility>0</visibility>
						<description>0.01KMS AAACS 3x150mm</description>
						<styleUrl>#stylemap_id00301</styleUrl>
						<LineString>
							<tessellate>1</tessellate>
							<coordinates>
								120.2090435987667,-5.182436493606026,0 120.208962113653,-5.182059578828741,0 120.2086275886372,-5.18209784598421,0 120.2086046889167,-5.182121700812179,0 
							</coordinates>
						</LineString>
					</Placemark>
					<Placemark>
						<name>ASPAN PERCAB LAPPA DUMME - UJUNG TM</name>
						<visibility>0</visibility>
						<description>2.63 KMS 2x35mm</description>
						<styleUrl>#stylemap_id00301</styleUrl>
						<LineString>
							<tessellate>1</tessellate>
							<coordinates>
								120.1734651468365,-5.180777467150653,0 120.1740859438013,-5.180803894514845,0 120.1748502937412,-5.180849958970801,0 120.1755924458228,-5.180652096269515,0 120.1761682576782,-5.180546428247815,0 120.1768110116952,-5.180817709622257,0 120.1775199922701,-5.180818364121458,0 120.177909713593,-5.180359057616375,0 120.1783312516057,-5.179737887783301,0 120.178896814969,-5.179028725175441,0 120.1793392238849,-5.178126015917642,0 120.1794732288604,-5.177242328041276,0 120.1798703958946,-5.17659615169288,0 120.1805800915673,-5.176264969003365,0 120.1811323037169,-5.176028536776232,0 120.1815312886364,-5.17547170210347,0 120.1820651790623,-5.17525152221381,0 120.1824146973132,-5.175215377505453,0 120.1830665407384,-5.175283103809178,0 120.1836728276342,-5.175297184057911,0 120.1841963083695,-5.175247228712472,0 120.1846901927441,-5.175105101726462,0 120.1851416719,-5.174920229416064,0 120.1855733376295,-5.174645782714467,0 120.1859919453907,-5.174234879773817,0 120.1864200658069,-5.173901072598945,0 120.1869439979436,-5.173927696005466,0 120.1874643304786,-5.174173324172292,0 120.1876695210512,-5.174672257962794,0 120.1878761194723,-5.175146916042515,0 120.1880973239596,-5.175448692494843,0 120.1882347411795,-5.175609689793803,0 120.1885294652328,-5.175950224586803,0 120.1887736961053,-5.17619738868123,0 120.1889916087027,-5.176356050706119,0 120.1891137226734,-5.176541402625702,0 120.1892314499519,-5.176685397780001,0 120.1894695448995,-5.176877184976099,0 120.189772206851,-5.177017204122879,0 120.1900972358026,-5.177176027217729,0 120.1904571640325,-5.177339775236126,0 120.1907686198287,-5.177452019501595,0 120.1912439117027,-5.177800503148287,0 120.1916401409046,-5.178147364784257,0 
							</coordinates>
						</LineString>
					</Placemark>
					<Placemark>
						<name>FCO LAPPA DUMME</name>
						<visibility>0</visibility>
						<description>0.96 KMS AAACS 3x70mm</description>
						<styleUrl>#stylemap_id00301</styleUrl>
						<LineString>
							<tessellate>1</tessellate>
							<coordinates>
								120.1734633485239,-5.180770304599504,0 120.173748619131,-5.180349907329428,0 120.1739331191586,-5.179849260342039,0 120.1739231281185,-5.17943217538726,0 120.1736295425341,-5.179157703933925,0 120.1733590169382,-5.178819994565004,0 120.1731007323427,-5.178271023758846,0 120.1730724106766,-5.177870127713279,0 120.1729955942237,-5.177502280361145,0 120.172927262963,-5.17700435701543,0 120.1726955421221,-5.176683409785288,0 120.1724420160593,-5.176154391128674,0 120.1723440235691,-5.175530152992756,0 120.1722733882046,-5.17499029429633,0 120.1722286340062,-5.174575746086827,0 120.1721280549467,-5.174144107902577,0 120.1721477615588,-5.173649204571796,0 120.1721487397079,-5.17334848004992,0 120.1722464469986,-5.172849164634792,0 
							</coordinates>
						</LineString>
					</Placemark>
					<Placemark>
						<name>LINE OUT BIKERU / REC TONDONG / LBS LANCIBUNG 2 / LBS TALLE - REC TALLE</name>
						<visibility>0</visibility>
						<description>0.2 KMS AAAC 3x70mm</description>
						<styleUrl>#stylemap_id00301</styleUrl>
						<LineString>
							<tessellate>1</tessellate>
							<coordinates>
								120.1557928270944,-5.173246735468521,0 120.1557600297281,-5.172726202465462,0 120.1557691879602,-5.172269219290953,0 120.1557856661215,-5.172218027584695,0 120.1558870393938,-5.171754955623416,0 120.1558853239774,-5.171452260980029,0 120.1558747172756,-5.171075414381556,0 
							</coordinates>
						</LineString>
					</Placemark>
					<Placemark>
						<name>LINE OUT BIKERU / REC TONDONG / LBS LANCIBUNG 2 / FCO CAMMERU</name>
						<visibility>0</visibility>
						<description>1.32KMS AAACS 3x70mm</description>
						<styleUrl>#stylemap_id00301</styleUrl>
						<LineString>
							<tessellate>1</tessellate>
							<coordinates>
								120.1689534071591,-5.202879942572673,0 120.1691709844598,-5.202453243169995,0 120.1695287853053,-5.202038374037229,0 120.1698923280389,-5.201801521500781,0 120.1703071206372,-5.201632429831877,0 120.1707455728884,-5.201532124439698,0 120.171189655275,-5.201289871158899,0 120.1714876819862,-5.201027727915797,0 120.1718125812147,-5.200641752081533,0 120.1720777949103,-5.200330682501622,0 120.1723273593729,-5.199915833835636,0 120.172561748826,-5.199526143360162,0 120.1727818683947,-5.199117629403633,0 120.1730183873349,-5.198748072660497,0 120.1732686744941,-5.198313153442199,0 120.1734337520738,-5.197952298332531,0 120.1735773258196,-5.19752566655484,0 120.1736597020804,-5.197068800951853,0 120.1737587558939,-5.196613098203903,0 120.1739690640882,-5.196209714976253,0 120.1742070003116,-5.195901605176799,0 120.1745633633975,-5.195620164917329,0 120.175024978345,-5.195474970612923,0 120.175433532087,-5.195406498007227,0 120.1759328115603,-5.195240026852575,0 120.1762707031856,-5.194993685956795,0 120.1765780651723,-5.194657773644411,0 
							</coordinates>
						</LineString>
					</Placemark>
					<Placemark>
						<name>LINE OUT BIKERU / REC TONDONG / SECT BAKSO / FCO GARECCING TALLE</name>
						<visibility>0</visibility>
						<description>1.54KMS AAAC 3x70mm</description>
						<styleUrl>#stylemap_id00301</styleUrl>
						<LineString>
							<tessellate>1</tessellate>
							<coordinates>
								120.1552862694917,-5.203832653427733,0 120.1554636891492,-5.204189383496169,0 120.1556056419228,-5.204555384365038,0 120.1557611546818,-5.204993029660627,0 120.1556434601761,-5.205370838536481,0 120.1553842728611,-5.205647868330607,0 120.1549740622438,-5.205734741026918,0 120.1544398274159,-5.205738090137108,0 120.154161133083,-5.205898060266806,0 120.1538387762022,-5.20631524998245,0 120.1537565609712,-5.206678464490802,0 120.1536894768282,-5.207222277293618,0 120.1537921520558,-5.207625419233471,0 120.1540559398116,-5.207948130079266,0 120.1540429462208,-5.208298634324524,0 120.1539850451919,-5.208675405356353,0 120.1543924361145,-5.209101788026588,0 120.1545764688296,-5.209633280296792,0 120.1547289070869,-5.209990747971958,0 120.1550446461608,-5.210350942980918,0 120.1552086797456,-5.210697316000195,0 120.1549946044284,-5.211108035345922,0 120.1547869092613,-5.211286317896184,0 120.1544871891896,-5.211456401969014,0 120.1543719384826,-5.211998884024492,0 120.1544416296277,-5.212404684742817,0 120.1541026068559,-5.21269752087608,0 120.1538768064543,-5.21311861563056,0 120.1540335289468,-5.213379553267166,0 120.1542787845898,-5.213684787681638,0 120.1545483235479,-5.213916643486295,0 120.1547098603329,-5.214294070604006,0 120.1547185462967,-5.214665626374384,0 120.1549214512022,-5.215026243146495,0 
							</coordinates>
						</LineString>
					</Placemark>
					<Placemark>
						<name>LINE OUT BIKERU / REC TONDONG / LBS LANCIBUNG 2 / PERCAB BULUKAMASE - ASPAN PERCAB LAPPA DUMME</name>
						<visibility>0</visibility>
						<description>3.32 KMS AAAC 2x35mm+1x70mm</description>
						<styleUrl>#stylemap_id00301</styleUrl>
						<LineString>
							<tessellate>1</tessellate>
							<coordinates>
								120.1514726171366,-5.195777664004751,0 120.1516952222875,-5.19595225075884,0 120.1521551991939,-5.196089816080955,0 120.1525659434951,-5.196195235775722,0 120.1529320864746,-5.196128658776922,0 120.1534497805431,-5.19609823904477,0 120.1539292024333,-5.195911733467044,0 120.1542212871725,-5.195997603903782,0 120.1546625728094,-5.195770668712881,0 120.1547004214214,-5.195319958664715,0 120.1549541716399,-5.194943469080863,0 120.1553561359747,-5.194524087220275,0 120.1558634234471,-5.194061251700505,0 120.1562913865665,-5.193794400568661,0 120.1566812494359,-5.193498287833267,0 120.1566616848481,-5.192895964770716,0 120.156698683236,-5.192289213673595,0 120.1568651051502,-5.191947934846656,0 120.1570843930396,-5.191531181047154,0 120.1574739813914,-5.191331918355666,0 120.157976786527,-5.191182484412156,0 120.1584784688715,-5.191114151782702,0 120.1587863254419,-5.191009943803076,0 120.1591303547381,-5.190597405105582,0 120.1594460594224,-5.190097813913884,0 120.1596438757893,-5.189712051218212,0 120.1600094292588,-5.189375862580205,0 120.160542745681,-5.189102896076481,0 120.1610970798691,-5.18882581236193,0 120.1615341328829,-5.188495319500514,0 120.1619884759559,-5.188321852172208,0 120.1625047431094,-5.187946271984739,0 120.1629824089976,-5.187688106138051,0 120.1633358399864,-5.187728162327191,0 120.1640200780336,-5.187742996593445,0 120.1643112236132,-5.187654864069183,0 120.1648779847894,-5.18735802180802,0 120.1653323719697,-5.187093314248407,0 120.1656252880275,-5.186984987018003,0 120.1662421395603,-5.187049678857865,0 120.1666631095147,-5.186530631623633,0 120.1671554725859,-5.186230292459858,0 120.1676933798722,-5.186079912359537,0 120.1681912094151,-5.186144964506316,0 120.168573243196,-5.186121725872006,0 120.1691164917822,-5.185879482410201,0 120.1696319381343,-5.18576109746069,0 120.1702189794953,-5.185663390674705,0 120.1706616779165,-5.185310457993013,0 120.1708941176686,-5.185025609388918,0 120.1711779756776,-5.184455577011041,0 120.171452235148,-5.183847227923281,0 120.1719662604685,-5.183381387583178,0 120.1722776390333,-5.183092398836061,0 120.1724799234291,-5.182664130299828,0 120.1727726719072,-5.182225707257625,0 120.1727741023448,-5.181720584588254,0 120.1726940441015,-5.181235323923599,0 120.1731185841568,-5.180968041190239,0 120.1734667339979,-5.180772569255598,0 
							</coordinates>
						</LineString>
					</Placemark>
					<Placemark>
						<name>LINE OUT BIKERU / REC TONDONG / SECT BAKSO / PELANGGAN PT MACCOLLI LOLO</name>
						<visibility>0</visibility>
						<description>0.07kms AAAC 3x70</description>
						<styleUrl>#stylemap_id00301</styleUrl>
						<LineString>
							<tessellate>1</tessellate>
							<coordinates>
								120.1513907072897,-5.186930095881687,0 120.1512120117856,-5.186666394316919,0 120.1511076726665,-5.186514344020859,0 120.1510156573449,-5.186385314893468,0 120.1510025522901,-5.186368403557892,0 
							</coordinates>
						</LineString>
					</Placemark>
					<Placemark>
						<name>LINE OUT BIKERU / REC TONDONG / LBS LANCIBUNG 2 - SECT LANCIBUNG</name>
						<visibility>0</visibility>
						<description>0.58 AAAC 3x150mm</description>
						<styleUrl>#stylemap_id00301</styleUrl>
						<LineString>
							<tessellate>1</tessellate>
							<coordinates>
								120.1773973554726,-5.205439036328227,0 120.1772980473729,-5.205886534551258,0 120.1772062704268,-5.206286804858464,0 120.1771652076641,-5.20675847026865,0 120.1771605680991,-5.207227858673613,0 120.1772841625336,-5.20765563862993,0 120.1775457610608,-5.207945776269272,0 120.1777490575678,-5.208219868940958,0 120.1776808000172,-5.208691955570894,0 120.1776015915649,-5.209032618029268,0 120.1773932521871,-5.209287150291518,0 120.1772167570239,-5.209435497288155,0 120.1771403655931,-5.209902800824568,0 120.1770324511144,-5.210289386229653,0 
							</coordinates>
						</LineString>
					</Placemark>
					<Placemark>
						<name>PERCAB KE LABETTANG</name>
						<visibility>0</visibility>
						<description>0.30KMS AAAC 3x35mm</description>
						<styleUrl>#stylemap_id00301</styleUrl>
						<LineString>
							<tessellate>1</tessellate>
							<coordinates>
								120.2009519488489,-5.190337114793762,0 120.2013087291751,-5.190810048631049,0 120.2015460079151,-5.191402476354855,0 120.2016470731469,-5.191752769245451,0 120.2017514710716,-5.192365964258902,0 120.201785900089,-5.192822260385365,0 
							</coordinates>
						</LineString>
					</Placemark>
					<Placemark>
						<name>FCO CAMMERU 2</name>
						<visibility>0</visibility>
						<description>0.76KMS AAAC 3x70mm</description>
						<styleUrl>#stylemap_id00301</styleUrl>
						<LineString>
							<tessellate>1</tessellate>
							<coordinates>
								120.20066807596,-5.190703235090093,0 120.2006108583175,-5.190625304022588,0 120.2004439316148,-5.190436723169284,0 120.2002541747896,-5.190138716514425,0 120.2000270206434,-5.189623021868467,0 120.1998704581841,-5.189362184766499,0 120.1995637563244,-5.189113444994024,0 120.1992698101984,-5.188784354953992,0 120.199008335272,-5.188543856936725,0 120.1987129968628,-5.188391072752892,0 120.1983147177341,-5.188299277837723,0 120.1980919816774,-5.188279171681673,0 120.197920775989,-5.188262168908397,0 120.1974733619643,-5.188199784711155,0 120.1972111752748,-5.188149193647464,0 120.1969817184535,-5.188132713943546,0 120.196652976655,-5.188144163081652,0 120.1963745335207,-5.188116496027449,0 120.1962342439245,-5.188153997819173,0 120.1957914903541,-5.188152640922794,0 120.1954393371382,-5.187915885450555,0 120.1951487505954,-5.187704540999548,0 
							</coordinates>
						</LineString>
					</Placemark>
					<Placemark>
						<name>LINE OUT BIKERU / LBS AJU COLOE - LBS SERRE</name>
						<visibility>0</visibility>
						<description>1.98KMS AAAC 3x150mm</description>
						<styleUrl>#stylemap_id00301</styleUrl>
						<LineString>
							<tessellate>1</tessellate>
							<coordinates>
								120.1915291038477,-5.195696787755383,0 120.1913574433111,-5.196113941633397,0 120.1912932564787,-5.196575080081603,0 120.191070205536,-5.196976377993376,0 120.19076668974,-5.197107762977981,0 120.190756242975,-5.197128111970099,0 120.1902365871066,-5.197201888496033,0 120.1898026125098,-5.197131541766886,0 120.1894192026559,-5.1974251030649,0 120.1890780880664,-5.197754945290235,0 120.1887846314964,-5.198038137945622,0 120.188443054813,-5.198324626833398,0 120.1880775324124,-5.198488158809834,0 120.1876070432012,-5.198786962203089,0 120.1873540783595,-5.199054445886548,0 120.1870965652686,-5.199371749459406,0 120.1867594352121,-5.199687099040708,0 120.186485000686,-5.200073457329331,0 120.1861969534909,-5.200406062507827,0 120.1858038045089,-5.200720977334205,0 120.1854914753459,-5.200993342394166,0 120.1851672297849,-5.201291652287609,0 120.1848223889991,-5.201555102324646,0 120.1844546623394,-5.201805358802519,0 120.1840697394853,-5.202010372114879,0 120.1836082555606,-5.20218529417061,0 120.183182239243,-5.202188952813533,0 120.1827383138954,-5.202216131354717,0 120.1823510773913,-5.202433333437583,0 120.1819978828145,-5.202720233639144,0 120.1816369523098,-5.202992640818299,0 120.181303995474,-5.203249366823826,0 120.1810533232656,-5.203633991662673,0 120.1808416120123,-5.203964360321853,0 120.1804897371561,-5.204352270287219,0 120.1802165993869,-5.204638919882036,0 120.1798550268322,-5.204974019372764,0 120.1795279352905,-5.205295270671041,0 120.179149841381,-5.205547531702098,0 120.178801077948,-5.205405144922789,0 120.1783831941016,-5.2053129886143,0 120.1778775988036,-5.205294810848129,0 
							</coordinates>
						</LineString>
					</Placemark>
					<Placemark>
						<name>LINE OUT BIKERU / FCO SERRE - FCO BIRORO</name>
						<visibility>0</visibility>
						<description>6.70KMS AAAC 3x35mm</description>
						<styleUrl>#stylemap_id00301</styleUrl>
						<LineString>
							<tessellate>1</tessellate>
							<coordinates>
								120.1791506981097,-5.205547493026127,0 120.1794298432923,-5.205784500786651,0 120.1797496307983,-5.205972692610975,0 120.1801421354932,-5.206198308292263,0 120.1803903992113,-5.206504716886384,0 120.1805953011622,-5.206846972445007,0 120.1808166191545,-5.207144486758265,0 120.1811116828256,-5.207485315700839,0 120.181399602476,-5.207744180466676,0 120.181722321848,-5.207971191871868,0 120.1820676952088,-5.20818414770184,0 120.1824528513103,-5.208437689738965,0 120.1829453478893,-5.208778005742954,0 120.1833610530872,-5.209162949079813,0 120.1837975198777,-5.20956357184286,0 120.184285712782,-5.209829633699942,0 120.1847373684264,-5.20999846560344,0 120.1851784231963,-5.210083252076395,0 120.1856957482427,-5.210147529691497,0 120.1861743018152,-5.210176750443896,0 120.1866815014824,-5.210253227103225,0 120.1871908832491,-5.210300232790793,0 120.1881607640942,-5.210506754790011,0 120.1886223743721,-5.210670258449068,0 120.1891059589405,-5.210844368989015,0 120.1895447116704,-5.210844170311849,0 120.1899456639101,-5.210612057070678,0 120.1903799005056,-5.210960800695156,0 120.1908381379858,-5.211365153671213,0 120.1912835438306,-5.211326173129205,0 120.1917020989968,-5.211186179874601,0 120.1921175072991,-5.211186371114287,0 120.1924775946352,-5.211264235997326,0 120.1930718417255,-5.211589772178536,0 120.1934130222165,-5.211828364987646,0 120.193816290778,-5.212127344821606,0 120.1943119954832,-5.212266512180355,0 120.1947170013417,-5.212570409683706,0 120.1950698268052,-5.212810360167629,0 120.1955187151895,-5.212813655639677,0 120.1961094282891,-5.212867267441844,0 120.1963955839547,-5.212806513783878,0 120.1970213599192,-5.212739587173574,0 120.1970231195553,-5.213153593404384,0 120.1971865699709,-5.213543869221943,0 120.197653174968,-5.213696383412936,0 120.1981193583336,-5.213885441045152,0 120.1983911854993,-5.214283507307729,0 120.1986553634006,-5.214722042671263,0 120.1991047040901,-5.214811377584708,0 120.1995424597965,-5.215109699005816,0 120.1997535417553,-5.215360934868341,0 120.2001433399978,-5.215239269290416,0 120.2004598791281,-5.215025833778543,0 120.20077756734,-5.215159028536617,0 120.2009969585026,-5.215517910146096,0 120.2014677140742,-5.215748850688135,0 120.2020308900718,-5.215720120188251,0 120.2021921408425,-5.215675733625633,0 120.2026039094559,-5.215583570749263,0 120.2030370354775,-5.215195418643326,0 120.2034817726624,-5.214937421530836,0 120.20381629972,-5.215013971187917,0 120.2041583758444,-5.215320051689528,0 120.2046265194742,-5.215724887748189,0 120.2047366964022,-5.215939537956879,0 120.2053281749414,-5.216291328156901,0 120.2057153772987,-5.216350508240694,0 120.2061305598263,-5.216256504394575,0 120.2066045083432,-5.215982102840281,0 120.2068343762645,-5.215611613711148,0 120.2071690943298,-5.215239534292023,0 120.2074146195962,-5.215056345549148,0 120.2078701503659,-5.214782404935355,0 120.2083108998529,-5.214544269543817,0 120.2087471063253,-5.214465587373542,0 120.2092602523946,-5.214428924968593,0 120.2097776405147,-5.214397532597284,0 120.2102178417729,-5.214421948506862,0 120.2106808039944,-5.214392334070462,0 120.2111022193957,-5.214516496887553,0 120.2115215431882,-5.214647105909898,0 120.2119507775301,-5.214777552304673,0 120.212415220467,-5.214701627359054,0 120.2128600302916,-5.2146867545321,0 120.21346395019,-5.214368184206559,0 120.2138638817987,-5.214223076332163,0 120.2141649878811,-5.213732798338363,0 120.2144879263312,-5.213292465662417,0 120.2149137793882,-5.21336167988223,0 120.2154244334834,-5.213532867288684,0 120.2159339037445,-5.213655383646305,0 120.216455139702,-5.213617377446012,0 120.2168668595541,-5.213464732754514,0 120.2171697465981,-5.213299553373377,0 120.2175598188559,-5.2130852540087,0 120.2181115183366,-5.212876058384249,0 120.2185492721127,-5.212723614594679,0 120.2190899685055,-5.212387623433956,0 120.219537614771,-5.212085999009974,0 120.2199092280157,-5.211833673637168,0 120.2203192306631,-5.211652549049755,0 120.2208232012106,-5.211571509982697,0 120.2214156280251,-5.21139099841794,0 120.2218296876232,-5.211503442990741,0 120.2221394983202,-5.211913985836035,0 120.2223775044653,-5.212241501388594,0 120.2227731898086,-5.212609472004088,0 120.2233590555845,-5.213116499664972,0 120.2238257851894,-5.21328893701464,0 120.2241943544142,-5.213714208553654,0 120.2246181050318,-5.214201883387573,0 120.2249580887987,-5.214679644373312,0 120.22504032028,-5.215078991968125,0 120.2251550177606,-5.215485195230803,0 120.2257375838912,-5.215596436458607,0 120.2263251142935,-5.215350377949177,0 120.2268579050252,-5.215107095813009,0 120.2273025067315,-5.214981562352365,0 120.2276644957142,-5.214924626982608,0 120.2280510767422,-5.214896897658322,0 120.2285705997415,-5.2148739477256,0 120.2291436987209,-5.21451244489669,0 120.229498274668,-5.214214311974854,0 120.2297549948494,-5.214025148158737,0 120.2301109146693,-5.213834577751668,0 
							</coordinates>
						</LineString>
					</Placemark>
					<Placemark>
						<name>LINE OUT BIKERU / FCO SALOHE</name>
						<visibility>0</visibility>
						<description>0.48kms AAAC 3x35mm</description>
						<styleUrl>#stylemap_id00301</styleUrl>
						<LineString>
							<tessellate>1</tessellate>
							<coordinates>
								120.2274643265069,-5.160264770078202,0 120.2276306848882,-5.160421794055357,0 120.2280187737387,-5.160574759634442,0 120.2285424090773,-5.160676256614147,0 120.2289378838728,-5.160685996804283,0 120.2293426914883,-5.16064318079123,0 120.2294173464337,-5.160423372098559,0 120.2296168793921,-5.160198750882382,0 120.22978214734,-5.159805556590705,0 120.2299275966818,-5.159425836559891,0 120.2300584441537,-5.159041659270518,0 120.2302237156357,-5.158525117543331,0 
							</coordinates>
						</LineString>
					</Placemark>
					<Placemark>
						<name>LINE OUT BIKERU / FCO KALOLING</name>
						<visibility>0</visibility>
						<description>3.62KMS AAAC 3x35mm</description>
						<styleUrl>#stylemap_id00301</styleUrl>
						<LineString>
							<tessellate>1</tessellate>
							<coordinates>
								120.2278798079892,-5.165874111026031,0 120.2283251414322,-5.165891009131769,0 120.2286960328261,-5.16601456826011,0 120.2291364055509,-5.166335597871273,0 120.2296471438784,-5.166513826674777,0 120.2301493392838,-5.16642377316792,0 120.2305943854444,-5.166361675143089,0 120.2311021330007,-5.166369388343076,0 120.2315518054591,-5.166446966155482,0 120.2319081143117,-5.166665846855044,0 120.2321865356847,-5.1669657911371,0 120.2326671104136,-5.167576840798057,0 120.2331668407824,-5.167781415236615,0 120.233591906133,-5.167719912094573,0 120.2338864339483,-5.167591148283571,0 120.2343118526122,-5.16746657770433,0 120.2349124398408,-5.167510017911467,0 120.2354028986808,-5.16769864645271,0 120.2359940049494,-5.1678913132547,0 120.2364455395483,-5.168220526265104,0 120.2367780520242,-5.168419808710275,0 120.2371834044559,-5.168535435829938,0 120.237620661662,-5.168968768725813,0 120.2378113755368,-5.169267013002502,0 120.2382219498568,-5.169522642235016,0 120.2384962275584,-5.169407341284599,0 120.2389945483788,-5.16928308551665,0 120.2393410085552,-5.169364949247364,0 120.2393383591392,-5.169336318663393,0 120.2387474176379,-5.168821510047296,0 120.2386968463193,-5.168166229623346,0 120.2388455940763,-5.167648085701289,0 120.2392588634047,-5.167036820248373,0 120.2394358967096,-5.166663460600115,0 120.2395128869358,-5.166290184367682,0 120.2394950594882,-5.165797159350069,0 120.2394378481221,-5.165302784518644,0 120.2393618006643,-5.164806329148715,0 120.239477784053,-5.164291927675309,0 120.2395546531242,-5.163642402548016,0 120.2397849492181,-5.163240894811938,0 120.2400263548878,-5.162963973024315,0 120.2403312413173,-5.162594949351802,0 120.2405690913827,-5.162288463870592,0 120.2407955150422,-5.161899366044104,0 120.2410671665605,-5.161392945010159,0 120.2413171461337,-5.160874704993899,0 120.2418277651492,-5.161127395362573,0 120.2423996217028,-5.161343726110999,0 120.2429978738043,-5.161463572943207,0 120.2436177107452,-5.161631225615088,0 120.2441336821127,-5.161806842078123,0 120.2447358883518,-5.161796553124074,0 120.2452077752613,-5.16181675667242,0 120.2456480891565,-5.161922035045473,0 120.2460860177126,-5.162057820965821,0 120.2465494447394,-5.162164287495495,0 120.2471113169919,-5.162286754973315,0 120.2476098208164,-5.162141903094199,0 120.248111981848,-5.162021921095453,0 120.2485702710891,-5.161825451643467,0 120.248843900995,-5.16143225060216,0 120.2492168720573,-5.161130430948485,0 120.2501283132057,-5.16121231692312,0 120.250494063928,-5.161271321096825,0 120.2509807730081,-5.16133930624304,0 
							</coordinates>
						</LineString>
					</Placemark>
					<Placemark>
						<name>LINE OUT BIKERU / LBS PAKKITA - ASPAN FCO TOPANGKA</name>
						<visibility>0</visibility>
						<description>3.65KMS AAACS 3x150mm</description>
						<styleUrl>#stylemap_id00301</styleUrl>
						<LineString>
							<tessellate>1</tessellate>
							<coordinates>
								120.2286324347181,-5.168577620296556,0 120.2290923077843,-5.168882607092108,0 120.2296492806085,-5.169265522218721,0 120.2299762167097,-5.169500313112326,0 120.2303063452524,-5.169784081404167,0 120.2303027734409,-5.170314523436559,0 120.2300770324732,-5.171016097006484,0 120.2297865992902,-5.170826710014898,0 120.2291550644403,-5.170309442793969,0 120.2288082441924,-5.170063401838403,0 120.2285509133748,-5.170162913292869,0 120.2279541920632,-5.169882745888527,0 120.2276948886843,-5.169499795863313,0 120.2273867336941,-5.169534814152693,0 120.2268463058385,-5.169386925769236,0 120.2263019221077,-5.169013976704298,0 120.2256699834651,-5.169341736442151,0 120.2251018916505,-5.169286219979893,0 120.2246707660285,-5.169231903523263,0 120.2242254726306,-5.169521331226046,0 120.2241899911612,-5.169873003090923,0 120.2241701578978,-5.170407993762063,0 120.2241066973209,-5.170899624099889,0 120.2242667392047,-5.171579469256559,0 120.2243778821023,-5.17208711342173,0 120.2237396695949,-5.172475756582552,0 120.2232221080773,-5.172323426423682,0 120.2229865905648,-5.172292863856233,0 120.2222672605296,-5.172396741505954,0 120.2220574903478,-5.172821887629415,0 120.2217458695697,-5.173195374050178,0 120.2214839269204,-5.173494773996314,0 120.2209735880271,-5.17389485549132,0 120.2205921420599,-5.173816755611059,0 120.220262343317,-5.173526655665783,0 120.2199954244355,-5.17317323620156,0 120.2196593988299,-5.172893627689661,0 120.2194365199996,-5.173323791268775,0 120.2194307553856,-5.17370001408228,0 120.2190340234267,-5.174207691477109,0 120.2186694917216,-5.1744896009366,0 120.2184871104117,-5.174816272363978,0 120.2182413678613,-5.175253152781043,0 120.217895169266,-5.175565288855056,0 120.2176503073145,-5.175819682955965,0 120.2173336843061,-5.176806414380184,0 120.2174692226682,-5.177280541288463,0 120.2175689181148,-5.178063128242401,0 120.2170419118409,-5.178361187341418,0 120.2166149525979,-5.178305286637646,0 120.2162634916589,-5.178310094555246,0 120.2158272938975,-5.178491946828694,0 120.2156232895721,-5.178821163397673,0 120.2154603183101,-5.179171315838289,0 120.2153005752985,-5.179575918188113,0 120.215180904866,-5.17985568812418,0 120.2149916253461,-5.180543463338791,0 120.2149751006872,-5.180597633266681,0 120.2147186790201,-5.180942138869336,0 120.2142995914826,-5.181262366643604,0 120.2143019932726,-5.181263544327725,0 120.2138092225969,-5.181311295167776,0 120.2130214250396,-5.181199362248259,0 120.2124655835474,-5.18112136092359,0 120.2120210557153,-5.181147594314686,0 120.2115961118881,-5.181220464966931,0 120.2112403462042,-5.181518678915901,0 
							</coordinates>
						</LineString>
					</Placemark>
					<Placemark>
						<name>LINE OUT BIKERU / FCO TOPANGKA</name>
						<visibility>0</visibility>
						<description>3 KMS AAAC 3x70mm</description>
						<styleUrl>#stylemap_id00301</styleUrl>
						<LineString>
							<tessellate>1</tessellate>
							<coordinates>
								120.2112381706348,-5.181520968432277,0 120.2107740752228,-5.181463126113141,0 120.2104237854824,-5.181313134874593,0 120.2099964442243,-5.181127046793757,0 120.2098778870467,-5.180736773798894,0 120.2097198302547,-5.180420725571213,0 120.2094554047911,-5.180149955139203,0 120.2090124280947,-5.18003875268017,0 120.2085674107967,-5.18002509464899,0 120.2080922767656,-5.179807591000835,0 120.2076263281666,-5.179526433480511,0 120.2072659904382,-5.179226886324139,0 120.2069951911518,-5.179000692587485,0 120.2071168522959,-5.17855315109308,0 120.2072385277838,-5.178111573375484,0 120.2073236035514,-5.177675972471426,0 120.2071786489184,-5.177329221422632,0 120.2067201767473,-5.177340476063468,0 120.2062800303226,-5.177143177501449,0 120.205799422285,-5.177085358718027,0 120.2052806311424,-5.176962448451617,0 120.2049678039029,-5.176906802960131,0 120.2046538177273,-5.1767186645393,0 120.2042318953862,-5.176245905138748,0 120.2040476249947,-5.175839260429936,0 120.2038010384386,-5.17544498275009,0 120.203278044548,-5.175068918944333,0 120.2029354200871,-5.17500816906709,0 120.2026425207629,-5.17532174134906,0 120.2024696609828,-5.175571268973423,0 120.2020128739465,-5.175932499934257,0 120.2016866428794,-5.176125547345105,0 120.20126278636,-5.176401520319041,0 120.2008061511323,-5.176672271348851,0 120.2002215219367,-5.176900463629817,0 120.1997495321145,-5.177026350758496,0 120.1992801962428,-5.177248469362011,0 120.1991102064922,-5.177312075492089,0 120.1989289019658,-5.177375783472266,0 120.1983995939893,-5.177280918479086,0 120.198305446842,-5.176802307111307,0 120.1983687007738,-5.176234533889877,0 120.1984514252462,-5.175730534719866,0 120.1985081094772,-5.175417006063151,0 120.1985614397209,-5.175032085374212,0 120.1985377686019,-5.174565209505592,0 120.1982447404073,-5.174054074638885,0 120.1978228625871,-5.173788286994458,0 120.1976333070396,-5.17316612782865,0 120.1973573450994,-5.172767833933529,0 120.1971573150829,-5.17214681502142,0 120.1970478500607,-5.171710217717397,0 120.197078617972,-5.171266632723373,0 120.1970356420747,-5.17088922043388,0 120.196975704673,-5.170443525169317,0 120.1970150252713,-5.169821046977907,0 120.1969766811309,-5.169463918030342,0 120.1968507043224,-5.169122885180686,0 120.1967612393883,-5.168911212298961,0 120.1963796811554,-5.168174478507889,0 
							</coordinates>
						</LineString>
					</Placemark>
					<Placemark>
						<name>OUT BIKERU / REC TONDONG - PAKKITA</name>
						<visibility>0</visibility>
						<description>2.38 AAAC 3x150mm</description>
						<styleUrl>#stylemap_id00301</styleUrl>
						<LineString>
							<tessellate>1</tessellate>
							<coordinates>
								120.2206525709726,-5.15126158864923,0 120.2207445791742,-5.151665280764945,0 120.2205832633631,-5.152082729392956,0 120.2203913357372,-5.152388177143802,0 120.2204142810127,-5.152852192356248,0 120.2206750094271,-5.153346908421054,0 120.2208694106089,-5.153788760936714,0 120.2212076726833,-5.154194670352166,0 120.2215676498314,-5.15448595952414,0 120.2219376556289,-5.154751496204642,0 120.2227195573019,-5.155242342495547,0 120.2234164984289,-5.155637911383802,0 120.2241133644089,-5.156175819132116,0 120.2246732307141,-5.156307779853195,0 120.2246951625522,-5.156300884071872,0 120.2251119275691,-5.156397320364794,0 120.2255353442657,-5.156500303584763,0 120.225946369562,-5.156718123417895,0 120.2262884790155,-5.156985873577562,0 120.2266124670233,-5.157346299791127,0 120.2268944499606,-5.157671364501449,0 120.2271760243332,-5.157983981634853,0 120.2274521861792,-5.158417918827418,0 120.2275279220611,-5.158783379112704,0 120.2275584249089,-5.15931369970991,0 120.2275538313713,-5.159741770246604,0 120.227464655762,-5.160263758115399,0 120.2273612760648,-5.160782274363528,0 120.2273023396698,-5.161188505579585,0 120.2272833044841,-5.161574429141835,0 120.2273592362977,-5.162100031765081,0 120.2274535348606,-5.162511325027883,0 120.2275367805638,-5.162934422050613,0 120.2276228435477,-5.163466247246713,0 120.2277436996541,-5.163887999768097,0 120.2278615509683,-5.164496295981113,0 120.2278854592968,-5.164923018062369,0 120.227898087209,-5.165333432509412,0 120.2278755763372,-5.165872836702759,0 120.2278158236514,-5.166297320009623,0 120.2278070305664,-5.167076231515687,0 120.2278876565191,-5.167400725311477,0 120.2281240340687,-5.167870223975016,0 120.2283093382216,-5.168203584353765,0 120.228631960076,-5.168576345012175,0 
							</coordinates>
						</LineString>
					</Placemark>
					<Placemark>
						<name>LINE OUT BIKERU/ LBS SERRE / FCO LASIAI / FCO KALAMISU</name>
						<visibility>0</visibility>
						<description>1.83KMS AAAC 3x35mm</description>
						<styleUrl>#stylemap_id00301</styleUrl>
						<LineString>
							<tessellate>1</tessellate>
							<coordinates>
								120.2195373311828,-5.212089879937626,0 120.2191021688884,-5.211736742958822,0 120.219348501983,-5.211278202465022,0 120.2196000755107,-5.210873105081157,0 120.2198161095947,-5.210507352821542,0 120.2200333969446,-5.210076790580819,0 120.2202237397456,-5.209681013664522,0 120.2204233608281,-5.209306911871942,0 120.2206912014675,-5.208885970190376,0 120.2209073698684,-5.208533178918861,0 120.221199731108,-5.208118429483592,0 120.2213839430063,-5.20774236041522,0 120.2215442260005,-5.207299143030342,0 120.2215917486735,-5.206833596788464,0 120.2216741850272,-5.206392552807726,0 120.2218261732456,-5.205991223516087,0 120.2220423404055,-5.205588093251233,0 120.2222031999817,-5.205172583315993,0 120.2224005900646,-5.204754251890894,0 120.2227439719569,-5.204436449701345,0 120.2230967487233,-5.204214211153433,0 120.2234826426515,-5.203889063834747,0 120.2237427170047,-5.203541187159331,0 120.2238819846653,-5.203109441996663,0 120.2241645587895,-5.202753884370027,0 120.2245482357011,-5.202497583630983,0 120.2248746284724,-5.202224548135569,0 120.2252555646138,-5.201940147129479,0 120.2256899093089,-5.201848277084824,0 120.2261769877538,-5.201835855944219,0 120.2266403520958,-5.201785215280937,0 120.2269888130262,-5.201568467442189,0 120.2273372270644,-5.20126690962575,0 120.2276843899143,-5.200962690437583,0 120.2279071838454,-5.200605903052123,0 120.2280832306986,-5.200111124809494,0 120.2282828199977,-5.199757646156299,0 
							</coordinates>
						</LineString>
					</Placemark>
					<Placemark>
						<name>FCO JENNA ASKA</name>
						<visibility>0</visibility>
						<description>1.13kms AAACS 3x70mm</description>
						<styleUrl>#stylemap_id00301</styleUrl>
						<LineString>
							<tessellate>1</tessellate>
							<coordinates>
								120.2282900645706,-5.199744835385535,0 120.2282868869265,-5.199759953408001,0 120.2285060495625,-5.199285457787416,0 120.2286758546698,-5.198809629740314,0 120.2288119773551,-5.198425416950164,0 120.2289979922863,-5.197906534510451,0 120.2290874992037,-5.19745294452684,0 120.2291514623655,-5.197034695894656,0 120.2290297093206,-5.196716733745631,0 120.2288011326135,-5.196336195665848,0 120.2286185258831,-5.195926364414968,0 120.2284578280687,-5.195485279216927,0 120.2283381640601,-5.195069258190489,0 120.2282835469706,-5.194549991702784,0 120.2281888503741,-5.19409347130612,0 120.2280207547562,-5.193596950900751,0 120.2277906563751,-5.193088676397411,0 120.2276105042084,-5.192697527004841,0 120.2274073620041,-5.192231251153138,0 120.2272736406487,-5.191851220857175,0 120.2270924744572,-5.191403442389904,0 120.226832444771,-5.191086896467068,0 120.2266254582477,-5.190704169220901,0 120.2264247290193,-5.190327033875588,0 
							</coordinates>
						</LineString>
					</Placemark>
					<Placemark>
						<name>LINE OUT BIKERU/ LBS SERRE / FCO LASIAI / FCO KALAMISU /  FCO KALAMISU 2 / ASPAN PERCAB UJUNG BARAT Sampai UJUNG TM</name>
						<visibility>0</visibility>
						<description>1.41KMS AAACS 3x70mm</description>
						<styleUrl>#stylemap_id00301</styleUrl>
						<LineString>
							<tessellate>1</tessellate>
							<coordinates>
								120.2291609064715,-5.197018281079457,0 120.2291737209447,-5.196542836198441,0 120.2291767769152,-5.196068643912639,0 120.229130154609,-5.195651488983374,0 120.2290952185994,-5.195160459064497,0 120.2291685103927,-5.19469098829518,0 120.2292553017143,-5.194259722773712,0 120.2293251383955,-5.193817528200812,0 120.229486124601,-5.193411389133003,0 120.2296717364344,-5.192850612685404,0 120.2298673186261,-5.192543916514059,0 120.2301385859878,-5.192173667606602,0 120.2303870590931,-5.191811962416423,0 120.2305689839193,-5.191416801930384,0 120.2308085158368,-5.191011247499771,0 120.2310590600202,-5.190643251838682,0 120.2312989380784,-5.190287715891153,0 120.2315277609895,-5.189881605820815,0 120.231746248116,-5.189448052485766,0 120.232056540123,-5.189048673643183,0 120.232330600734,-5.188698148181894,0 120.2325637765947,-5.188305393465344,0 120.2327638322547,-5.187864046001667,0 120.2330109590705,-5.187430547821667,0 120.2331717645458,-5.187014900342771,0 120.2332641492442,-5.186630600236197,0 120.2332675649303,-5.18609300856741,0 120.2332695811274,-5.185801082368053,0 120.2332433913449,-5.185362564405199,0 
							</coordinates>
						</LineString>
					</Placemark>
					<Placemark>
						<name>LINE OUT BIKERU/ LBS SERRE / FCO LASIAI / FCO BALLAKALE</name>
						<visibility>0</visibility>
						<description>1.13KMS AAACS 3x70mm</description>
						<styleUrl>#stylemap_id00301</styleUrl>
						<LineString>
							<tessellate>1</tessellate>
							<coordinates>
								120.2181071327349,-5.212876708475969,0 120.2181435809958,-5.213114259742342,0 120.2179645634001,-5.213525622829052,0 120.2178657749695,-5.213982769387242,0 120.2175315497407,-5.214486279578458,0 120.2175320477382,-5.21498496205828,0 120.2176412778296,-5.215392670026502,0 120.217868730843,-5.215794796468721,0 120.2178556748907,-5.215963137654461,0 120.2178457673667,-5.216167079877434,0 120.2177907021636,-5.216530380751909,0 120.2175833351441,-5.216946409290626,0 120.2173901495436,-5.217356207059234,0 120.2171823148001,-5.217742740176526,0 120.2169559163303,-5.218214067436396,0 120.2168521125832,-5.218687844659912,0 120.2168558144417,-5.219090901367546,0 120.2167687367625,-5.219505293070926,0 120.216785147644,-5.219945545285787,0 120.2168636385529,-5.220967522728749,0 120.2166691079759,-5.22150508604329,0 120.2162387949593,-5.221951646124525,0 120.215869968728,-5.222267185784432,0 
							</coordinates>
						</LineString>
					</Placemark>
					<Placemark>
						<name>LINE OUT BIKERU / LBS SERRE / ASPAN Percab - Ujung TM</name>
						<visibility>0</visibility>
						<description>0.34kms AAAC 2x35mm</description>
						<styleUrl>#stylemap_id00301</styleUrl>
						<LineString>
							<tessellate>1</tessellate>
							<coordinates>
								120.2098556927018,-5.202667394382957,0 120.2099570079594,-5.202210947879244,0 120.2098723999296,-5.201659688493523,0 120.2098218150233,-5.201124302647566,0 120.2097785008383,-5.200636793548044,0 120.2097537401058,-5.200169079618855,0 120.2099519966041,-5.199678130345738,0 
							</coordinates>
						</LineString>
					</Placemark>
					<Placemark>
						<name>LINE OUT BIKERU / SECT BAKSO - LBS LANCIBUNG 2</name>
						<visibility>0</visibility>
						<description>0.05KMS AAAC 3x150mm</description>
						<styleUrl>#stylemap_id00301</styleUrl>
						<LineString>
							<tessellate>1</tessellate>
							<coordinates>
								120.1778808420736,-5.20529427053034,0 120.1773961780228,-5.20543867201035,0 
							</coordinates>
						</LineString>
					</Placemark>
					<Placemark>
						<name>LINE OUT BIKERU / LBS LANCIBUNG 2 / UJUNG HIC Arah ke REC Talle</name>
						<visibility>0</visibility>
						<description>3.30 AAACS 3x150mm</description>
						<styleUrl>#stylemap_id00301</styleUrl>
						<LineString>
							<tessellate>1</tessellate>
							<coordinates>
								120.177393432262,-5.205433834294713,0 120.1773203938739,-5.205023924111839,0 120.1769021270548,-5.204927246172531,0 120.1764507942482,-5.204858103039983,0 120.1759742084477,-5.204781914297479,0 120.1755129127606,-5.204712025556449,0 120.175116602905,-5.204605574052304,0 120.1746800320445,-5.204557609029733,0 120.1742836162641,-5.204615449451371,0 120.1738775726521,-5.20461488048309,0 120.173328810824,-5.204617577395704,0 120.1729116786103,-5.204483093261582,0 120.1725060431092,-5.204293480735783,0 120.1721372158074,-5.204107196610772,0 120.1716751557697,-5.20396176923744,0 120.1712569946118,-5.203845022197201,0 120.1709848448181,-5.203746155902002,0 120.1709017290227,-5.203732668270755,0 120.1704680892163,-5.20359126420407,0 120.1701355876215,-5.203441581560198,0 120.1697020428892,-5.203240117232027,0 120.1693353268588,-5.203092331270691,0 120.1689502111467,-5.202882902175984,0 120.1685111329061,-5.20264109578951,0 120.1681593347792,-5.202490094412752,0 120.1677026042259,-5.202392836584009,0 120.1672990791675,-5.202359956309071,0 120.1670765387426,-5.202366142744964,0 120.1668837689541,-5.202362335604557,0 120.1666504947997,-5.202340438930477,0 120.1663989378059,-5.202312610478136,0 120.1659578278216,-5.20225325865924,0 120.1654825087759,-5.202230175551833,0 120.1651049068319,-5.202272729083966,0 120.1647300052929,-5.202422111101329,0 120.164306334866,-5.202506136925946,0 120.1640075553876,-5.202275740529705,0 120.1636778635937,-5.20205553888397,0 120.1632234623505,-5.202001424962666,0 120.1628449811545,-5.202133974104392,0 120.1625483630818,-5.202296529651353,0 120.1622981701659,-5.202645754636437,0 120.1619935151979,-5.202949051350735,0 120.1615447036577,-5.202749519814931,0 120.1612388095608,-5.202639460247751,0 120.1608729100718,-5.202530724179169,0 120.1604783380801,-5.202443427022812,0 120.1599869107039,-5.202276951833717,0 120.1595313533096,-5.202274322294756,0 120.1590937020321,-5.202419133752491,0 120.1587784944077,-5.202538199643268,0 120.1583586286505,-5.20268953481775,0 120.1579643945437,-5.20281066785,0 120.1575028648418,-5.202892524783357,0 120.1570611550549,-5.202959720918187,0 120.1566403787592,-5.20299800817216,0 120.1562219215047,-5.202996011134184,0 120.1559089919376,-5.203056064198907,0 120.1556523143572,-5.203499635005011,0 120.1552842225176,-5.20383712695105,0 120.1544820931739,-5.203464491680245,0 120.1541728114345,-5.203318503368015,0 120.1536958098966,-5.202588013259799,0 120.153416381106,-5.202320046281383,0 120.1531740134065,-5.202003283510685,0 120.1529628904425,-5.201628978330848,0 120.1528755385135,-5.201280092908246,0 120.1525173046642,-5.201001423764906,0 120.152150260528,-5.200935044051109,0 120.1517909806239,-5.200745307210791,0 120.1513609406082,-5.200723340761982,0 120.1510412994326,-5.200654525518391,0 
							</coordinates>
						</LineString>
					</Placemark>
					<Placemark>
						<name>LINE OUT BIKERU / LBS LANCIBUNG 2 / UJUNG HIC Arah ke REC Talle - ASPAN PERCAB BULUKAMASE</name>
						<visibility>0</visibility>
						<description>0.63kms AAAC 3x70mm</description>
						<styleUrl>#stylemap_id00301</styleUrl>
						<LineString>
							<tessellate>1</tessellate>
							<coordinates>
								120.1510499258801,-5.200652965045234,0 120.1506839310585,-5.200348663847343,0 120.1502804954292,-5.200145538447833,0 120.1501950356141,-5.199753566751622,0 120.1501871624251,-5.199388663194619,0 120.1504578388128,-5.198976591134643,0 120.1505974412713,-5.198782407886108,0 120.15092530329,-5.198390965144021,0 120.1511609595897,-5.198038653396843,0 120.1511101072153,-5.197812344357138,0 120.1513724124354,-5.197340059609026,0 120.1514647431158,-5.196970713888642,0 120.1514684161223,-5.196540909030067,0 120.1515250420559,-5.196098723032368,0 120.1514801686221,-5.195781508347396,0 
							</coordinates>
						</LineString>
					</Placemark>
					<Placemark>
						<name>LINE OUT BIKERU / LBS LANCIBUNG 2 / ASPAN PERCAB B. KAMASE - UJUNG HIC Arah ke REC Talle</name>
						<visibility>0</visibility>
						<description>1 kms AAACS 3x150mm</description>
						<styleUrl>#stylemap_id00301</styleUrl>
						<LineString>
							<tessellate>1</tessellate>
							<coordinates>
								120.1514749507106,-5.195779499610973,0 120.1514280347296,-5.19534884610678,0 120.1511924747466,-5.194779935629552,0 120.1509964836579,-5.194304052246013,0 120.1507635381691,-5.193794044707995,0 120.1505893250046,-5.19333681150516,0 120.1502647015496,-5.193019498334892,0 120.1498764655945,-5.192599735209456,0 120.1495583665003,-5.19224533260362,0 120.1493353203926,-5.191640467083362,0 120.1492313045628,-5.191202635335773,0 120.1491829671225,-5.190622404464131,0 120.1492372107502,-5.190145965098054,0 120.1494552089654,-5.189745905478377,0 120.1497532423327,-5.189272686903914,0 120.149896011527,-5.18883770816763,0 120.1500244194943,-5.188392178402966,0 120.1502122202362,-5.187945042299632,0 120.1504440359012,-5.187551835515347,0 
							</coordinates>
						</LineString>
					</Placemark>
					<Placemark>
						<name>LINE OUT BIKERU / LBS LANCIBUNG 2 / ASPAN HIC - LBS TALLE</name>
						<visibility>0</visibility>
						<description>2.38kms AAAC 3x70mm</description>
						<styleUrl>#stylemap_id00301</styleUrl>
						<LineString>
							<tessellate>1</tessellate>
							<coordinates>
								120.1504416175511,-5.187549232946309,0 120.1510326724056,-5.187382970934742,0 120.1513924782947,-5.186928014959701,0 120.1516533865419,-5.186496723501014,0 120.1520277531778,-5.186130633707035,0 120.1523986623844,-5.185992292180254,0 120.1527923240237,-5.185846118597339,0 120.1533697978161,-5.185641923610422,0 120.1538973759429,-5.185487258698593,0 120.1544180916771,-5.185376389096723,0 120.1549237110864,-5.185245582285353,0 120.1554510313514,-5.185132874676155,0 120.1558590703166,-5.184983716870333,0 120.1560070235711,-5.184562979355843,0 120.1560926243705,-5.184196215714332,0 120.1562330735128,-5.183736109337792,0 120.1564448404511,-5.183406064324485,0 120.1568755269672,-5.183165676668399,0 120.1574086125161,-5.183027077802913,0 120.1578094746453,-5.18284403717118,0 120.1579407483293,-5.182484729479672,0 120.158062964819,-5.182153181638744,0 120.1579817708142,-5.18181049863361,0 120.1579638265413,-5.181343671079416,0 120.158392338309,-5.181169540733301,0 120.1588597289056,-5.180875175869538,0 120.1590630394041,-5.180510157963942,0 120.1587058976915,-5.180181720271452,0 120.1584487165131,-5.179800013793377,0 120.1582557843519,-5.179446868040978,0 120.1581151290141,-5.178990922393139,0 120.157773694728,-5.178747361643436,0 120.1573508148481,-5.178475560323757,0 120.1569809733556,-5.178409643544574,0 120.1566058565337,-5.178120638246324,0 120.1563780727382,-5.177856810076855,0 120.1564621970703,-5.177515510494396,0 120.1566988295184,-5.177131573414798,0 120.1568981248903,-5.176697822655441,0 120.1570550735851,-5.176370538110618,0 120.1570948023266,-5.175836600858251,0 120.1568621677802,-5.175415318177076,0 120.156761138725,-5.17502171185706,0 120.1564068464821,-5.174457443530709,0 120.1559569558589,-5.17411090115789,0 120.1558333097844,-5.173699241843517,0 120.1557902902681,-5.173244788679241,0 
							</coordinates>
						</LineString>
					</Placemark>
					<Placemark>
						<name>Untitled Path</name>
						<visibility>0</visibility>
						<styleUrl>#stylemap_id00301</styleUrl>
						<LineString>
							<tessellate>1</tessellate>
							<coordinates>
							</coordinates>
						</LineString>
					</Placemark>
					<Placemark>
						<name>LINE OUT BIKERU / LBS SERRE / FCO LASIAI Ujung arah ke FCO KORASA</name>
						<visibility>0</visibility>
						<description>3.52KMS AAAC 3x35mm</description>
						<styleUrl>#stylemap_id00301</styleUrl>
						<LineString>
							<tessellate>1</tessellate>
							<coordinates>
								120.2635820853726,-5.199023736336305,0 120.2640142281972,-5.199262942067819,0 120.2644407328534,-5.199427418633594,0 120.2647616157679,-5.199663203748148,0 120.2650570294474,-5.199868095409581,0 120.2653842734007,-5.199568551779799,0 120.2657587260658,-5.199325916415367,0 120.2661164442836,-5.199548668365185,0 120.2665245721117,-5.199706273474978,0 120.2669342988127,-5.199932158468315,0 120.2672465718311,-5.200249014511196,0 120.2675395066327,-5.200344110251487,0 120.2678767278074,-5.200518952488164,0 120.2681992733065,-5.200640360482867,0 120.2685894315492,-5.200814907663205,0 120.2689596432014,-5.200684057666822,0 120.2693083677209,-5.200836425530742,0 120.2697244027701,-5.200800598938127,0 120.2701277415072,-5.201018451508059,0 120.2702432574407,-5.201362116704194,0 120.2705888114708,-5.201856326068696,0 120.2712184124723,-5.202236022073452,0 120.2714646738316,-5.202367409532378,0 120.2718935637583,-5.202352826483093,0 120.2723354471367,-5.202332180439661,0 120.2728180250712,-5.202860091121784,0 120.2732129121373,-5.203300723314928,0 120.273425419295,-5.20383125040432,0 120.2736843838286,-5.204280877693527,0 120.2740952401768,-5.204565805623289,0 120.2746790550377,-5.204572563139823,0 120.2750785203686,-5.204855905847482,0 120.2752402836206,-5.205214016532836,0 120.2754742158013,-5.205611292607984,0 120.2756262893275,-5.206043246641234,0 120.2758671638565,-5.206382687634761,0 120.2760982813312,-5.206758654836421,0 120.2761103310135,-5.207214655269569,0 120.2760914260394,-5.2075378686157,0 120.2761974962623,-5.208100402381369,0 120.2762863706645,-5.208590035010046,0 120.2764174661584,-5.208893486666303,0 120.2766964868611,-5.209088475103198,0 120.2767469627847,-5.209405793744921,0 120.2769034718763,-5.209701987678406,0 120.2768790092199,-5.209989009173702,0 120.2765019830208,-5.210361276145903,0 120.276112047433,-5.210550894210063,0 120.2758024249383,-5.210954748449922,0 120.2755653806339,-5.21124841252214,0 120.2750218290948,-5.211371648769646,0 120.2746764906979,-5.211503083447484,0 120.2742441668495,-5.211593866459739,0 120.2738521402561,-5.211716591807224,0 120.2734400602406,-5.211799086429138,0 120.2730452481064,-5.211828346900504,0 120.2725840860447,-5.211911481425272,0 120.2722663328307,-5.211769994150596,0 120.2718811101133,-5.211518542670614,0 120.2713512152208,-5.211201268817608,0 120.271014252216,-5.210990301991806,0 120.270746488452,-5.210669480651819,0 120.2705238681963,-5.210386183302295,0 120.270485319674,-5.210108110495123,0 120.2703753307902,-5.20960907832153,0 120.2701160056187,-5.209423357099014,0 120.2693940329044,-5.209185803752227,0 120.2687982327492,-5.209124519940916,0 120.2681463759425,-5.209056642661465,0 120.2675595938437,-5.208903869254754,0 120.2669890870827,-5.208943454047627,0 
							</coordinates>
						</LineString>
					</Placemark>
					<Placemark>
						<name>LINE OUT BIKERU / LBS SERRE / FCO KORASA</name>
						<visibility>0</visibility>
						<description>2.77kms AAACS 3x70mm</description>
						<styleUrl>#stylemap_id00301</styleUrl>
						<LineString>
							<tessellate>1</tessellate>
							<coordinates>
								120.2669862429485,-5.208941775119039,0 120.2663621550693,-5.208976677372753,0 120.2658060004013,-5.208954982564822,0 120.2651644069389,-5.208999831545996,0 120.2651964501775,-5.209464927207587,0 120.2653581336402,-5.209970781062876,0 120.2655180892256,-5.210483462764804,0 120.2657571199464,-5.211185681931298,0 120.2660267519906,-5.21164676404947,0 120.2662187374007,-5.212206712336447,0 120.2665621472138,-5.212747797173366,0 120.2667930056904,-5.213326596180896,0 120.2670259940745,-5.213927850223544,0 120.2671508721626,-5.2146186077759,0 120.2673625160123,-5.215249924164329,0 120.2675778654445,-5.215897020309606,0 120.2677804022868,-5.216451977802786,0 120.2679844073354,-5.217029494782528,0 120.2680851325765,-5.217651508910921,0 120.2681189514272,-5.218240261204704,0 120.2680192171721,-5.218824453936727,0 120.2678813052948,-5.219291709022608,0 120.2676843238221,-5.219755374914063,0 120.2673286653483,-5.220208792063313,0 120.2671249277118,-5.220782063205719,0 120.266766304786,-5.22126695888925,0 120.2666596564377,-5.221860414062918,0 120.2667828002397,-5.22243599287542,0 120.2672946933673,-5.222462498119317,0 120.2678596822462,-5.222458725839116,0 120.2683885406157,-5.222463289154845,0 120.2689486938095,-5.222373375334098,0 120.2695215043489,-5.222205142327341,0 120.2699339251131,-5.221916785542337,0 120.2703674887759,-5.221544965831806,0 120.2705483092986,-5.220966537873752,0 120.2709765575583,-5.220469467053298,0 120.2714012069638,-5.220163047249737,0 120.2720107853381,-5.220046445970608,0 120.2726018735041,-5.219833001549459,0 120.2731114232552,-5.219557039943072,0 120.2734384416064,-5.219231701493245,0 120.2737044604713,-5.218943454674332,0 120.2738817810253,-5.218687030275816,0 120.2739595881772,-5.218454341513692,0 
							</coordinates>
						</LineString>
					</Placemark>
					<Placemark>
						<name>LINE OUT BIKERU / ASPAN TOPANGKA - LBS AJU COLOE</name>
						<visibility>0</visibility>
						<description>3.25KMS AAACS 3x150mm</description>
						<styleUrl>#stylemap_id00301</styleUrl>
						<LineString>
							<tessellate>1</tessellate>
							<coordinates>
								120.2112386811216,-5.181521199636369,0 120.211128544541,-5.182109281808053,0 120.2107524971638,-5.182352356209658,0 120.2103299661465,-5.182440337785528,0 120.2097394144763,-5.18235291722508,0 120.2090421570388,-5.182436932503754,0 120.209067470215,-5.182910872457649,0 120.2091455555977,-5.183240523812369,0 120.2091862980213,-5.183607329993219,0 120.2091945065827,-5.18411343411487,0 120.2087621773605,-5.184522021889821,0 120.2079657297766,-5.184684585361144,0 120.2077863696813,-5.185080151636931,0 120.2076724240759,-5.18551275412886,0 120.2075981821461,-5.185997910506456,0 120.2075673221197,-5.186463256049829,0 120.2076149353051,-5.187093910409309,0 120.2075529178263,-5.187517127646873,0 120.2073718501109,-5.188077594725867,0 120.2072415050532,-5.188567309017301,0 120.2069523832403,-5.188975973853506,0 120.2064655935998,-5.189307212489356,0 120.2058973386622,-5.189405357682123,0 120.2054984129749,-5.189520605208209,0 120.205085281121,-5.189734072853978,0 120.204677428583,-5.189912517518382,0 120.2041824854421,-5.190073307113666,0 120.2037483307223,-5.190191462857946,0 120.2033500205835,-5.190263340338204,0 120.2028787387147,-5.190359974540699,0 120.2024018108313,-5.190429480356611,0 120.2019448221972,-5.190222746816177,0 120.2013358538615,-5.190178465245716,0 120.2009626247785,-5.190344464148164,0 120.2006683082916,-5.190702954171621,0 120.2004350149567,-5.191181998030361,0 120.2003726049285,-5.191468302069587,0 120.2002863062129,-5.19184850617092,0 120.1999654963464,-5.192082855451539,0 120.1996679816249,-5.192091274006459,0 120.1989388465568,-5.192298739569439,0 120.1987624437531,-5.192682662422865,0 120.1986358484884,-5.193085886254303,0 120.1983943175255,-5.193625754362265,0 120.1978258812292,-5.19369045476018,0 120.1974250151437,-5.193749967920163,0 120.1969399324248,-5.193749752728524,0 120.1965629395017,-5.19374664962033,0 120.196107236726,-5.193717462119809,0 120.1956017083235,-5.193562260635369,0 120.1951942715005,-5.193514664147377,0 120.1946679786056,-5.193609356459906,0 120.1941490639532,-5.193823628903298,0 120.1936582017943,-5.193816565299893,0 120.193334794982,-5.193726891420529,0 120.1929560293275,-5.193707258365917,0 120.1923673418004,-5.194179516539904,0 120.1920687949331,-5.194513531390027,0 120.1919152253843,-5.194863684691147,0 120.191733194469,-5.195312720222295,0 120.1915289697215,-5.195697141371402,0 
							</coordinates>
						</LineString>
					</Placemark>
					<Placemark>
						<name>LINE OUT BIKERU / LBS SERRE / FCO BIRORO (Poros)</name>
						<visibility>0</visibility>
						<description>6.7 kms AAAC 3x70mm</description>
						<styleUrl>#stylemap_id00302</styleUrl>
						<LineString>
							<tessellate>1</tessellate>
							<coordinates>
								120.2301203417616,-5.213833540306594,0 120.2304920812452,-5.213698525652593,0 120.2309726882613,-5.213729593542275,0 120.2313875192844,-5.213826159677029,0 120.2317207826247,-5.213900257615663,0 120.2319740433594,-5.213954826697677,0 120.2324569258812,-5.214118861620907,0 120.2329567901325,-5.214337327567547,0 120.2332920493122,-5.21445953650604,0 120.2336432234267,-5.214526025417502,0 120.2341458685664,-5.214564837014112,0 120.2345628154685,-5.214563442452653,0 120.2349050930495,-5.214580954448651,0 120.2353091505048,-5.214631698541147,0 120.2357648608022,-5.214684298535436,0 120.236168396523,-5.214780378687718,0 120.2367166268065,-5.214958252757618,0 120.2371345904279,-5.215115756896711,0 120.237608033712,-5.215228050278001,0 120.2379758034889,-5.215311134584669,0 120.2384158066151,-5.215325045892098,0 120.2388073853946,-5.215335616969989,0 120.2392191692152,-5.215368824383568,0 120.2398943846328,-5.215475383449278,0 120.2405255100267,-5.215516188873099,0 120.2409196601521,-5.215296326767253,0 120.2412549017713,-5.214988936025271,0 120.2416189009936,-5.214650339779447,0 120.2418838293627,-5.214412294899224,0 120.2422964303168,-5.214125908669357,0 120.2426546809595,-5.213902741749123,0 120.2430685123895,-5.213803985374138,0 120.2433798459228,-5.213819695073533,0 120.2437260876163,-5.213841404319682,0 120.2441849211868,-5.213844874534626,0 120.2446384347052,-5.213953735518948,0 120.2451280596864,-5.214101211988728,0 120.2455781472981,-5.213815543883961,0 120.2458221245706,-5.213511321317942,0 120.2461148711115,-5.213221182538624,0 120.2464132847845,-5.212876591964793,0 120.2466800315618,-5.212480280351149,0 120.2469375095033,-5.212135643440036,0 120.2472020892285,-5.211834924693878,0 120.2474836022677,-5.211483970281972,0 120.2477394319553,-5.211099911698737,0 120.2481022510415,-5.210649551103714,0 120.2483880762886,-5.210278085005735,0 120.2484179381473,-5.209893885780478,0 120.24843960186,-5.209407279446137,0 120.2485078374967,-5.209129795945553,0 120.2486304185896,-5.208791439761716,0 120.2487207879273,-5.208480267201065,0 120.2487896604433,-5.208193146152182,0 120.2488397399683,-5.207877219833338,0 120.2490006150721,-5.207231427223395,0 120.2492037540807,-5.206856569023895,0 120.2492094506296,-5.206210211288773,0 120.2495486695624,-5.205868622084879,0 120.249822503425,-5.205600455234364,0 120.2498234890478,-5.205594143862292,0 120.2502279948691,-5.205492078312504,0 120.2508672715503,-5.205387425586829,0 120.2513528284034,-5.205281812536569,0 120.2517423267929,-5.20515707930009,0 120.2520921068447,-5.205053829117078,0 120.2524678083495,-5.204942766001021,0 120.2528323008935,-5.204839620017453,0 120.2530940722979,-5.20483990144341,0 120.2533215736945,-5.204884561530138,0 120.2536532373762,-5.20485457612219,0 120.2541522518476,-5.204701400612085,0 120.2546920321666,-5.20460588671718,0 120.2551633016154,-5.204566998721198,0 120.2557002100113,-5.204386441038496,0 120.2560078815133,-5.204266206187297,0 120.2564382614899,-5.204116048018321,0 120.25695805527,-5.203848803647529,0 120.2575489362847,-5.203581654112026,0 120.2574425825454,-5.203196813076271,0 120.2573305486035,-5.202623075470431,0 120.2575373409143,-5.20215056246577,0 120.2577880159148,-5.201910203522428,0 120.258270486548,-5.201581550982238,0 120.2586384439929,-5.20132355227175,0 120.2589308799215,-5.20088672706905,0 120.25919158191,-5.200496473784728,0 120.2594424881933,-5.19997322117286,0 120.2596927707638,-5.199554568223137,0 120.2599058359637,-5.199455797084315,0 120.2600372159555,-5.199271369022906,0 120.2603698272341,-5.198880988188839,0 120.2604948308236,-5.198400117490693,0 120.2605440841223,-5.19818945777882,0 120.2606003801142,-5.197964670649847,0 120.2606988614205,-5.197565723526725,0 120.2608343419784,-5.197076131667085,0 120.2608296904853,-5.196636227861388,0 120.2608240667198,-5.196061216263673,0 120.2607366098671,-5.19563831936149,0 120.260576003554,-5.195238472114586,0 120.2601707355094,-5.195044288083719,0 120.259749452322,-5.194812347628319,0 120.259480372923,-5.194464200007835,0 120.2593569273184,-5.194033241313591,0 120.2593185068578,-5.193576758180343,0 120.2593567964664,-5.193165249964621,0 120.2595783253072,-5.19276012465041,0 120.2598719818968,-5.192433323190797,0 120.2601083926378,-5.192055730497792,0 120.2603524466181,-5.191602311117204,0 120.260600527581,-5.191241019042344,0 120.2608521186541,-5.190897472857372,0 120.2611696633443,-5.19048960638119,0 120.2614247813413,-5.190139063372575,0 120.261703933252,-5.189761974602815,0 120.261891955081,-5.189371952167985,0 120.2619848135601,-5.18894434500867,0 120.2619608421174,-5.188509201742034,0 120.2620935030781,-5.188047898585867,0 120.2622661310786,-5.187239057411951,0 120.2622861056918,-5.186695534131046,0 120.2620649661825,-5.186275298809134,0 120.261943141231,-5.185975463771393,0 120.262103065369,-5.185572577625035,0 120.2622714780571,-5.185206092093389,0 120.2624006911076,-5.184869203037941,0 120.2623733012473,-5.184507893928203,0 120.2622582244285,-5.184093676600696,0 120.2621294578903,-5.183663501309369,0 120.2620192642528,-5.183245974638054,0 120.2619116402856,-5.182818720458351,0 120.2618208631947,-5.182401001132638,0 120.2617215409035,-5.182001180917219,0 120.261174075197,-5.180240426822248,0 
							</coordinates>
						</LineString>
					</Placemark>
					<Placemark>
						<name>LINE OUT BIKERU / LBS SERRE / FCO BARAE</name>
						<visibility>0</visibility>
						<description>2.34KMS AAACS 3x70mm</description>
						<styleUrl>#stylemap_id00301</styleUrl>
						<LineString>
							<tessellate>1</tessellate>
							<coordinates>
								120.2384204222859,-5.215324000171975,0 120.2385803581335,-5.215562041742745,0 120.2386865345242,-5.215967897198145,0 120.2388451707659,-5.216250137764835,0 120.2389880780852,-5.216509880360443,0 120.2391836388678,-5.216908153040017,0 120.239402184763,-5.217245690006083,0 120.2396495238282,-5.217547460666968,0 120.2398818398394,-5.21774510249801,0 120.240266619421,-5.218079661533342,0 120.2405652449877,-5.218330156478809,0 120.2409204607882,-5.218550477024997,0 120.241325697203,-5.218792220413998,0 120.2416161560657,-5.219139511490972,0 120.2419586505313,-5.21945252518557,0 120.2423430051631,-5.219772324013237,0 120.2425082601158,-5.220170619041798,0 120.2425143530711,-5.22018456372811,0 120.2426825189783,-5.220527848602939,0 120.2431577292244,-5.220621216098291,0 120.2435632639043,-5.220729332867866,0 120.2439495493631,-5.220951779290376,0 120.2444559213833,-5.221248916639661,0 120.2448497565947,-5.221426669597294,0 120.2453393100815,-5.221477635314928,0 120.2458545785283,-5.221431045341006,0 120.2463051189459,-5.221383239551765,0 120.2468224468534,-5.221317183969198,0 120.2472252001286,-5.221244546418695,0 120.2476473680321,-5.221358357234661,0 120.2480944013772,-5.221534975419184,0 120.2485361294978,-5.221742792047376,0 120.2489658336075,-5.221958376855781,0 120.2493909763551,-5.222066013085702,0 120.2499305112855,-5.222023897772589,0 120.250212223475,-5.221684080293979,0 120.2506906442761,-5.221401999623729,0 120.2511929212538,-5.221302364215833,0 120.2512023723693,-5.221301590299617,0 120.2516383959798,-5.221308599942386,0 120.2520701749364,-5.22147035063832,0 120.2525757103164,-5.22151283779123,0 120.2530765653699,-5.221711217249545,0 120.2535132698517,-5.221892966386716,0 120.2540357260878,-5.222058088563911,0 120.2545879327358,-5.222256138022161,0 120.2549016298697,-5.222446255758774,0 120.2553994579333,-5.222613095521958,0 120.2556169823073,-5.222808014114736,0 120.2558824106792,-5.223077719097055,0 
							</coordinates>
						</LineString>
					</Placemark>
					<Placemark>
						<name>LINE OUT BIKERU / LBS SERRE / FCO LASIAI arah Utara</name>
						<visibility>0</visibility>
						<description>2.1KMS AAAC 3x35mm</description>
						<styleUrl>#stylemap_id00301</styleUrl>
						<LineString>
							<tessellate>1</tessellate>
							<coordinates>
								120.2599118253484,-5.199447518400768,0 120.2600346287891,-5.19956913278043,0 120.2605000969708,-5.199790221918858,0 120.260924115729,-5.199926183727864,0 120.2614995240341,-5.199919312087744,0 120.261843406817,-5.199925618602217,0 120.2621104784866,-5.200055160884344,0 120.2624169541573,-5.200166561052589,0 120.2627130458582,-5.200219057687995,0 120.2630105694373,-5.200252080833577,0 120.2632718948554,-5.199611692043986,0 120.2635821190656,-5.199025075113402,0 120.2635505229898,-5.198583691734377,0 120.2634876848797,-5.198209824553757,0 120.2636499151132,-5.197898627398716,0 120.2639672440023,-5.197481714989804,0 120.2643204548561,-5.196976903026132,0 120.2645123708138,-5.19650523111964,0 120.2647159427101,-5.196126768883551,0 120.2648237672842,-5.195877317598753,0 120.2650079762732,-5.195521479058182,0 120.2651743587215,-5.195247986821137,0 120.2653857082351,-5.194892659096033,0 120.2655712303541,-5.194667898525966,0 120.2659897785888,-5.194624786958867,0 120.2665054535623,-5.194582576372753,0 120.2667997007134,-5.194450115496129,0 120.2671873308134,-5.194554736918533,0 120.2676134791508,-5.194535976871307,0 120.2679574042354,-5.194058317805553,0 120.2680500941638,-5.193588904139881,0 120.2684302102898,-5.193126006617568,0 120.268844026478,-5.192895693023336,0 120.2693896125668,-5.192952570960955,0 120.2693132909262,-5.192404512571444,0 120.269454517122,-5.192044631557023,0 120.2698161294956,-5.191913258694777,0 120.2701571275294,-5.191634143668744,0 120.2704351141337,-5.191350382902606,0 120.2706857066307,-5.190992486330907,0 120.2710921578834,-5.190355312844443,0 120.2710301684926,-5.189823038077913,0 120.2708667857727,-5.189208607360495,0 
							</coordinates>
						</LineString>
					</Placemark>
					<Placemark>
						<name>LINE OUT BIKERU / LBS SERRE / FCO PALAE Sampai ujung barat</name>
						<visibility>0</visibility>
						<description>2.26kms AAAC 2x35mm</description>
						<styleUrl>#stylemap_id00301</styleUrl>
						<LineString>
							<tessellate>1</tessellate>
							<coordinates>
								120.2106892184675,-5.214391597225319,0 120.2107942263236,-5.213932741408404,0 120.2107220587734,-5.213466320578652,0 120.2105736143085,-5.212992653843556,0 120.2103286404744,-5.212644355671824,0 120.2100835067454,-5.212178749067601,0 120.209954705774,-5.211731522831899,0 120.2098296455681,-5.211216912893906,0 120.209700646948,-5.210716318220699,0 120.2096076354488,-5.210273147533468,0 120.2096107533773,-5.209795831199467,0 120.2096261864177,-5.209352349279976,0 120.209638965721,-5.208871536767798,0 120.2095381328396,-5.20842642878071,0 120.2093616335036,-5.207892467150403,0 120.209345244724,-5.207390215041344,0 120.2093663832504,-5.206884229529968,0 120.2093212418667,-5.206443467070681,0 120.2093425818873,-5.205999625412201,0 120.2094513974704,-5.205537852144564,0 120.2093695565227,-5.205062881855417,0 120.209266761591,-5.204616658098614,0 120.2093970829443,-5.20415795975782,0 120.2097403833782,-5.203833985147784,0 120.2098322105683,-5.2034386477124,0 120.2098483137006,-5.203065873185047,0 120.2098510470688,-5.202668790986731,0 120.2096109215473,-5.202573401296341,0 120.2094247800493,-5.20237235741639,0 120.2089555260714,-5.202025912815866,0 120.2084708484357,-5.201767645442302,0 120.2079360548901,-5.20143444990835,0 120.207478149087,-5.201106769152967,0 120.2071619274685,-5.200673738259062,0 120.2068198706419,-5.200244092971483,0 120.2064826325855,-5.199801874752422,0 120.2061692319379,-5.199389276951774,0 120.2058924584543,-5.198912416030817,0 120.2056764934188,-5.198492348546006,0 120.2052470753182,-5.198082027939511,0 120.2048366466637,-5.197742635151231,0 120.2044197040994,-5.19738794173541,0 120.2040764284198,-5.197079745188538,0 
							</coordinates>
						</LineString>
					</Placemark>
					<Placemark>
						<name>FCO Buakang</name>
						<visibility>0</visibility>
						<description>1,62 kms AAAC-S 70mm</description>
						<styleUrl>#inline4</styleUrl>
						<LineString>
							<tessellate>1</tessellate>
							<coordinates>
								120.2616007268699,-5.181449955878442,0 120.2610809448374,-5.181671962904329,0 120.2605525343619,-5.181834967053992,0 120.2602071352336,-5.181719496941971,0 120.2600039111585,-5.181506202232001,0 120.2597799874114,-5.181205989050711,0 120.2594565702475,-5.181071309475341,0 120.2590253237694,-5.180908407405322,0 120.258711992534,-5.180858653447241,0 120.2581447565071,-5.181063281864565,0 120.2576800843746,-5.181224217028339,0 120.2574469788724,-5.18140942976832,0 120.2572508263836,-5.181516150264962,0 120.2569952301386,-5.18157735235513,0 120.2572806356565,-5.182045785926299,0 120.2573752617926,-5.182386431216114,0 120.2572727552294,-5.182625707409549,0 120.2570653311771,-5.182796363349843,0 120.2565834586484,-5.183092047366081,0 120.2563575085745,-5.183140019320164,0 120.2559367101927,-5.183095682923696,0 120.2552261064727,-5.183346373672892,0 120.2553065728435,-5.183649740652147,0 120.2550913532627,-5.183914287290107,0 120.2544577554784,-5.184273874752989,0 120.2540938883703,-5.184562974720787,0 120.253609627145,-5.184793330690982,0 120.2532478418192,-5.184969676091495,0 120.2528246070826,-5.185048404906319,0 120.252161577161,-5.185121808121,0 120.2520677637842,-5.184685087974779,0 120.251886400376,-5.184334747016639,0 120.2516444359509,-5.183961335752976,0 120.2513932835321,-5.183823340263496,0 120.2508532394084,-5.183490173819619,0 
							</coordinates>
						</LineString>
					</Placemark>
					<Placemark>
						<name>FCO Kolasa</name>
						<visibility>0</visibility>
						<description>1,15 kms AAAC-S 70mm</description>
						<styleUrl>#inline50</styleUrl>
						<LineString>
							<tessellate>1</tessellate>
							<coordinates>
								120.2213955851088,-5.15436682403278,0 120.2210860521444,-5.154700593866332,0 120.2205570672954,-5.15496627433882,0 120.2200733983445,-5.155148020674412,0 120.2194421802525,-5.155210472844953,0 120.218822141081,-5.155443198263114,0 120.2183933591531,-5.15565516624468,0 120.2181452856604,-5.155853943883819,0 120.2177774014718,-5.156351660734372,0 120.2173527657861,-5.156988978759097,0 120.2168479886004,-5.157493187652203,0 120.2159118298071,-5.157753788410508,0 120.215624448832,-5.158529559900016,0 120.2148900810532,-5.159266364161567,0 120.2145636194519,-5.159661283970175,0 120.214477517133,-5.159894021941113,0 120.2144519113167,-5.160267425549777,0 120.2143284110099,-5.160593299601802,0 120.2142071382602,-5.160887927944963,0 
							</coordinates>
						</LineString>
					</Placemark>
					<Placemark>
						<name>FCO Pabrik Batu</name>
						<visibility>0</visibility>
						<description>1,24 kms AAAC-S 70 mm</description>
						<styleUrl>#stylemap_id031001</styleUrl>
						<LineString>
							<tessellate>1</tessellate>
							<coordinates>
								120.2257351895198,-5.215577051316133,0 120.2255114326464,-5.215757262341409,0 120.2246767327339,-5.216563811845061,0 120.2242381151273,-5.217378684579986,0 120.2237047741683,-5.218185039864387,0 120.2232837160604,-5.219552404743284,0 120.2231810175976,-5.220555713397087,0 120.2226477475119,-5.221499271148875,0 120.222458672808,-5.222082478106815,0 120.2225537793948,-5.222716959212602,0 120.2230188338275,-5.222845288748863,0 120.2233210320437,-5.224143622090256,0 120.2236400793039,-5.224872276362657,0 120.2237295992723,-5.225369966195783,0 
							</coordinates>
						</LineString>
					</Placemark>
				</Folder>
			</Folder>
		</Folder>
		<Folder>
			<name>P_TIE LINE TANGKA (BIRU)</name>
			<visibility>0</visibility>
			<open>1</open>
			<Folder>
				<name>EXPRESS</name>
				<visibility>0</visibility>
				<Placemark>
					<name>REC MUSABAQAH - GH TANGKA</name>
					<visibility>0</visibility>
					<description>27 KMS AAAC 3x240mm</description>
					<styleUrl>#inline4110</styleUrl>
					<LineString>
						<tessellate>1</tessellate>
						<coordinates>
							120.1115232140033,-5.191154162137832,0 120.1112390280651,-5.191558508726108,0 120.1108322104171,-5.191910478550341,0 120.1104503896268,-5.192158150983966,0 120.1098710500103,-5.192168975565089,0 120.1093661527741,-5.192254662048428,0 120.1090342479504,-5.192608174764414,0 120.1086704074177,-5.192918914796929,0 120.1082200063128,-5.193233238517148,0 120.108110168836,-5.19365580297365,0 120.1078361857583,-5.19387684375544,0 120.1076831787452,-5.193952531426572,0 120.107355152515,-5.194122255700534,0 120.1070844998457,-5.194370954124059,0 120.1068069985951,-5.194726498603183,0 120.1068452169595,-5.195120715445116,0 120.1064026454859,-5.195320351528929,0 120.1060754602626,-5.195395073726257,0 120.1055968345433,-5.195610373225616,0 120.1053533179578,-5.195921786431678,0 120.1051758476006,-5.196283577282166,0 120.1049291986606,-5.196585375384824,0 120.1048714662482,-5.19702982598028,0 120.1049689410703,-5.197432822502708,0 120.104901866573,-5.197795941344739,0 120.1047395929811,-5.198208038688488,0 120.1045287106446,-5.198568230683054,0 120.104230198074,-5.198876291539529,0 120.1036212229072,-5.199423334343323,0 120.1032299761613,-5.199521236702982,0 120.1027792413594,-5.199684000884957,0 120.1023591766925,-5.199912845773873,0 120.1019025486732,-5.200039193241593,0 120.1014487432207,-5.200197813142932,0 120.1010104654571,-5.20033869584896,0 120.100662917087,-5.200444241539138,0 120.1002102609224,-5.200496853777313,0 120.100039528612,-5.200781657018944,0 120.0997733163334,-5.200892889174146,0 120.0993211659057,-5.200912677402737,0 120.0988134183222,-5.200863325210286,0 120.098557320251,-5.201297532301283,0 120.0984890576748,-5.201730007004396,0 120.0984130486063,-5.201979690773693,0 120.0982775863777,-5.202290287925211,0 120.0980728441542,-5.202304664921527,0 120.0978724397706,-5.202180678438118,0 120.0976103408001,-5.201735138002025,0 120.0970771923907,-5.201808030340282,0 120.0969616715085,-5.202048802002282,0 120.0969066008508,-5.202271481323,0 120.0967849606843,-5.202695719335527,0 120.0967364950733,-5.203041684520121,0 120.0964673322666,-5.203421998528444,0 120.0960644770997,-5.203843094520093,0 120.0955724675884,-5.203885128173769,0 120.0953290547078,-5.203815066796428,0 120.0949609514524,-5.203871089981333,0 120.0946600059165,-5.203885464837517,0 120.0943094759751,-5.203956703148266,0 120.0938993228745,-5.204126835170019,0 120.0936239512933,-5.204379074776423,0 120.0934883408699,-5.204590924377878,0 120.0932879978239,-5.204602412201057,0 120.0930646950427,-5.20423087808486,0 120.092762733804,-5.204171415024752,0 120.0925485434039,-5.204500090681218,0 120.092308720846,-5.204786209783778,0 120.0921521241797,-5.205019780286674,0 120.0919593449622,-5.205325322321607,0 120.0916502410443,-5.205449354180939,0 120.0913254643685,-5.205558179564419,0 120.0911388372766,-5.205693797315781,0 120.0907378074328,-5.205927144831294,0 120.0899928744466,-5.206105416919575,0 120.0896567781152,-5.206390572309647,0 120.089226354225,-5.206649098785939,0 120.0889408745772,-5.206733035698312,0 120.0885204444998,-5.206541656910352,0 120.0882926316041,-5.206452461946027,0 120.0880574510933,-5.206328324110934,0 120.0877298961718,-5.206432533475564,0 120.0876869793657,-5.206756698457541,0 120.0876477863168,-5.206956433441906,0 120.0874044967169,-5.206942566484563,0 120.0869794483391,-5.206894312742361,0 120.0866925437841,-5.206874271650303,0 120.0864160961491,-5.207229436500703,0 120.0863175184501,-5.20758965769242,0 120.0863043280618,-5.207997386979369,0 120.0860121264684,-5.20825687445959,0 120.0855399574492,-5.208407662661954,0 120.0852493033267,-5.208648827553631,0 120.0849999921688,-5.208973066266767,0 120.0847745905325,-5.209435819831477,0 120.0844503211642,-5.209855549218014,0 120.0842088094023,-5.210289283018357,0 120.084041619747,-5.21052826629652,0 120.0838539443263,-5.210661539092151,0 120.0835340802019,-5.210807220380316,0 120.0832685205763,-5.21092273083547,0 120.0828288115679,-5.210724475177978,0 120.0825870366998,-5.210648895191009,0 120.0821070450098,-5.21024533444856,0 120.0818345197058,-5.209991949544037,0 120.0815111793728,-5.210054486611248,0 120.081122557568,-5.210216462437407,0 120.0808410441675,-5.209980728153147,0 120.080530220944,-5.209732950461639,0 120.0801412676959,-5.209726360281458,0 120.079866403473,-5.209848118715139,0 120.0794421930853,-5.210084384312419,0 120.0792350315023,-5.210318360565448,0 120.0792842411924,-5.21049729081373,0 120.0794221605308,-5.211092203219744,0 120.0791747081263,-5.21144244882336,0 120.078716168464,-5.21153346340865,0 120.0781884108345,-5.21183081415497,0 120.0777527399915,-5.212075482610907,0 120.0779984758734,-5.212369284075483,0 120.0782011173991,-5.21278094026477,0 120.0785393182101,-5.213076593214561,0 120.0789362419594,-5.213494283641559,0 120.07928962547,-5.213712789523353,0 120.0793246109528,-5.213923204119686,0 120.0791048912234,-5.214145247532541,0 120.0788331923126,-5.214458342560095,0 120.078478519332,-5.214728816438273,0 120.0781721519186,-5.21498158570058,0 120.0778956316078,-5.215351816442607,0 120.0776858310105,-5.21561627065628,0 120.0773910728109,-5.21574488276068,0 120.0770211234654,-5.215834594979095,0 120.0769250571809,-5.216001125091268,0 120.0768032317218,-5.216234607289,0 120.0763311498366,-5.216574877339966,0 120.0760315834954,-5.216702679567515,0 120.0756981214866,-5.216857133166817,0 120.0753897645613,-5.216863331883883,0 120.0748923620823,-5.216541362254557,0 120.0745588142942,-5.216326616546625,0 120.0741911025656,-5.216185731654305,0 120.0738837026808,-5.216109339441144,0 120.0734695572839,-5.216088773266709,0 120.0732658346327,-5.216290796426479,0 120.0731381571894,-5.21652027717651,0 120.0729542502781,-5.216728659151961,0 120.0725018608662,-5.216786692668753,0 120.0721880731885,-5.216779174474385,0 120.0717752313781,-5.216672696015416,0 120.0714455757948,-5.216548781520165,0 120.0711560350755,-5.216420166120442,0 120.0708232238051,-5.216375992920968,0 120.0705525111294,-5.216492650433792,0 120.0703099811299,-5.216650308803122,0 120.0702307142911,-5.216830632685983,0 120.0702580988147,-5.217229733891666,0 120.0704226730591,-5.217662102126683,0 120.0703919837785,-5.218069573036437,0 120.0702025051328,-5.218305505897269,0 120.0699497695581,-5.218572518092842,0 120.0697376732117,-5.218782574306894,0 120.0697768499933,-5.219058367210633,0 120.0703088597883,-5.219149513185294,0 120.0704676560216,-5.219640221909265,0 120.0702737781716,-5.220076692384477,0 120.0699469863878,-5.22052395230749,0 120.0700003757957,-5.221041451870614,0 120.069965434631,-5.221368404815944,0 120.06957079508,-5.221489887050885,0 120.0693047563759,-5.22167174893166,0 120.0689185252177,-5.22132810356175,0 120.0684449737965,-5.221584188378256,0 120.06819426007,-5.221746097231361,0 120.0679071462691,-5.221603573036025,0 120.0673317302874,-5.221811678419088,0 120.0671305370706,-5.222113346401393,0 120.0667018690904,-5.222220197867737,0 120.066482848168,-5.222050670245984,0 120.0662935035664,-5.222000332959534,0 120.0660138218414,-5.222092896310779,0 120.0661843264831,-5.222507720997813,0 120.0665284022994,-5.222707545232602,0 120.0662156201826,-5.223191352345618,0 120.0660316027037,-5.223643849960465,0 120.0656652716752,-5.224010752397036,0 120.0656968054656,-5.224155291481037,0 120.0654485102972,-5.224643294998482,0 120.0652354860351,-5.224618127244151,0 120.0650073232073,-5.224999940186406,0 120.0647879086984,-5.225193866918342,0 120.0642052554597,-5.225597904468972,0 120.0639203021059,-5.225692364396927,0 120.0635207054538,-5.22551309576357,0 120.063095978701,-5.225452053032787,0 120.0628066569044,-5.225121942578297,0 120.0624453255112,-5.225247506793148,0 120.0619166918311,-5.225405420966299,0 120.0617139766631,-5.225843827012164,0 120.0620195340382,-5.226155072317292,0 120.062390030873,-5.2264422481816,0 120.062895767109,-5.226949673841023,0 120.0630283646862,-5.227347630946731,0 120.0627412387018,-5.227607239344602,0 120.0626129208066,-5.228023562032269,0 120.0622014025745,-5.228323717548688,0 120.0618427574801,-5.22854075850183,0 120.0615023789976,-5.228822568138984,0 120.0616197664325,-5.229040904867663,0 120.0619825651799,-5.229460722773815,0 120.0624613509019,-5.229644719491012,0 120.062927685379,-5.229813011273846,0 120.063241513163,-5.230220036043828,0 120.0630347016816,-5.230372587912107,0 120.0626162992349,-5.231018728600694,0 120.0622817268102,-5.231081493949786,0 120.061815403415,-5.231170225622605,0 120.0611345372732,-5.231488066003014,0 120.0611367484508,-5.231774380852968,0 120.0610005561689,-5.232121637909073,0 120.0607837497298,-5.232322190653951,0 120.0605298107452,-5.232457787414122,0 120.0603019662192,-5.232718919716245,0 120.0599357206986,-5.232997713765899,0 120.0595455783664,-5.233258616487273,0 120.059307888339,-5.233527351248258,0 120.0590087077218,-5.234073456947013,0 120.0589561963545,-5.234386678926574,0 120.0585102576755,-5.234518567957545,0 120.0580300731226,-5.234409308978831,0 120.0575223853359,-5.234799613577405,0 120.057322913018,-5.235120243945043,0 120.0569658721697,-5.235683081565252,0 120.0565186660668,-5.236045199764082,0 120.0564258897054,-5.236370564550668,0 120.0562371269785,-5.236533999223433,0 120.0560984535752,-5.236702000374427,0 120.0558894120056,-5.236766305220212,0 120.0555412445168,-5.236734679928592,0 120.0554347527697,-5.236861371410532,0 120.0551880321127,-5.2372897324548,0 120.0552813679195,-5.237665243521471,0 120.0549990881971,-5.238090941139983,0 120.0548375608412,-5.238056227771146,0 120.0547061923368,-5.238190998576681,0 120.0541029905267,-5.2384839066978,0 120.0537748467394,-5.238452464675091,0 120.0534092456868,-5.238265964715137,0 120.0532105725625,-5.238143382449491,0 120.0527454345917,-5.238030274902117,0 120.052610828239,-5.238293930589885,0 120.0525149756568,-5.238549910344205,0 120.0521200116493,-5.238746269786243,0 120.0516462227968,-5.239162322884979,0 120.05132993259,-5.239305236052851,0 120.0509264105394,-5.239313532273372,0 120.0507506608474,-5.239609612422075,0 120.0507444174306,-5.239981820776939,0 120.0512975184504,-5.240628373526921,0 120.051423138051,-5.240867458150604,0 120.0512041499432,-5.241146780977004,0 120.0504278743664,-5.24089159155542,0 120.0499245277039,-5.240861187860688,0 120.0495305888069,-5.241287356680274,0 120.0494614361135,-5.24145321761202,0 120.0493987060269,-5.241758325874427,0 120.0492191441563,-5.242172980034231,0 120.0489678892214,-5.242408227171044,0 120.0489785538714,-5.242757039779931,0 120.0485453633833,-5.242819708178773,0 120.0480918427916,-5.242915476748844,0 120.0476566842981,-5.243047317914213,0 120.0472517655186,-5.24316184145963,0 120.046953590496,-5.242770738567651,0 120.0466117514593,-5.242490533235867,0 120.0461691545058,-5.242314620571952,0 120.0464168016696,-5.241907534953768,0 120.0465659263349,-5.241482847681921,0 120.0467249314416,-5.241176332495908,0 120.0467005674923,-5.240859753740793,0 120.0464751838633,-5.240500856736494,0 120.0465487270934,-5.240298986757217,0 120.046487543597,-5.239526105573095,0 120.0468088368961,-5.239357587001808,0 120.0470658225901,-5.238839624813691,0 120.0473237467398,-5.238250923801379,0 120.0469647133817,-5.23811987700895,0 120.0464617984325,-5.237795527595327,0 120.0464118881921,-5.237354983401374,0 120.0459600231015,-5.237009965174478,0 120.0457046269421,-5.236942965810337,0 120.0453039960301,-5.237069335981893,0 120.0451966097312,-5.237474730822004,0 120.0449515385506,-5.23789842203942,0 120.0444185880166,-5.237686281420643,0 120.0440626418708,-5.237324363708733,0 120.0436379888751,-5.2374812666018,0 120.0435038724958,-5.237690584289177,0 120.0431230419054,-5.237950724536066,0 120.0429335095629,-5.23844486919834,0 120.0427584040293,-5.238636182244599,0 120.0423484314288,-5.238982665722291,0 120.0419509356944,-5.239332441408912,0 120.0416140541713,-5.239614553020896,0 120.0411767304251,-5.2400016072905,0 120.0410075177808,-5.240022076156842,0 120.0406877601852,-5.240036459333651,0 120.0402999006655,-5.239940618695752,0 120.0398153143168,-5.239786257346247,0 120.0394518940917,-5.239699408309384,0 120.0390800425989,-5.239699548399693,0 120.0388228799301,-5.239811593234025,0 120.0384652193844,-5.240104371781457,0 120.0382644046063,-5.240449240751052,0 120.0379500084074,-5.240877650114547,0 120.0376495038835,-5.241297519721097,0 120.0373261367164,-5.241751643353057,0 120.036970699651,-5.241958642401819,0 120.0363295787533,-5.242173671563803,0 120.0360295855826,-5.242645125256791,0 120.0355622273499,-5.242737684036453,0 120.0353076216953,-5.242551219781912,0 120.0351297281162,-5.242357155230406,0 120.034948257956,-5.241971257621836,0 120.0344327165967,-5.241578278370177,0 120.0340708456245,-5.241651441715426,0 120.0336463209306,-5.241475926787358,0 120.0333944083665,-5.241241086740057,0 120.0329338150239,-5.241496024479168,0 120.032736908993,-5.241660981977416,0 120.0324252082392,-5.241393689164722,0 120.0321957006643,-5.241102124074198,0 120.0317875659179,-5.241134484053084,0 120.0316210251912,-5.241554724563724,0 120.0309938800363,-5.24161638852859,0 120.0305548634123,-5.242063517412949,0 120.0303617457524,-5.242476866600559,0 120.0301826670876,-5.242886619131491,0 120.0297356037016,-5.242653401114942,0 120.0294767642508,-5.242537477585366,0 120.0289840921874,-5.242573563193455,0 120.0287999158826,-5.242733799364813,0 120.0285937514602,-5.24287082091812,0 120.028312682461,-5.243166908297304,0 120.0279666047368,-5.243203362559803,0 120.0276128391826,-5.24323472996718,0 120.027074079218,-5.243350482441307,0 120.0266672074772,-5.243546127630864,0 120.026409362337,-5.243694036507311,0 120.0260337931961,-5.243811568432505,0 120.0258302339814,-5.244025438241132,0 120.0257644864468,-5.244088590014944,0 120.0256995044006,-5.244375635087049,0 120.0257082966141,-5.244558933179432,0 120.0256789968887,-5.244944241999835,0 120.0256250195925,-5.245187455320613,0 120.0253708269623,-5.245691945432464,0 120.0250785732262,-5.245851847360923,0 120.0248978213648,-5.246167211040881,0 120.0249516791862,-5.246588115152088,0 120.0246449228396,-5.246652061829383,0 120.0241961385509,-5.246769175571654,0 120.0241693546465,-5.246903608698902,0 120.024008302766,-5.247155948271348,0 120.0236099621161,-5.247266365527136,0 120.0230280148925,-5.247229825054611,0 120.022803476553,-5.247557231743886,0 120.0227170716893,-5.248041018821462,0 120.0225163611753,-5.248233556085705,0 120.0221861110621,-5.248393253284561,0 120.0218883732155,-5.248743116232996,0 120.0215550242711,-5.249067874716598,0 120.0213473252888,-5.249319286992932,0 120.0212780114047,-5.249728416701488,0 120.0214161325854,-5.250389838025561,0 120.0212542279021,-5.25078669578567,0 120.0208391178799,-5.251074318264594,0 120.0207417323811,-5.251411086095972,0 120.0204843127474,-5.25164945171788,0 120.0199754838066,-5.252041773435479,0 120.0195945487129,-5.251860129566904,0 120.01912279327,-5.251830144921917,0 120.0189490632809,-5.252055508136072,0 120.01880757285,-5.25245529143575,0 120.0189003837184,-5.252978196429758,0 120.0184954677262,-5.253164278072063,0 120.0184887572962,-5.253326190442659,0 120.0184821599729,-5.253531904733034,0 120.0184836829815,-5.253849331171722,0 120.0184579076895,-5.254281716130807,0 120.018026366085,-5.254214173214567,0 120.0177752948142,-5.254215285476313,0 120.0173769004669,-5.254224251795724,0 120.0170879113235,-5.254137759004351,0 120.0165909321768,-5.254128193496089,0 120.0162867741567,-5.254267771001042,0 120.0162319050473,-5.254401077681158,0 120.0160057541829,-5.254672434415019,0 120.0156982207027,-5.254916466109513,0 120.0153234855031,-5.255142152901623,0 120.014889867402,-5.255352192110678,0 120.0145176428436,-5.255411621713953,0 120.0144120153611,-5.255259470279412,0 120.0143349754117,-5.25498446704697,0 120.0140792972282,-5.254575858839216,0 120.0138099018082,-5.254143981301453,0 120.0135547492807,-5.253863581761305,0 120.0132870887002,-5.253755757035826,0 120.0131285586068,-5.253611068679363,0 120.0129056551433,-5.253066938131161,0 120.0126511079419,-5.252682230308844,0 120.0122606636961,-5.252456624200541,0 120.0122060384767,-5.252040160785813,0 120.0123960531089,-5.25170936139668,0 120.012214002461,-5.251274319993669,0 120.0119765476991,-5.251020352898912,0 120.011748085638,-5.250773897630197,0 120.0115665380596,-5.250334199090458,0 120.0117967979792,-5.24976317632677,0 120.011920161628,-5.249594948217829,0 120.0122394484757,-5.249239958718598,0 120.0121059431318,-5.248878972091369,0 120.0121299346759,-5.248260552003806,0 120.0123007939951,-5.247995593926392,0 120.0124664042103,-5.247545591761158,0 120.0121240342124,-5.247235340760149,0 120.0122193021755,-5.246979190134184,0 120.012492942484,-5.246713761879094,0 120.012711992445,-5.246379713614507,0 120.0127057557583,-5.245894801224466,0 120.0129650138098,-5.245650464773405,0 120.0130384714554,-5.245369271314512,0 120.0133009120692,-5.244866665938908,0 120.0135135064848,-5.244557957719096,0 120.013693265581,-5.244063421284762,0 120.0137878955838,-5.243612307287663,0 120.013941677292,-5.243269686184028,0 120.0140738170164,-5.242895703897056,0 120.0141653252378,-5.242334942475439,0 120.0140169209692,-5.241885821450025,0 120.0140598433591,-5.241477388063021,0 120.01410070028,-5.241088866880033,0 120.0142895909937,-5.240649200952688,0 120.014317073685,-5.240574610423648,0 120.0144691433565,-5.240242856038464,0 120.0145318051571,-5.239935554621733,0 120.0143865316057,-5.239523731166617,0 120.0141891314601,-5.239090603512111,0 120.0138882421683,-5.238701730090598,0 120.0135483438761,-5.238398244805875,0 120.0132369630658,-5.23794488819913,0 120.0130435271226,-5.237484361335612,0 120.0129967328468,-5.237125871683732,0 120.0129862166205,-5.2365615254655,0 120.0129951726292,-5.236243130483973,0 120.0130824176732,-5.235701939077913,0 120.0131339832104,-5.235207991271368,0 120.0130261569416,-5.234865024442225,0 120.0129688266301,-5.234682267117688,0 120.012537147708,-5.234427628050681,0 120.0124574506581,-5.234090376612076,0 120.0124706428813,-5.233741195283027,0 120.0123862890928,-5.233333433151112,0 120.0122784628383,-5.232923078051374,0 120.0120670822385,-5.232436769484985,0 120.0119416119427,-5.232092218860943,0 120.0117388152347,-5.231694499475692,0 120.0113523034422,-5.231451943094135,0 120.0109850161169,-5.231097390125794,0 120.010630389942,-5.230800110348397,0 120.0107061739812,-5.230316456150065,0 120.0109245529243,-5.229789139832718,0 120.0109887403173,-5.229373121791817,0 120.0108527195726,-5.228993054197403,0 120.010812485553,-5.228633035386905,0 120.0109078193127,-5.228159219898507,0 120.011104191836,-5.227614241397068,0 120.0113281325258,-5.227272052469484,0 120.0116667315161,-5.226804726775145,0 120.0117127577887,-5.226443836103047,0 120.0116913486323,-5.226067114845694,0 120.0116673620281,-5.225950064317816,0 120.0116047783517,-5.225582124875989,0 120.0115139778178,-5.225182072952837,0 120.0120781143186,-5.225230573538742,0 120.0124279917146,-5.225094423335804,0 120.0128268478086,-5.2248956507442,0 120.013096337239,-5.224445537438228,0 120.0132362050763,-5.224087127302323,0 120.0134274979876,-5.223725971859045,0 120.013638341839,-5.223393111629563,0 120.0140735945941,-5.222943910530235,0 120.0142931235377,-5.22239754520195,0 120.0142844807224,-5.221791571194814,0 120.014401646882,-5.221376719085879,0 120.0144756304487,-5.220434100874333,0 120.0145065497437,-5.219929157078674,0 120.014529152434,-5.219526892081673,0 120.014567988079,-5.218972985305621,0 120.0145430847648,-5.218494548510104,0 120.0146140526352,-5.218034373235424,0 120.0149721992499,-5.217581255821513,0 120.0149458929751,-5.217415568712862,0 120.0149854160837,-5.217205008950768,0 120.0150134159425,-5.216752863294327,0 120.0150558104975,-5.216310542596121,0 120.0151429849519,-5.215851638151066,0 120.0151879466542,-5.215282615422629,0 120.0153115933352,-5.214933043744154,0 120.0155388658926,-5.214453888496938,0 120.0156930294288,-5.214098568617624,0 120.0158499045678,-5.213809280131391,0 120.016183309413,-5.213309339617831,0 120.0164577132482,-5.213462794212466,0 120.0167398526563,-5.21343816685412,0 120.0167146253308,-5.213067918568532,0 120.0164944042435,-5.212677266921051,0 120.0162154768696,-5.212367269782311,0 120.015711971279,-5.212350162534618,0 120.0154492753355,-5.212783375195066,0 120.0152850710699,-5.213301088376589,0 120.0149757023638,-5.213551741566025,0 120.0148012936824,-5.213736177860925,0 120.0146761711609,-5.214114085776958,0 120.0145202327463,-5.214385005530315,0 120.0145349516406,-5.214782979247258,0 120.0144201201531,-5.215358132883419,0 120.0143182831065,-5.215683132339993,0 120.0143758785462,-5.216147900496265,0 120.0143149903894,-5.216518932242387,0 120.0141412440609,-5.216990627403955,0 120.0139312911089,-5.217326072824532,0 120.0135329143619,-5.21757043846427,0 120.0131078174758,-5.21768498889517,0 120.0126203360171,-5.217618959523609,0 120.0121879278054,-5.217595633416347,0 120.0117842634056,-5.217725393204791,0 120.0115789762254,-5.217833655834325,0 120.0112307020119,-5.217874087267943,0 120.0108276340041,-5.217812036493998,0 120.0105434492476,-5.217989430766232,0 120.0102518886773,-5.218369215049215,0 120.0099154541356,-5.218822309795473,0 120.009659421819,-5.219033402442927,0 120.0098358613939,-5.219482103066123,0 120.0096433349975,-5.219829332189685,0 120.0094605259633,-5.219981910725902,0 120.0092044005479,-5.220142988423479,0 120.008887782681,-5.220333009660451,0 120.0083681674949,-5.219795729899563,0 120.0086353060277,-5.21943364752015,0 120.008627645983,-5.218955741388198,0 120.0086660650029,-5.218481220010104,0 120.0088103852133,-5.218095629328248,0 120.0089798648903,-5.217619381802196,0 120.0092881597124,-5.21730979141016,0 120.0094613506226,-5.216924726959878,0 120.0096021105687,-5.216762905286133,0 120.0097436592868,-5.21642731793722,0 120.0096519515314,-5.216201454548552,0 120.0095088488738,-5.216000652053487,0 120.009403460803,-5.215745943505709,0 120.0092746520291,-5.215493334270827,0 120.0092471600092,-5.215258777362691,0 120.0090905931256,-5.215005501446199,0 120.0089306809676,-5.214721790651475,0 120.0090240166101,-5.214296489862354,0 120.0090727800429,-5.214057135973984,0 120.0090041653367,-5.213841948725341,0 120.0089481201604,-5.213382463694093,0 120.0089699165691,-5.212949222887388,0 120.0091514451604,-5.212841578222892,0 120.0093286752669,-5.212701930068263,0 120.0096199179224,-5.212585960892122,0 120.0097674398753,-5.212441717200285,0 120.009939061725,-5.212346962723609,0 120.0101015698927,-5.212218943277945,0 120.0102273497582,-5.212070845039906,0 120.0103541455179,-5.211901877965465,0 120.0104842472034,-5.21183086405069,0 120.0105219652199,-5.211752152758058,0 120.0105536848255,-5.211685656719966,0 120.0106076045612,-5.211615643290972,0 120.0106515266056,-5.211543862355892,0 120.0107096831061,-5.211391896131595,0 120.010752145115,-5.211323663082143,0 120.0108126219485,-5.211221225292898,0 120.0108237475969,-5.211110504766238,0 120.0108363033737,-5.211008239831443,0 120.0108662399098,-5.210864452151575,0 120.0108956082588,-5.210728735673308,0 120.0109601974336,-5.21057585966058,0 120.0110271630827,-5.2104580841289,0 120.0110853865373,-5.210337096762087,0 120.0111611189405,-5.210204121168178,0 120.0112941161904,-5.210060870727373,0 120.0113917583205,-5.209893243263692,0 120.0114919949915,-5.209728104457423,0 120.0115701128355,-5.209613782485691,0 120.0116407373102,-5.209476435440802,0 120.0117750674376,-5.209329722743795,0 120.0119976824357,-5.209208791917067,0 120.0119824841328,-5.209073913954347,0 120.0119715793287,-5.208955600824332,0 120.0119039326372,-5.20873140892074,0 120.0118638511682,-5.20855361286455,0 120.0118793509764,-5.208380695884567,0 120.0120413240753,-5.208287190465003,0 120.0121804532785,-5.208200186750751,0 120.0123717758704,-5.208133905443463,0 120.0125359041263,-5.20804338229078,0 120.0127573393817,-5.207898005356237,0 120.0129217401492,-5.207776701737319,0 120.0130081690903,-5.207590363018078,0 120.0131009790109,-5.207403405652432,0 120.0130342451447,-5.207065524844552,0 120.0128750658386,-5.206787413729996,0 120.0126927072531,-5.206567320933039,0 120.0124766733767,-5.206450935478918,0 120.0123440084099,-5.206133203435319,0 120.0125395118903,-5.205917256298999,0 
						</coordinates>
					</LineString>
				</Placemark>
				<Placemark>
					<name>Kabel Tanah GH Tangka</name>
					<visibility>0</visibility>
					<description>XLPE 240</description>
					<styleUrl>#inline4110</styleUrl>
					<LineString>
						<tessellate>1</tessellate>
						<coordinates>
							120.0125408387632,-5.205914274303652,0 120.0125977463838,-5.205921337374523,0 120.0125982705459,-5.205881856441763,0 
						</coordinates>
					</LineString>
				</Placemark>
				<Placemark>
					<name>PERTIGAAN KAMPALA - REC MUSABAQAH</name>
					<visibility>0</visibility>
					<description>15,8 KMS AAAC 3x240mm Sebagian Double Circuit</description>
					<styleUrl>#inline4110</styleUrl>
					<LineString>
						<tessellate>1</tessellate>
						<coordinates>
							120.2198802324598,-5.150751467918227,0 120.2196337524624,-5.150936887111111,0 120.2193582674508,-5.151204417819536,0 120.2190868298583,-5.151377292448633,0 120.2188954811274,-5.151501699569749,0 120.2185979900322,-5.151532454113743,0 120.2184424612763,-5.151432403416395,0 120.2183946392401,-5.151293585497917,0 120.2185155512308,-5.151007919773333,0 120.2188065165919,-5.150617217067844,0 120.2185800674006,-5.150173117660292,0 120.2185621905774,-5.150120425787241,0 120.2182317493855,-5.150265252971474,0 120.2182089928801,-5.150244546591292,0 120.2176069516685,-5.150496775865144,0 120.2175984790876,-5.150454893775664,0 120.2169458883173,-5.150263456595161,0 120.216442898586,-5.150147483375976,0 120.2164352023185,-5.150102332115706,0 120.2159779696116,-5.150377694903673,0 120.2159202722693,-5.150360362454372,0 120.2155473646347,-5.150626927973597,0 120.2151715223993,-5.150934625309189,0 120.2152874274061,-5.151426509189605,0 120.2149118485349,-5.151652710395263,0 120.2145158164705,-5.151622910056584,0 120.213684840638,-5.1514519757361,0 120.2132346736997,-5.151208824556689,0 120.2124775709656,-5.151061353075318,0 120.2119504135713,-5.151403563059881,0 120.2115872160813,-5.151564465691111,0 120.2110628984384,-5.151590291149926,0 120.2106199602353,-5.151453875267782,0 120.2103313949249,-5.151195941669529,0 120.2101308857186,-5.151027284235655,0 120.2097933213464,-5.150853830076967,0 120.2094162630016,-5.150904681780633,0 120.2088685768017,-5.150763188084799,0 120.2083464178547,-5.150925930545736,0 120.2077919879718,-5.150852782281126,0 120.2074313722711,-5.151071298350979,0 120.2071133669634,-5.151349222206957,0 120.2070116537444,-5.151808268255824,0 120.2068886583688,-5.152269779339348,0 120.2066544289702,-5.152578775518593,0 120.2063530407494,-5.153025649846082,0 120.206145522827,-5.153259853106496,0 120.205723492001,-5.153531065525849,0 120.2053169304492,-5.153555665530967,0 120.204809518655,-5.153652340284286,0 120.2044801709382,-5.153634090254513,0 120.2040645312645,-5.153535637106026,0 120.2036229113385,-5.153476611796502,0 120.2032800629409,-5.153623577351011,0 120.2028823752751,-5.153723439812169,0 120.2019412338165,-5.153715315168602,0 120.2015442757363,-5.153508161926856,0 120.2010488931364,-5.153606477301039,0 120.2006778052311,-5.15355027324719,0 120.2002226712643,-5.1535465850733,0 120.1998280567979,-5.153581296166506,0 120.199264092354,-5.153583754943436,0 120.1988475227213,-5.153576257247973,0 120.1984224386473,-5.153548524116141,0 120.1980123194605,-5.153482580432153,0 120.1975727442257,-5.153329574121551,0 120.1971892704947,-5.153069096250102,0 120.1970138900659,-5.152731293867935,0 120.19684225565,-5.152298047924766,0 120.196708590112,-5.151885328065075,0 120.1965170438786,-5.151486741400542,0 120.1962667585014,-5.151050886880132,0 120.1960501766696,-5.150692873014297,0 120.195746711458,-5.150496791724638,0 120.1953492430359,-5.150341316522687,0 120.1948497290278,-5.150192913014133,0 120.1945555191086,-5.1501606351584,0 120.1941190262355,-5.150223412330676,0 120.1936709934974,-5.150230726537295,0 120.1936198430861,-5.150249053516223,0 120.1932673146009,-5.150203757795445,0 120.1928279202957,-5.150479359795218,0 120.1924181701846,-5.150756693604328,0 120.1921273027672,-5.150853075851616,0 120.191696216423,-5.150813926566359,0 120.1911683530081,-5.150828543375624,0 120.1906978270069,-5.150947689429823,0 120.190231584233,-5.151086185906892,0 120.1897487268994,-5.151238939752528,0 120.1894016595325,-5.151511168820574,0 120.1891636602025,-5.151970452930489,0 120.1887923825587,-5.15225290619149,0 120.188398943538,-5.152392369656744,0 120.1879582858621,-5.15247572573395,0 120.1875269707283,-5.15261636114688,0 120.1870752941312,-5.152832647771975,0 120.1866690919845,-5.153104054077009,0 120.1862807892701,-5.153290571622469,0 120.1859186586178,-5.153781837109501,0 120.1858658387166,-5.154310756410949,0 120.1859106447033,-5.154714961956055,0 120.1854941040526,-5.155062986938497,0 120.1849985970893,-5.15518608264399,0 120.1845531913787,-5.1552116413559,0 120.1842454243207,-5.155208218587402,0 120.1839677675884,-5.155278677840256,0 120.1835517455308,-5.155234028977972,0 120.1831938859782,-5.154891552661912,0 120.1829171051893,-5.154642124382382,0 120.1826000833107,-5.154609522969517,0 120.18223418575,-5.154634529918262,0 120.1819077061897,-5.154575207962588,0 120.1813869681504,-5.154375812958404,0 120.1810371400174,-5.154214488555533,0 120.1806847710528,-5.15405851286014,0 120.1804088193778,-5.153937159696343,0 120.1799908220703,-5.154168296028601,0 120.1797813397744,-5.154411451384771,0 120.1795699674779,-5.154558352082774,0 120.1792282374311,-5.154747441826054,0 120.1788396891103,-5.155037836876405,0 120.1785534070264,-5.155209041302516,0 120.1782133286464,-5.155462777457416,0 120.1781021665549,-5.155831745877452,0 120.1780948548143,-5.156198165199225,0 120.178073892362,-5.156544180045231,0 120.1779961682074,-5.156857565953208,0 120.1778856610343,-5.157109432738537,0 120.1777783074639,-5.157350782657641,0 120.1776468589516,-5.157615307499858,0 120.1774703871928,-5.157898302781843,0 120.1771561322979,-5.158179222976926,0 120.1769801871617,-5.158337454653936,0 120.1767558932887,-5.158548055703487,0 120.1764907881451,-5.158771432980876,0 120.1762533854349,-5.158966778632355,0 120.1759528767104,-5.15919549337114,0 120.1757216299813,-5.159362504039159,0 120.1754498385154,-5.159565917024903,0 120.1751529902625,-5.159737910092138,0 120.1750432082633,-5.159815280245925,0 120.174925911355,-5.159902182316285,0 120.1747744428489,-5.160000101737118,0 120.1746401264984,-5.160089910609733,0 120.1744355013614,-5.160225582182291,0 120.1743030074381,-5.160315050956293,0 120.1741683995671,-5.16040390560438,0 120.1739149581441,-5.160569434361813,0 120.1736617126247,-5.160767493378328,0 120.1733730531715,-5.160957338205129,0 120.1730961523641,-5.161168459302648,0 120.1728533436726,-5.161315678680786,0 120.1725193652534,-5.161479435241675,0 120.1722521904053,-5.161571944378455,0 120.1719552207821,-5.161661954764633,0 120.171631237105,-5.161780082398602,0 120.1713256106879,-5.161928217697571,0 120.1709861282932,-5.162158693958782,0 120.1706139310995,-5.162389557305668,0 120.1703483753014,-5.162580412187508,0 120.1700626621351,-5.162825443366572,0 120.1697847975756,-5.16310109793427,0 120.1695948566954,-5.163482875886047,0 120.1694652578042,-5.163792703129028,0 120.1693137968099,-5.164136594378975,0 120.1691868186084,-5.164453975112952,0 120.1690516035024,-5.16484415534606,0 120.1689753992267,-5.165257586479414,0 120.1689368513964,-5.165498007471961,0 120.1689081708675,-5.16579309586889,0 120.1689757428274,-5.166111553935217,0 120.1689450221852,-5.166472330115529,0 120.1685096711679,-5.166435553021533,0 120.1680577484914,-5.166367547252785,0 120.1675295047712,-5.166342685759048,0 120.1670700647329,-5.166307054427735,0 120.1666423737358,-5.166493638468104,0 120.1663094446429,-5.166605245029512,0 120.1659457972869,-5.1666669926252,0 120.1653833430269,-5.166755720628943,0 120.1649423341842,-5.166906595775029,0 120.1646969943493,-5.167397770289249,0 120.1645555901617,-5.167726981795198,0 120.1642692118522,-5.167820602359508,0 120.1638503072455,-5.167819065244347,0 120.1635003681301,-5.167817139798744,0 120.1631555296763,-5.167841630619215,0 120.1628150417475,-5.167883360724777,0 120.1625821290476,-5.167964216107297,0 120.1622699538575,-5.168139254652284,0 120.1620185463726,-5.168380524641753,0 120.1617242688686,-5.168590125342087,0 120.1614470636426,-5.168723090588629,0 120.16109555434,-5.168891576507012,0 120.1607089593285,-5.169035188523254,0 120.1603168669254,-5.169118367038117,0 120.1600430376627,-5.169203177054232,0 120.1596359530328,-5.169305846994856,0 120.1593292977769,-5.169374685109466,0 120.1588070687337,-5.169342780857269,0 120.1584932637223,-5.169280219205431,0 120.1581209159069,-5.169213704086781,0 120.1577794021947,-5.16920707964824,0 120.1574489334704,-5.169513508036792,0 120.1570379996351,-5.16968401755237,0 120.1566389966783,-5.169672796227997,0 120.1561520952221,-5.169738142404293,0 120.1557184343519,-5.169707926134814,0 120.1552715968919,-5.169485240941519,0 120.1549462806838,-5.169191966696874,0 120.1546947953736,-5.168954402306845,0 120.1543053042553,-5.168732639922776,0 120.1538793615524,-5.168804855486933,0 120.153402465563,-5.168903152618869,0 120.1529261139857,-5.169021003484265,0 120.1524705647225,-5.169090315931917,0 120.1518378955796,-5.16902049874644,0 120.1513409286344,-5.168844998557873,0 120.1508202828647,-5.168633904184251,0 120.1503836879154,-5.168535373374125,0 120.1499946518884,-5.168560167447114,0 120.1495167205285,-5.168638183607253,0 120.1491191301859,-5.16863712693369,0 120.1487046279241,-5.16836388672901,0 120.1484381240122,-5.168091667164087,0 120.1481664606225,-5.167805113471829,0 120.147800288295,-5.167538890459653,0 120.1474449615816,-5.167461218388539,0 120.1470528043703,-5.167455911028637,0 120.1467609774632,-5.16785850786096,0 120.1468401005585,-5.168160664441954,0 120.1467652337549,-5.168516474914878,0 120.1464290538205,-5.168767122131974,0 120.1459778747269,-5.168892992158399,0 120.145568094117,-5.169003857452346,0 120.1451633214303,-5.169132949376516,0 120.1448270137194,-5.169246686775078,0 120.1444211270973,-5.169379413420804,0 120.1438887579229,-5.169578528686753,0 120.143546129458,-5.169625697101679,0 120.1431752598938,-5.169555599817236,0 120.1429261407064,-5.16944239725812,0 120.1426107520159,-5.169300109523917,0 120.1421597273864,-5.169190109322955,0 120.1418788935445,-5.169328916200965,0 120.141547980876,-5.16945618092717,0 120.141187358356,-5.169480189415889,0 120.1407651449791,-5.169771758524223,0 120.1404294299582,-5.169948812788316,0 120.140077195413,-5.170000710887167,0 120.139574503238,-5.16991897372661,0 120.1392898442483,-5.169696083032767,0 120.1391420962983,-5.169343650432974,0 120.1389607795004,-5.169157665281213,0 120.1385475837568,-5.169285422422623,0 120.1382143883286,-5.169464152762572,0 120.137882200913,-5.169509886656258,0 120.1375565651393,-5.169532683169272,0 120.1370827783573,-5.169476461245968,0 120.1367290732616,-5.169426655659167,0 120.1366584811983,-5.169604909077879,0 120.1368558421189,-5.169965836038084,0 120.1365416760389,-5.170282812204328,0 120.1362328969746,-5.170509425961571,0 120.1359485992699,-5.17067372789456,0 120.1354627325754,-5.170632183903681,0 120.1350262829439,-5.17055654669907,0 120.1345825716408,-5.170396769867588,0 120.1342156483623,-5.170137196272611,0 120.1338523859655,-5.17026069697358,0 120.1334857050031,-5.170412905034712,0 120.1332221911518,-5.17059699281675,0 120.1333185469698,-5.171228333242051,0 120.1330671400214,-5.171590560290408,0 120.132763218548,-5.171827989083574,0 120.1323645490954,-5.171989480134916,0 120.1319735340831,-5.172153787375353,0 120.1315990660295,-5.172361899000252,0 120.1312151731632,-5.172524864238138,0 120.1306967642514,-5.172844136119509,0 120.1303980519724,-5.173019397923508,0 120.1300258503134,-5.173213957975088,0 120.1295730253526,-5.173476124110832,0 120.1292555944017,-5.173956342877633,0 120.1290429848485,-5.174289638356113,0 120.1289703687676,-5.174665100998303,0 120.1289056314913,-5.17503048475988,0 120.1286914067153,-5.175489956192712,0 120.1284934523579,-5.175815402884284,0 120.128202466267,-5.176256565632981,0 120.1279446257656,-5.176697818247151,0 120.1277594663356,-5.176960956151522,0 120.1275211234513,-5.177193225865296,0 120.1272422520849,-5.177551305500567,0 120.1270789437048,-5.177788670612771,0 120.1267905149609,-5.177972583708597,0 120.126445544483,-5.177967430829632,0 120.1260216510194,-5.177899487034865,0 120.125164057378,-5.178123166500519,0 120.1247578750975,-5.178430095022494,0 120.1240938652571,-5.178928404838476,0 120.1238058436992,-5.179247997486176,0 120.1235140420289,-5.179581053252171,0 120.1232341707551,-5.179899490727617,0 120.1230566723772,-5.180246977910741,0 120.1230157821349,-5.180506206939504,0 120.1229589524597,-5.18066205573492,0 120.1227668938405,-5.181109036016118,0 120.1225938110876,-5.181518500477104,0 120.122538302227,-5.182187434223082,0 120.1220059532333,-5.182496762652857,0 120.1214396519316,-5.182564146465599,0 120.1209367249234,-5.182778389421414,0 120.1205230278769,-5.182982467061004,0 120.1201741225377,-5.183155029072354,0 120.1198088803651,-5.183492347784144,0 120.1194784365596,-5.183905566673377,0 120.1192045413629,-5.18407327541129,0 120.1188759049822,-5.184487004904118,0 120.1185908214996,-5.184898328212908,0 120.1182141869941,-5.185212819087484,0 120.1179313299943,-5.185343490049902,0 120.1176487277029,-5.185548371458421,0 120.1174814083092,-5.185705115154756,0 120.1171616320008,-5.185981971694498,0 120.1169299210479,-5.186217757782538,0 120.1166960163981,-5.186338769265762,0 120.1162627388054,-5.186273037732635,0 120.1161531281761,-5.185921486209051,0 120.1158902461782,-5.185500036425617,0 120.1155034847254,-5.185268853998267,0 120.1151359697334,-5.185222154475217,0 120.1148117597383,-5.185308680297455,0 120.1145797228907,-5.18556254571202,0 120.1143787272507,-5.185719862885073,0 120.1140119097577,-5.185814731755604,0 120.1137704055247,-5.186087751384798,0 120.113712680202,-5.186502091722407,0 120.1136191581089,-5.186767927670028,0 120.1133250641809,-5.187016341342868,0 120.1131410325448,-5.187511186079189,0 120.1132867069459,-5.187893301388512,0 120.1132682734645,-5.18828357247549,0 120.1130522944135,-5.188478854763915,0 120.1124395847853,-5.188702703348119,0 120.1121528278635,-5.188913644608846,0 120.1119849401302,-5.189207947729065,0 120.1120182834217,-5.189371419693476,0 120.1120694544155,-5.189613301049038,0 120.1121258203254,-5.190012941529321,0 120.1120748510827,-5.1903414946659,0 120.1118056943573,-5.190811457020486,0 120.1115216240102,-5.191154553520157,0 
						</coordinates>
					</LineString>
				</Placemark>
				<Placemark>
					<name>PERTIGAAN ARAH KE KTR BUPATI SINJAI - DEPAN KANTOR BUPATI</name>
					<visibility>0</visibility>
					<description>2,0 KMS AAACS 3x150mm Double Circuit Ekspress tangka &amp; Lamattirilau</description>
					<styleUrl>#inline4110</styleUrl>
					<LineString>
						<tessellate>1</tessellate>
						<coordinates>
							120.2228832319152,-5.116934404374534,0 120.2233702603104,-5.116933713093502,0 120.2236613588845,-5.117153919685266,0 120.2242127522956,-5.117556609821925,0 120.2245142171092,-5.117619295459422,0 120.2249549636443,-5.117621307736056,0 120.2254480032332,-5.117804886511391,0 120.2258874243329,-5.118073302166398,0 120.2263595898532,-5.118364545204321,0 120.2266534096643,-5.118644679163026,0 120.2271659706516,-5.118993179738816,0 120.2277419379607,-5.119136341252239,0 120.2282116237062,-5.119322009238595,0 120.2285811296419,-5.119619568567226,0 120.2287996638389,-5.120038070322539,0 120.2291150353937,-5.120230074483569,0 120.2295176577484,-5.120295517270005,0 120.2299006886685,-5.120536656893369,0 120.2303025591542,-5.120711071754872,0 120.2308447833497,-5.120930727157049,0 120.2312354763046,-5.121116541786511,0 120.2317271974245,-5.121110933044331,0 120.2321178919729,-5.121282997963457,0 120.2324948453675,-5.121586716458367,0 120.2328732186705,-5.121864299775774,0 120.2331932705196,-5.122138439120298,0 120.2334899238811,-5.122395203540775,0 120.2338582056639,-5.122698223855653,0 120.2342050435656,-5.123010564766084,0 120.2345033095549,-5.123221878956666,0 120.2349901941639,-5.123362920414283,0 120.235514547789,-5.12338741581121,0 120.2359899934479,-5.123344340817154,0 120.236387672958,-5.123333537775247,0 120.2367336537579,-5.123229732822788,0 120.2365993885488,-5.122946129286689,0 120.2364827305581,-5.1225885960422,0 120.2364264186319,-5.122120244589703,0 120.2365528979195,-5.121550231621897,0 120.2366747250866,-5.12122549695166,0 120.2369908601202,-5.121298308610865,0 
						</coordinates>
					</LineString>
				</Placemark>
				<Placemark>
					<name>DS PANGKAL GI SINJAI - PERTIGAAN ARAH KE KTR BUPATI SINJAI</name>
					<visibility>0</visibility>
					<description>4.2 kms AAACS 3x150</description>
					<styleUrl>#inline4110</styleUrl>
					<LineString>
						<tessellate>1</tessellate>
						<coordinates>
							120.2388103842771,-5.093481675023952,0 120.237641431313,-5.092644911796259,0 120.2371278695687,-5.092443951957156,0 120.2366862352976,-5.092278612363676,0 120.2365142497164,-5.091886970963706,0 120.2366625878032,-5.091451365622655,0 120.236748585922,-5.091056251623137,0 120.2368222678323,-5.090751119646493,0 120.2366232037509,-5.090384463157834,0 120.2361906554711,-5.090311528100806,0 120.2357370979892,-5.090255619559432,0 120.2352933301322,-5.09046231627766,0 120.2351276238769,-5.090867401088712,0 120.2350102082347,-5.091166371293003,0 120.2347643485727,-5.091503289119484,0 120.2345219987857,-5.091896460144294,0 120.2341252353753,-5.092285671530896,0 120.2338424471723,-5.092771414734412,0 120.2334962423657,-5.093069467840889,0 120.2330604361198,-5.093435700364219,0 120.2327230076928,-5.093730786972372,0 120.2324685864826,-5.094029841858048,0 120.2322448301088,-5.094446274076319,0 120.2319396388682,-5.09483450165663,0 120.2316893305118,-5.095255225182805,0 120.2319652232645,-5.095862984701667,0 120.2320781911762,-5.096358654106065,0 120.2322181266073,-5.096961264823319,0 120.2323284402582,-5.097544654015875,0 120.2325412914238,-5.097992164993468,0 120.2327882555033,-5.09842008305604,0 120.2328383922788,-5.098930376297941,0 120.2328863690229,-5.099354030743247,0 120.2327430248648,-5.099702424396337,0 120.2325473129363,-5.100028767975535,0 120.2323620880292,-5.100243758536767,0 120.232222777691,-5.100524195410047,0 120.2320006811898,-5.100753936397774,0 120.2317611712795,-5.100981102706761,0 120.2316318737655,-5.10131054295386,0 120.2316161387063,-5.101833794554074,0 120.2316889969646,-5.10227032625739,0 120.2318021443851,-5.102589323308536,0 120.2318801124788,-5.102989713510845,0 120.2316805435354,-5.103307160735579,0 120.2313706259438,-5.103460650174465,0 120.2311040782734,-5.103598556532141,0 120.2307848154962,-5.103900701343218,0 120.230396639156,-5.104181453857819,0 120.2300348635898,-5.104464310065415,0 120.2295962176128,-5.104838127712028,0 120.2291914407358,-5.105205984329671,0 120.2288691039689,-5.105519340399352,0 120.2284460208237,-5.105972110910606,0 120.2281673788513,-5.106323978358962,0 120.2279225182543,-5.106680285261681,0 120.2276253769185,-5.107023779698245,0 120.2273503846912,-5.107388186914135,0 120.2271143346182,-5.107589658103617,0 120.2268089971179,-5.108006968179598,0 120.2265157864884,-5.108408807444716,0 120.2262607708333,-5.108710518827229,0 120.2258359127092,-5.109206458190974,0 120.2255408901408,-5.10955072278942,0 120.225316034473,-5.109757756746021,0 120.2251370996582,-5.109924913875607,0 120.224805600371,-5.110162701992989,0 120.2245157184942,-5.110393073632278,0 120.2240968490415,-5.110787661202122,0 120.2238929287703,-5.111373951929898,0 120.2237368071421,-5.111994225966908,0 120.2236123794501,-5.112411250412814,0 120.223519881603,-5.112917129169413,0 120.2234379031682,-5.113426761781609,0 120.2233683018869,-5.113809099437131,0 120.2232991202982,-5.114240677670367,0 120.223246830501,-5.114616793407182,0 120.2231650139941,-5.115075980925705,0 120.223091042399,-5.115457524482216,0 120.2229525121108,-5.115858796344734,0 120.2228859515338,-5.116279302831903,0 120.2229093512917,-5.116778062299802,0 120.2228829774556,-5.116934500679196,0 
						</coordinates>
					</LineString>
				</Placemark>
				<Placemark>
					<name>KABEL TANAH EKSPRESS TANGKA</name>
					<visibility>0</visibility>
					<description>XLPE 240</description>
					<styleUrl>#inline4110</styleUrl>
					<LineString>
						<tessellate>1</tessellate>
						<coordinates>
							120.2388134542843,-5.093483276757352,0 120.2389059434524,-5.093535770797285,0 120.2389968700489,-5.093584427926183,0 120.2391041849592,-5.093610913061548,0 120.2391554015982,-5.093615062958769,0 120.2391633692057,-5.093826435817475,0 120.2391608901221,-5.093895229125653,0 120.2391152263606,-5.09389224340377,0 
						</coordinates>
					</LineString>
				</Placemark>
				<Placemark>
					<name>DEPAN KANTOR BUPATI - PERTIGAAN VETERAN</name>
					<visibility>0</visibility>
					<description>2.65 AAACS 3x150mm</description>
					<styleUrl>#inline4110</styleUrl>
					<LineString>
						<tessellate>1</tessellate>
						<coordinates>
							120.2369913997343,-5.121297933170435,0 120.2372646488706,-5.121469949204993,0 120.2376249867335,-5.121581627842195,0 120.2381839473092,-5.121447374364132,0 120.2385693296104,-5.121395700947658,0 120.2389438332561,-5.121344978258681,0 120.2394455617858,-5.121181358098372,0 120.2399244090593,-5.120822328810094,0 120.2402338975115,-5.120512869213895,0 120.2403127050409,-5.120428889124359,0 120.2406366889207,-5.120234871950436,0 120.2409688911416,-5.120171042120327,0 120.2413344460662,-5.120283893433011,0 120.2416635522954,-5.120462825865521,0 120.2419499716379,-5.120747936457961,0 120.2423242969684,-5.120987321755889,0 120.2426964200533,-5.121216173669137,0 120.2429310754591,-5.121386552442202,0 120.2430548703376,-5.121774149211658,0 120.24333139115,-5.122224844084982,0 120.2435045121648,-5.122672554269115,0 120.2436363298123,-5.123026118254232,0 120.243681072186,-5.123490324689213,0 120.2435289597315,-5.123885537082089,0 120.243456544191,-5.124318092277377,0 120.243644925088,-5.124711127622999,0 120.2437801545943,-5.125130105218707,0 120.2439162881691,-5.125502543669746,0 120.2440890886528,-5.12581836109156,0 120.244346644531,-5.126317340163604,0 120.2442460991124,-5.126594264625029,0 120.2442287914383,-5.12692705466303,0 120.2442846218796,-5.127362755667798,0 120.2444075434336,-5.127829586111637,0 120.2444190294452,-5.128330821023869,0 120.2444304075125,-5.128699331134583,0 120.2446107160033,-5.129121764705567,0 120.2450070806615,-5.129474854874394,0 120.2453004673906,-5.129659730687421,0 120.2452264749931,-5.130214167364067,0 120.2450567495969,-5.130733611143109,0 120.2450317228676,-5.131121057358121,0 120.2449613908282,-5.131427291973575,0 120.2448910778365,-5.131856976286194,0 120.2452983042465,-5.132118600627501,0 120.2455930106146,-5.132264302795581,0 120.245929364828,-5.132466771505354,0 120.2461641083128,-5.132768193060747,0 120.2462747070561,-5.133198871291997,0 120.2462644403686,-5.133716210114429,0 120.2462874252981,-5.134129729253287,0 120.2462709161764,-5.134567282770124,0 120.2462295512554,-5.134875154338065,0 120.2461206061483,-5.13546309410683,0 120.2460368603848,-5.135804375853779,0 120.2459184208549,-5.136168110275631,0 120.2458446940478,-5.136505430223694,0 120.2453663391771,-5.13643296783041,0 
						</coordinates>
					</LineString>
				</Placemark>
				<Placemark>
					<name>PERTIGAAN VETERAN - PERTIGAAN KAMPALA</name>
					<visibility>0</visibility>
					<description>4.55 KMS AAACS 3x150mm</description>
					<styleUrl>#inline4110</styleUrl>
					<LineString>
						<tessellate>1</tessellate>
						<coordinates>
							120.2453667004043,-5.13643289523024,0 120.2448749052728,-5.136467278738309,0 120.244503780605,-5.136479209470523,0 120.2440892300157,-5.136471751684835,0 120.2434996421434,-5.136556293975329,0 120.2430903240372,-5.136707507291399,0 120.2427708163562,-5.136868514075516,0 120.2424961678717,-5.137078595616021,0 120.2423643638122,-5.137385446447743,0 120.2424203948331,-5.137724294581599,0 120.2425607988787,-5.138088101258152,0 120.2425631813774,-5.138091609479136,0 120.242723474647,-5.138500021130724,0 120.2427186106785,-5.138501817174975,0 120.2426846540114,-5.139017818812374,0 120.2425210549077,-5.139088341845042,0 120.2422632151217,-5.13911878947461,0 120.241896988216,-5.139119375259321,0 120.2418966037651,-5.13911937570708,0 120.2415941757416,-5.139419923948737,0 120.2417834190629,-5.139703666912108,0 120.2419916113452,-5.140119526307215,0 120.2420412948423,-5.140580110137575,0 120.2420966525977,-5.141056737777914,0 120.2422023492595,-5.141494461553862,0 120.2422491466341,-5.141650711242423,0 120.2422360512147,-5.14186665765614,0 120.242019489635,-5.142243618461767,0 120.2418043492345,-5.14265602493265,0 120.241708360798,-5.143103186353565,0 120.2415789759903,-5.143493463047417,0 120.2413401704012,-5.143858994206493,0 120.2409843932545,-5.144276557720469,0 120.2407419379346,-5.14463702219511,0 120.2404396043603,-5.145028601393273,0 120.2400529782093,-5.145243025739375,0 120.2396359696883,-5.145212581288976,0 120.2391381357997,-5.145116851865337,0 120.2386613477927,-5.145136855728288,0 120.2382538577096,-5.14517179262193,0 120.2377100896278,-5.145242901242337,0 120.2377001949721,-5.14524541638862,0 120.2372447454889,-5.145289566515604,0 120.2369116695152,-5.145264051128977,0 120.2364399691599,-5.145169573152464,0 120.2360225345353,-5.145042476700792,0 120.2355501094969,-5.144872515118272,0 120.2351875360872,-5.144780182899634,0 120.2346631956006,-5.144802482068029,0 120.2342256940963,-5.144821880287808,0 120.2337536562877,-5.144815796286896,0 120.2333331259505,-5.144757375186161,0 120.2328555454491,-5.144728152920576,0 120.2324342825523,-5.144696865595222,0 120.2320479515397,-5.14465654313157,0 120.2316126163731,-5.144534422267025,0 120.2311662348215,-5.144386634507175,0 120.23076620137,-5.144308262754048,0 120.2302733398186,-5.14432800533343,0 120.2298674588474,-5.144323783525287,0 120.2295356790413,-5.144335385875903,0 120.2292179309341,-5.144344296221543,0 120.228807316984,-5.144325256077741,0 120.2284297017304,-5.144279257098309,0 120.2280937673599,-5.144239273218306,0 120.2276936002126,-5.144235352563594,0 120.2273135434817,-5.144367258733499,0 120.2270019338444,-5.144539571815777,0 120.2267216986964,-5.1446080416703,0 120.2262254343132,-5.144532763921604,0 120.2257495871567,-5.144329195168678,0 120.2253574088518,-5.144163379650348,0 120.2251788044205,-5.143806084086834,0 120.2247863869098,-5.143457516840757,0 120.2242609758866,-5.143376483045513,0 120.2239750403217,-5.143247027988775,0 120.2236984942233,-5.142999655514885,0 120.2232223017588,-5.142709310443815,0 120.2227750887282,-5.142901470217867,0 120.2224421200199,-5.143190279423393,0 120.2220669440099,-5.143415040973318,0 120.222040900878,-5.143424670517545,0 120.2216913883104,-5.143648311256756,0 120.2213947881438,-5.143881068260768,0 120.2207898499644,-5.143939361715752,0 120.2206016794956,-5.14440255923522,0 120.2204687610692,-5.144870828169733,0 120.2204141434627,-5.145421270859189,0 120.2200799857787,-5.145945066034778,0 120.2201981327142,-5.146485287197361,0 120.2202346699976,-5.147034103681016,0 120.2202846627134,-5.147498616705372,0 120.2204068513204,-5.14805357809872,0 120.2205104310739,-5.148296931421487,0 120.2206185440498,-5.148544623398909,0 120.2207548397623,-5.149412117823175,0 120.2205076584625,-5.149724523926388,0 120.2200991699756,-5.150125452244681,0 120.2198812208519,-5.150749004374049,0 
						</coordinates>
					</LineString>
				</Placemark>
			</Folder>
			<Folder>
				<name>OUT_KOTA TASILILU</name>
				<visibility>0</visibility>
				<open>1</open>
				<Placemark>
					<name>FCO T. BAJI</name>
					<visibility>0</visibility>
					<description>6 KMS AAAC 3x70mm</description>
					<styleUrl>#stylemap_id460</styleUrl>
					<LineString>
						<tessellate>1</tessellate>
						<coordinates>
							120.0451032484795,-5.164624268391488,0 120.0454214879162,-5.164832505306453,0 120.0458579081988,-5.165062280875484,0 120.0463262223317,-5.165254579164474,0 120.0467933043341,-5.165425682334735,0 120.0472678356104,-5.165518815750379,0 120.0477698397614,-5.165535528376024,0 120.0482602861215,-5.16558366114992,0 120.0487319382121,-5.165731722556594,0 120.0493590014628,-5.165691135727696,0 120.0496368809926,-5.16554633400734,0 120.0499813244744,-5.165129958922376,0 120.0503195136502,-5.164721623609541,0 120.0507832007461,-5.164559082012859,0 120.0511379908706,-5.164499344392821,0 120.0515625213193,-5.164489021021621,0 120.0518971315474,-5.164458065415867,0 120.0522656350675,-5.164567912911594,0 120.0525812298912,-5.164685578748085,0 120.0529698617723,-5.164723237884876,0 120.0531446432341,-5.164483280187135,0 120.0532514172254,-5.164493564934912,0 120.0534276911941,-5.164707676170123,0 120.0537212655521,-5.164371855214998,0 120.0537391809253,-5.16439957475051,0 120.0543247878802,-5.163651516436533,0 120.054341158576,-5.163666168277469,0 120.0544828957964,-5.163242662700126,0 120.0547008678563,-5.162827519495234,0 120.0549359900835,-5.16242189573466,0 120.0550297508865,-5.161913856223854,0 120.0550929990307,-5.161312676480019,0 120.0551114574557,-5.160904949503861,0 120.0548015347665,-5.160530305479633,0 120.0547217375864,-5.1599353754609,0 120.0548751927633,-5.159393850263574,0 120.0551398593092,-5.158873258144207,0 120.0553326137147,-5.1584422446588,0 120.0556331516865,-5.157984322907761,0 120.0553806468496,-5.157897886328263,0 120.0549736698963,-5.157574259797915,0 120.0549657458078,-5.157168490967274,0 120.0554492203273,-5.156915690973499,0 120.0559169476818,-5.156779678103564,0 120.0564113283984,-5.156888984929624,0 120.0568293730211,-5.156891681399985,0 120.0572977853369,-5.156561052062781,0 120.0573942000337,-5.155990943072579,0 120.0577395875667,-5.155667955329346,0 120.0582089821731,-5.155288622226138,0 120.0583257197387,-5.155028584816128,0 120.0584706494136,-5.154570149705179,0 120.0584296846928,-5.154053641828673,0 120.0582513594192,-5.153788653660373,0 120.0579559641416,-5.153369131799828,0 120.0581097025641,-5.15282849197135,0 120.0580682934849,-5.152426016618263,0 120.0582174266833,-5.151859331199788,0 120.0583796444207,-5.151324441162692,0 120.0585002332401,-5.150902356110568,0 120.0587913010795,-5.150415625449702,0 120.0591741055256,-5.15004681118483,0 120.0594004862877,-5.149702069461867,0 120.0597094922303,-5.149270727926836,0 120.0599951951923,-5.148693450571986,0 120.0604145562958,-5.148441615729153,0 120.0610093728768,-5.14801490105967,0 120.0611313182351,-5.147660911194568,0 120.0612231938507,-5.14722596266184,0 120.0610109786582,-5.146835785217109,0 120.0609298735952,-5.14635369480414,0 120.0610255839639,-5.145920624565673,0 120.0614751689079,-5.145644457834041,0 120.0618908990153,-5.145168366456486,0 120.0622016610853,-5.144780759260284,0 120.0623623562475,-5.144414323721747,0 120.0623600214957,-5.143887187828575,0 120.0626328241332,-5.143404017229562,0 120.0628252980281,-5.143219169987158,0 120.0631131343329,-5.143114033200813,0 120.0633579176586,-5.143061349909709,0 120.0634881434594,-5.142743406855982,0 120.0636456624343,-5.142235433909665,0 120.0632428038024,-5.141835659172023,0 120.0626936767198,-5.14164246899694,0 120.062572741176,-5.141193628327665,0 120.0618501194606,-5.141364429665622,0 120.0613912720851,-5.141178217614915,0 120.0615339658002,-5.140845327932819,0 120.0617173694182,-5.140221894981836,0 120.0617658867433,-5.139683322178177,0 120.0617532535077,-5.13909632222041,0 120.0619741971159,-5.138825228434407,0 120.0625257969588,-5.138516671433831,0 120.0629425063713,-5.138399098289226,0 120.0634599421632,-5.138051507390084,0 120.0636630950931,-5.137786034792906,0 120.0641443527004,-5.137722447540591,0 120.0646869602315,-5.137542225380643,0 120.0648419703611,-5.137455527777488,0 120.0647913725883,-5.136862369162249,0 120.0651207919856,-5.136450194079836,0 120.0649155426451,-5.136040847626186,0 120.0646481163069,-5.135913964522385,0 120.0641847607083,-5.135824488256936,0 120.0642408715094,-5.135267538498483,0 120.0646107937429,-5.134945986270432,0 120.0644843614863,-5.134445037092194,0 120.0645169137706,-5.133967817018638,0 120.0647650326986,-5.133506583673313,0 120.0648867364487,-5.132956578351029,0 120.0649309370105,-5.132413147971064,0 120.0650715472322,-5.131731312235964,0 120.0651481175328,-5.130808552693971,0 
						</coordinates>
					</LineString>
				</Placemark>
				<Placemark>
					<name>PERCAB AMBI</name>
					<visibility>0</visibility>
					<description>6 KMS AAAC 3x150mm</description>
					<styleUrl>#stylemap_id460</styleUrl>
					<LineString>
						<tessellate>1</tessellate>
						<coordinates>
							120.0145126993727,-5.255414596984265,0 120.0145048922784,-5.255452168950097,0 120.0144760005476,-5.255965213545646,0 120.0147063383454,-5.256551652667325,0 120.0149779205209,-5.256800193125065,0 120.015187239185,-5.256911029231753,0 120.0153221223454,-5.257188065274312,0 120.0151225373562,-5.257567859328914,0 120.0149067834371,-5.25788624574511,0 120.0146758357446,-5.258082241544142,0 120.0142968671932,-5.258482361012939,0 120.0140660735069,-5.258771619954731,0 120.0138013601159,-5.258987048404895,0 120.0134781138973,-5.259380329076533,0 120.0132136976021,-5.259696752306746,0 120.0130296957233,-5.260081473262612,0 120.0125666258137,-5.260241348457894,0 120.0121192929682,-5.260401595841789,0 120.0119307505348,-5.260699763202862,0 120.0114991001337,-5.260882441266659,0 120.0112785496681,-5.261046489081322,0 120.0112233591965,-5.261530463397075,0 120.0112871252353,-5.261988161583917,0 120.0112056071799,-5.26243184171109,0 120.0109519322284,-5.262813733372341,0 120.0107074805999,-5.263146239751912,0 120.0103544222828,-5.263466067220587,0 120.0099615786324,-5.263606854210782,0 120.0096979724038,-5.263832041390942,0 120.0093866694098,-5.264129189335213,0 120.0090565010269,-5.264284510215707,0 120.0086203501709,-5.264807141286478,0 120.0084217558178,-5.265346788026895,0 120.0081361209619,-5.265714441390945,0 120.0078147973044,-5.266080326558043,0 120.0079307835244,-5.266416711331806,0 120.0081879664316,-5.266820537869569,0 120.0083541497334,-5.267216071226864,0 120.0087193882954,-5.26754995973321,0 120.0089956799464,-5.267850374813282,0 120.0095861863872,-5.267769335051472,0 120.0099979022701,-5.267474089368791,0 120.0103389105496,-5.267201256344743,0 120.0103852301439,-5.267151428973078,0 120.0107118052735,-5.266849263979193,0 120.0111195845089,-5.266516334862282,0 120.0114875516061,-5.26722854108725,0 120.0116862899283,-5.267643910419393,0 120.0119723515108,-5.268124573534242,0 120.01229439944,-5.268009146238446,0 120.0127417765792,-5.267880637988808,0 120.013253869302,-5.268194562291849,0 120.0138771230896,-5.268740078181705,0 120.0148129674908,-5.268710447006777,0 120.015297455626,-5.26867701330595,0 120.0157481095641,-5.268489683867421,0 120.0160254359895,-5.268351360784487,0 120.0163067401551,-5.268103551511821,0 120.0167361136651,-5.268013194955389,0 120.0172578517233,-5.267914166355093,0 120.0178831404695,-5.267746236010288,0 120.0182970705575,-5.267706527615855,0 120.0188123255791,-5.267672511334903,0 120.0192495409593,-5.267673453049934,0 120.019432332845,-5.26806376841668,0 120.0198542611194,-5.267836859100909,0 120.020371016381,-5.267781935179431,0 120.0208065773612,-5.267736397029207,0 120.0212772946896,-5.267716650725005,0 120.0217325380712,-5.267586703072648,0 120.0221614475901,-5.267426747205757,0 120.022550890122,-5.267183255831426,0 120.0229589397879,-5.266891237140904,0 120.0233207467131,-5.266573554435892,0 120.0236940135854,-5.266297103346093,0 120.0240075047381,-5.266164039404065,0 120.0243756569477,-5.265965106045655,0 120.0247721693083,-5.265745483989834,0 120.0252540998331,-5.265479849329655,0 120.0255949064022,-5.265469514501937,0 120.0261336685171,-5.265364679223064,0 120.0265195253155,-5.265069202070076,0 120.0268301631924,-5.264636271919432,0 120.0271909455245,-5.264567909023068,0 120.0274215082293,-5.2643784857904,0 120.0275536280296,-5.263918641900091,0 120.027208503553,-5.263605324751889,0 120.0273929332127,-5.263171553283935,0 120.0277877264077,-5.262910715861915,0 120.0282869248668,-5.262447126952702,0 120.0285826734869,-5.262676082947014,0 120.0288292366248,-5.262573456750388,0 120.0291330167652,-5.262140614583911,0 120.0295181637792,-5.261742624364969,0 120.0298688233215,-5.261437189299884,0 120.0301295037948,-5.261136412321825,0 120.0304374539265,-5.260776739996074,0 120.0307182546196,-5.260516906124328,0 120.0311195711996,-5.260218779860591,0 120.0315004290485,-5.260025894378647,0 120.0315830056988,-5.25957635367978,0 120.0318086485074,-5.259042447048796,0 120.031874676198,-5.258719452587362,0 
						</coordinates>
					</LineString>
				</Placemark>
				<Placemark>
					<name>GH TANGKA - PLTA TANGKA</name>
					<visibility>0</visibility>
					<description>1.2 KMS AAACS 3x70mm</description>
					<styleUrl>#stylemap_id460</styleUrl>
					<LineString>
						<tessellate>1</tessellate>
						<coordinates>
							120.0125244256767,-5.205898693169329,0 120.0125207271243,-5.205654891283492,0 120.0127797615791,-5.205293959176874,0 120.0130160494775,-5.204970489070591,0 120.0133369151853,-5.204686679953552,0 120.0136675296217,-5.204470013812562,0 120.0139831188231,-5.204329223746354,0 120.0143390812724,-5.204188856987911,0 120.0146270946782,-5.204046332502933,0 120.0149369656504,-5.203868771415356,0 120.0152966124091,-5.203619461940093,0 120.015706250458,-5.203390252457298,0 120.0160746530889,-5.203177315745188,0 120.0164775817381,-5.202932078523768,0 120.01681084623,-5.202713555351387,0 120.0171621060844,-5.202529890545741,0 120.0175555798843,-5.202314241988049,0 120.0177798068541,-5.202136174002382,0 
						</coordinates>
					</LineString>
				</Placemark>
				<Placemark>
					<name>KABEL TANAH OUT TASSILILU - DS OUT TASSILILU</name>
					<visibility>0</visibility>
					<description>100 KMS XLPE 240</description>
					<styleUrl>#stylemap_id460</styleUrl>
					<LineString>
						<tessellate>1</tessellate>
						<coordinates>
							120.0126017997329,-5.205883357425779,0 120.0126011028505,-5.205923846630303,0 120.0125450631538,-5.205916658236113,0 120.0125234377839,-5.205898641821777,0 
						</coordinates>
					</LineString>
				</Placemark>
				<Placemark>
					<name>LBS PERBATASAN - ASPAN PERCAB AMBI</name>
					<visibility>0</visibility>
					<description>6.75KMS AAAC 3x150mm</description>
					<styleUrl>#stylemap_id460</styleUrl>
					<LineString>
						<tessellate>1</tessellate>
						<coordinates>
							120.0460511313968,-5.236842777967811,0 120.0457032328867,-5.23694528038883,0 120.0453110358832,-5.237072249381108,0 120.0452037196085,-5.237458330191028,0 120.0449562771146,-5.237881692603675,0 120.0444214984739,-5.237683176526341,0 120.0440610142657,-5.237315574795003,0 120.0436488536269,-5.237462831309842,0 120.0433309141154,-5.237675802396258,0 120.0431284269462,-5.237929456576597,0 120.0430498969005,-5.237877166389332,0 120.0429269921864,-5.238361842365061,0 120.042793773935,-5.238552685374453,0 120.0424097626828,-5.238882562835056,0 120.0418777931869,-5.239342409666342,0 120.0416066030963,-5.239568892213168,0 120.0411845149125,-5.239989429172308,0 120.0409368478345,-5.239981611731496,0 120.0406904146739,-5.240037036793908,0 120.040441761883,-5.239911061084135,0 120.0399096011382,-5.239750883316906,0 120.0395194186769,-5.239638575687358,0 120.0390784939346,-5.239689325136125,0 120.038957133544,-5.239739606706218,0 120.0388247089227,-5.239801966580459,0 120.0384546952426,-5.239949727641336,0 120.0382729286834,-5.240091484659271,0 120.0381284344888,-5.240399263080651,0 120.0379222882778,-5.240641002886753,0 120.0376500127805,-5.241118507355458,0 120.0376541972601,-5.241294715935749,0 120.0373274129694,-5.241749795473026,0 120.0369675331821,-5.241961142924445,0 120.0368261030531,-5.24209644707702,0 120.0364249518603,-5.242133148786848,0 120.036330871313,-5.242178932725637,0 120.0360264187441,-5.242654396089959,0 120.0355915491027,-5.242801431636996,0 120.0355618817389,-5.242741124771212,0 120.0353031476925,-5.242554036962638,0 120.0351252365202,-5.242359977111368,0 120.0349463015186,-5.241967685605673,0 120.0344390675098,-5.241576722748714,0 120.0340686790508,-5.241657890381648,0 120.0337679432204,-5.241571640496803,0 120.0336374704767,-5.24148130930305,0 120.0333897370916,-5.2412507080677,0 120.0329348220828,-5.241510759576229,0 120.0327299345039,-5.241657994424298,0 120.0324240784419,-5.241399813834997,0 120.0321903327176,-5.241104945572971,0 120.0318951320459,-5.241211344570478,0 120.0317769100678,-5.24114014004449,0 120.0316180459442,-5.241564565800641,0 120.031402711829,-5.241671102755337,0 120.0309887970608,-5.241629697364663,0 120.0306596283817,-5.242046826484201,0 120.0305544142108,-5.242069035899088,0 120.0303661929489,-5.242468494090439,0 120.030171531391,-5.24288880740595,0 120.0297415241657,-5.242648586370484,0 120.0294678505595,-5.242544082365149,0 120.0289862114582,-5.242573957291948,0 120.0288012722091,-5.242728180592304,0 120.0285886679202,-5.242884271567942,0 120.028588892712,-5.242890015181769,0 120.0283112230875,-5.243162152159835,0 120.0279731369638,-5.243198181366454,0 120.0276124220853,-5.243234401727604,0 120.0270740104935,-5.243348525396686,0 120.026658075514,-5.243544937436955,0 120.0264119580309,-5.24369486024495,0 120.0260373370058,-5.243807660679501,0 120.0259426000085,-5.243952039169693,0 120.0258236373791,-5.244034120578688,0 120.0257549637048,-5.244219554916996,0 120.0256995151826,-5.244382532719662,0 120.0257018238977,-5.244554552099777,0 120.0256682111497,-5.244847484255482,0 120.0256793297176,-5.244948197965194,0 120.0254294063115,-5.24516120616764,0 120.0253802406786,-5.24553166501228,0 120.0251882082642,-5.245773999032857,0 120.025076329909,-5.245847095565679,0 120.024897129442,-5.246159074138918,0 120.0248764568161,-5.246214192240343,0 120.0249489976454,-5.246585846032701,0 120.0246455442771,-5.246641725500679,0 120.0241977438508,-5.246761616045495,0 120.0240150233364,-5.24715349336386,0 120.0235002844743,-5.247236651634651,0 120.0230259071531,-5.247231176565099,0 120.0228010801005,-5.247566958088244,0 120.0227174030558,-5.248045726373094,0 120.0226026994392,-5.248082152038448,0 120.0225137076003,-5.248236254390431,0 120.0223973584193,-5.248357749013727,0 120.0221874413354,-5.248398986380849,0 120.0220805284659,-5.248522393091519,0 120.0218937407948,-5.248736129843119,0 120.0217672070633,-5.24879359376248,0 120.0215582877703,-5.249068942827482,0 120.021338173623,-5.249326370277728,0 120.0212785391156,-5.249729150494533,0 120.0212080738006,-5.249891080058811,0 120.0214892289158,-5.250286391790513,0 120.0214131582384,-5.250397071722004,0 120.0213257516912,-5.250699304987444,0 120.0212522245726,-5.250786380896132,0 120.0212893669059,-5.250988606232327,0 120.0213247587327,-5.251578509799593,0 120.020743931631,-5.251410437014327,0 120.0205812192117,-5.251772461860045,0 120.019984783423,-5.252040096406501,0 120.0195828180961,-5.251864604530586,0 120.019118216027,-5.251841979730211,0 120.0189451062306,-5.25205663129462,0 120.0188121516387,-5.252230394843988,0 120.0188053774226,-5.252454922396644,0 120.0188209396267,-5.252692642632254,0 120.0188845792234,-5.252991501243054,0 120.0186913455831,-5.252982549312408,0 120.0184490845379,-5.253057728407488,0 120.0184804524991,-5.253332791693677,0 120.0183803310134,-5.253445095574685,0 120.0183799486682,-5.253449918997536,0 120.0184763025297,-5.253846544580266,0 120.0184686249931,-5.254262716473064,0 120.0180207698349,-5.254228286622864,0 120.0177736443725,-5.254211900442578,0 120.0175204777138,-5.254191890991425,0 120.017078945481,-5.254143563519828,0 120.0165879885473,-5.254129623174933,0 120.0164015204759,-5.2541982177559,0 120.0162844203073,-5.25426296897431,0 120.0162297269602,-5.254389957329058,0 120.0160026893523,-5.254678232741433,0 120.0156933527482,-5.254916782614923,0 120.0153199729103,-5.255137949590295,0 120.014884166194,-5.255350300736622,0 120.0145143010012,-5.255410439524884,0 
						</coordinates>
					</LineString>
				</Placemark>
				<Placemark>
					<name>PERCAB AMBI / LORONG PABBATTU</name>
					<visibility>0</visibility>
					<description>0.96 KMS AAAC 3x70mm</description>
					<styleUrl>#stylemap_id460</styleUrl>
					<LineString>
						<tessellate>1</tessellate>
						<coordinates>
							120.0148007088149,-5.268720575871194,0 120.015058059177,-5.268310718863471,0 120.0150549527883,-5.267815600840447,0 120.0150478229825,-5.267423058387338,0 120.014842708335,-5.267041459225211,0 120.014843000437,-5.266644666976822,0 120.015112261772,-5.26647821821192,0 120.0155165429115,-5.26616252672842,0 120.0159043221825,-5.265879018150652,0 120.0162758112843,-5.265728326511714,0 120.0167812453921,-5.265451332915903,0 120.0170808089046,-5.265230941544426,0 120.0176877206322,-5.265002870394023,0 120.018033378015,-5.264672014878806,0 120.0181403572333,-5.264319232361405,0 120.0181881886872,-5.263873704236241,0 120.018085567271,-5.263360458033651,0 120.0180293124093,-5.262932158672684,0 120.0182003411168,-5.262497790837338,0 120.0182962593165,-5.262073383438073,0 
						</coordinates>
					</LineString>
				</Placemark>
				<Placemark>
					<name>GH TANGKA - PERCAB UJUNG ARAH KE MALINO</name>
					<visibility>0</visibility>
					<description>2 KMS AAAC 3x70mm</description>
					<styleUrl>#stylemap_id460</styleUrl>
					<LineString>
						<tessellate>1</tessellate>
						<coordinates>
							120.0125248164152,-5.205896021264957,0 120.0123456480203,-5.206135618507985,0 120.0122578564398,-5.206282748017323,0 120.012132355041,-5.206511168440543,0 120.0118150449699,-5.206863390613217,0 120.011468289444,-5.207074148210684,0 120.0111290717838,-5.207289236497499,0 120.0108454150421,-5.207491629385376,0 120.0105098737207,-5.207696186773226,0 120.0099416104917,-5.208091123141708,0 120.0096017950477,-5.208561391867818,0 120.0091402579053,-5.209124237503726,0 120.0088677660306,-5.209668513418019,0 120.0086998589686,-5.210331237794259,0 120.0085074832188,-5.210640739764752,0 120.0082785562176,-5.210709993001984,0 120.0079313012854,-5.210663511038218,0 120.0075397151374,-5.210609475633263,0 120.0071470832447,-5.210572073275513,0 120.0068407566779,-5.210565308349831,0 120.0064398595603,-5.210659823816834,0 120.006156777518,-5.210652356520396,0 120.0057421138118,-5.210546647933328,0 120.0055023266341,-5.210410902280207,0 120.0050809096417,-5.210164011975624,0 120.0048357534586,-5.210119501628707,0 120.0044886289018,-5.209938081918273,0 120.0041326007183,-5.209746926494951,0 120.0038231881624,-5.209594775493629,0 120.0034684637486,-5.209409912386085,0 120.0031323075093,-5.20924617828642,0 120.0028103350329,-5.209078082323312,0 120.0025437200985,-5.208935283347309,0 120.0021877956688,-5.208764872141604,0 120.0018209440379,-5.208598813259065,0 120.0015315105974,-5.208457752591592,0 120.0012321813699,-5.208225765032231,0 120.0009318540268,-5.208046323322104,0 120.0005839710269,-5.207832525337005,0 120.0001124758907,-5.207600209030883,0 119.9997094575689,-5.207667764737161,0 119.9993576411428,-5.207761556930113,0 119.9989037110429,-5.207840067937823,0 119.9985427608894,-5.207877962027335,0 
						</coordinates>
					</LineString>
				</Placemark>
				<Placemark>
					<name>KE KP TASSILILU - UJUNG</name>
					<visibility>0</visibility>
					<description>0.16 KMS AAAC 3x70mm</description>
					<styleUrl>#stylemap_id460</styleUrl>
					<LineString>
						<tessellate>1</tessellate>
						<coordinates>
							120.0050760791735,-5.210164984875887,0 120.0052280108161,-5.209977866545811,0 120.0052884553731,-5.209614084150187,0 120.0053945197129,-5.20921348576333,0 120.0054879186526,-5.208808719870094,0 
						</coordinates>
					</LineString>
				</Placemark>
				<Placemark>
					<name>PERTIGAAN BALANG-BALANG - LBS LEMBANNA</name>
					<visibility>0</visibility>
					<description>6.10 KMS AAAC 3x70mm</description>
					<styleUrl>#stylemap_id460</styleUrl>
					<LineString>
						<tessellate>1</tessellate>
						<coordinates>
							120.0085133935358,-5.210632028495791,0 120.0083928351958,-5.211085134328309,0 120.0083078986489,-5.211436498835022,0 120.0082005801626,-5.211798090019138,0 120.008093685321,-5.212153637040443,0 120.0080002744238,-5.212493052740283,0 120.0078570823569,-5.212853634183921,0 120.0076894532026,-5.213172718962241,0 120.0075357221728,-5.2135048483073,0 120.0074589929255,-5.213723698867252,0 120.0074382855665,-5.21402072236292,0 120.0071856199216,-5.214352526848895,0 120.007223549821,-5.21480504642268,0 120.0072861453818,-5.215119019933216,0 120.0073104690085,-5.215449264010172,0 120.0072384432237,-5.21576253418549,0 120.0071483112746,-5.216106097623948,0 120.0070265231932,-5.216448554319628,0 120.0068791660267,-5.216768207249629,0 120.0067319409246,-5.217107380702983,0 120.0066555170968,-5.217442421616656,0 120.0066620866543,-5.217799520250499,0 120.0065825557951,-5.218143395107775,0 120.0064785866916,-5.218471073117598,0 120.0063451690611,-5.218783194923361,0 120.006204796662,-5.219086654611416,0 120.0060856971068,-5.219402005088579,0 120.005984074481,-5.219693750921396,0 120.005850200622,-5.220070331836446,0 120.0057395857024,-5.220378477359394,0 120.0056163578755,-5.220713318130873,0 120.0054958818268,-5.221046189669408,0 120.0053912813605,-5.221229911597519,0 120.0053187014267,-5.22162415664134,0 120.0049447629,-5.222065265640234,0 120.0047854823137,-5.222396656243924,0 120.0048122855417,-5.222820094859679,0 120.0047247923576,-5.223204916500206,0 120.0044580864221,-5.223516027202679,0 120.0042058677727,-5.223812869074126,0 120.0040254132573,-5.224090255468712,0 120.0038497246589,-5.224369680456427,0 120.0035934457047,-5.224809082490517,0 120.0033629255224,-5.225196953305035,0 120.0030908346956,-5.225558358259713,0 120.002865850825,-5.225875034547702,0 120.0026050861976,-5.226227956635986,0 120.0024669001588,-5.226534862845883,0 120.0021497259352,-5.226870924703497,0 120.0019734336493,-5.227222090474241,0 120.0017664955887,-5.227545781470439,0 120.0016090049947,-5.228036163256781,0 120.0014122068601,-5.228432026973072,0 120.0011936635235,-5.228668928145061,0 120.0009702577823,-5.228960230622698,0 120.0006951595128,-5.229303471545154,0 120.0005156899394,-5.229696073558336,0 120.0004129371444,-5.230050172820133,0 120.0001349795805,-5.230432551673215,0 120.0000071657337,-5.230856812162402,0 120.0001096087031,-5.231351843095393,0 120.0002943617639,-5.231753766280854,0 120.0006669756998,-5.232464683754745,0 120.0008564941205,-5.232870278950173,0 120.001080852613,-5.23323915993033,0 120.0013014264271,-5.233678974588791,0 120.0014852867784,-5.234116580025503,0 120.0014062043378,-5.234526435692862,0 120.0013357296551,-5.234894731193742,0 120.0008903188409,-5.235530536596631,0 120.0006389294803,-5.235802538685656,0 120.0005545175017,-5.23600678430614,0 120.0003518571209,-5.236425002601274,0 120.0001636299724,-5.236806893444797,0 119.9999756792465,-5.237215990838783,0 119.9996896199244,-5.237570390617158,0 119.9993777874054,-5.237879325231694,0 119.9990213430735,-5.238069717669083,0 119.998539881327,-5.238082204605603,0 119.9980317366492,-5.238200551194387,0 119.9977465763046,-5.238438637912926,0 119.9975419742559,-5.238726021260492,0 119.9972994448024,-5.238985342742451,0 119.9968815688938,-5.239250514535169,0 119.9964035046989,-5.239385975930779,0 119.9957700816338,-5.239561997440947,0 119.9953998970325,-5.239759851197626,0 119.9950119462567,-5.240033215102877,0 119.99468538836,-5.240281197291718,0 119.9943622110422,-5.240442957280424,0 119.9939375829263,-5.24067108515755,0 119.993570685475,-5.241007861522685,0 119.9935320169368,-5.241062097080799,0 119.9932840636278,-5.241345049246722,0 119.9932871950137,-5.241349955686195,0 119.9929116544171,-5.24155138332293,0 119.9925401572796,-5.241752694865731,0 119.9921218720692,-5.241944768275827,0 119.9916755222934,-5.242227183527358,0 119.9914220326441,-5.242566408079185,0 119.991197289075,-5.242965634653551,0 119.9910730946063,-5.243380667343578,0 119.9909134126472,-5.243802914391912,0 119.9907314545381,-5.244116690834661,0 119.9905791833946,-5.24441200207781,0 119.9902371208047,-5.244800711210048,0 119.9900008877121,-5.245032322353114,0 119.9895987949279,-5.245362714498087,0 119.9893213708056,-5.245767446227437,0 119.989164588148,-5.246083307345278,0 119.9890420866333,-5.246377710515806,0 119.988891094997,-5.246887061032806,0 119.988745532558,-5.247202394752972,0 119.9884617003195,-5.247705130425815,0 119.9882303130094,-5.248321330598567,0 119.9878646071923,-5.248541525904148,0 119.9874739097129,-5.24873385784976,0 119.9871590419358,-5.248853776417302,0 119.9871285641496,-5.248891315099641,0 119.9867758861551,-5.249063252485366,0 119.986826851741,-5.249405442332065,0 119.9868087348356,-5.249781598181052,0 119.9867929735197,-5.250029113089099,0 119.9870562310921,-5.250144892089341,0 119.9874758882538,-5.250291741518235,0 119.9878124497833,-5.250364522550396,0 119.9881895614153,-5.250423287985091,0 119.988636725905,-5.250541187892455,0 119.9886755805153,-5.250543605806865,0 119.9904132917149,-5.252736406247648,0 119.9904244821328,-5.252717230653577,0 119.9906662133422,-5.253218423601407,0 119.9908867173216,-5.253466363163819,0 119.9910177192899,-5.253633357002198,0 
						</coordinates>
					</LineString>
				</Placemark>
				<Placemark>
					<name>LBS LEMBANNA - UJUNG ARAH KE TASSOSO</name>
					<visibility>0</visibility>
					<description>2.6 KMS AAAC 3x35mm</description>
					<styleUrl>#stylemap_id460</styleUrl>
					<LineString>
						<tessellate>1</tessellate>
						<coordinates>
							119.9910168762337,-5.253635113873234,0 119.9907156631774,-5.254034203475005,0 119.990516500822,-5.254487805245501,0 119.9901634922984,-5.25496319665206,0 119.9897215280002,-5.255412409683188,0 119.9893422131372,-5.255776455866567,0 119.9889077556178,-5.256139570136041,0 119.9884884804602,-5.256552433182535,0 119.9881704419442,-5.256836283765152,0 119.987566438164,-5.257137463462114,0 119.9870403104692,-5.257421809948913,0 119.9869453245057,-5.257884089095497,0 119.987165731883,-5.258425415023563,0 119.9872886412299,-5.258675931773926,0 119.9874653130479,-5.25907757215382,0 119.9875888371952,-5.259424408949277,0 119.9877195496325,-5.259815720186925,0 119.987871341581,-5.26030963745005,0 119.9880160111928,-5.260738801405146,0 119.9880154736529,-5.261303082773314,0 119.9879492854509,-5.261888035434279,0 119.9879468601148,-5.262495459689854,0 119.9878146377599,-5.263012252015088,0 119.9876534966195,-5.263668302888227,0 119.9877988837592,-5.264176412135248,0 119.9882751523752,-5.264954624113336,0 119.9880263376487,-5.265279329923305,0 119.9877150551906,-5.26568011453663,0 119.9875415689186,-5.265824199883769,0 119.9872288750657,-5.266078768910316,0 119.986844726315,-5.266551015830017,0 119.9864724512298,-5.267017942311418,0 119.9861511003264,-5.267306286695761,0 119.9856546626026,-5.267607025223072,0 119.985185799865,-5.267920246977737,0 119.984860965478,-5.268196281052323,0 119.9844965381673,-5.268573631912231,0 119.9841480357595,-5.268942573918423,0 119.9838646733566,-5.269283121520279,0 119.9834762781451,-5.269827051926251,0 119.9832062292522,-5.270186899825308,0 119.9827870419281,-5.270621172052353,0 119.9823281248485,-5.270959799887315,0 119.981915272363,-5.271204896878025,0 119.981611384158,-5.27124564193707,0 119.9809843397842,-5.271456693833422,0 
						</coordinates>
					</LineString>
				</Placemark>
				<Placemark>
					<name>PERCAB MADDAKKO</name>
					<visibility>0</visibility>
					<description>1 KMS AAAC 3x35mm</description>
					<styleUrl>#stylemap_id460</styleUrl>
					<LineString>
						<tessellate>1</tessellate>
						<coordinates>
							119.9880288770784,-5.265273471640674,0 119.9879932536505,-5.265821370749369,0 119.9883896512575,-5.26643853559035,0 119.9886836637467,-5.266777779383472,0 119.9890442987944,-5.267272533331073,0 119.9889875269579,-5.267659109362452,0 119.9887890303555,-5.268086074818656,0 119.9886250904045,-5.268432842459064,0 119.9884379951272,-5.268910973140265,0 119.9885508232567,-5.269092941717517,0 119.9887107474468,-5.26924848197126,0 119.9888562851372,-5.269403950509271,0 119.9890152484788,-5.269537757197186,0 119.9892194507929,-5.269679394149195,0 119.9893042158683,-5.27014572992559,0 119.9891479460876,-5.270509202363256,0 119.9888502179427,-5.27097622375103,0 119.9886566559358,-5.271492370528735,0 
						</coordinates>
					</LineString>
				</Placemark>
				<Placemark>
					<name>LBS LEMBANNA - REC GUNUNG PERAK</name>
					<visibility>0</visibility>
					<description>2.6 KMS AAAC 3x150mm</description>
					<styleUrl>#stylemap_id460</styleUrl>
					<LineString>
						<tessellate>1</tessellate>
						<coordinates>
							119.9910156344843,-5.253634128576752,0 119.9915798314676,-5.253240017556237,0 119.9919981219027,-5.253081538636417,0 119.9924065340145,-5.252974649879808,0 119.9928371649801,-5.252924489874156,0 119.9932493301078,-5.252800552930232,0 119.9935415093742,-5.252395482722076,0 119.9938704801564,-5.252031939707778,0 119.9941443283782,-5.251676736792086,0 119.9944317974098,-5.251329096095578,0 119.994711080626,-5.250942537602837,0 119.9949857591742,-5.250639057354523,0 119.9952324675279,-5.250248320919412,0 119.9953582480803,-5.249981182982825,0 119.9954594525795,-5.249614942131026,0 119.9954323131001,-5.249240386182293,0 119.9954219422115,-5.24881616405257,0 119.99579480329,-5.249024417297356,0 119.9961070453157,-5.249254935590276,0 119.9963068385723,-5.249523018175387,0 119.9970405365907,-5.25005007281574,0 119.9973281784887,-5.250394805356123,0 119.9974546818263,-5.250594212251071,0 119.9976664919268,-5.25094337618007,0 119.9980083071001,-5.251391353728529,0 119.9981494743522,-5.251637088977463,0 119.9982813344497,-5.252124854903906,0 119.9983589246012,-5.252679619775584,0 119.9983810914996,-5.252863081669178,0 119.9990744652707,-5.252719311787598,0 119.9995648697911,-5.252806740743353,0 119.9998180015382,-5.252912074285068,0 120.0002633440875,-5.25315081766222,0 120.0007268628162,-5.253397296327718,0 120.0010050382875,-5.25360750744603,0 120.0013561034105,-5.253818747954333,0 120.0018671359646,-5.254117476580579,0 120.0021069024515,-5.254269402029678,0 120.0025945494434,-5.254521872856536,0 120.0030897126272,-5.254771568284956,0 120.0031309128674,-5.254796328063759,0 120.0035947695279,-5.255036855185279,0 120.0038177022622,-5.255461529791682,0 120.0040219542712,-5.255728269310302,0 120.0043478911357,-5.255883427749115,0 120.004704778735,-5.256019121798404,0 120.0051043520881,-5.256128552961212,0 120.0055744398679,-5.256238945614444,0 120.0058358791531,-5.25586702335453,0 120.0059712996593,-5.255678374466259,0 120.0062038012314,-5.255453069975192,0 120.0063887882012,-5.255067542546453,0 120.00659035717,-5.254781179883221,0 120.006789550986,-5.254506526524145,0 120.0070463399477,-5.254246688684264,0 120.0071882254249,-5.254102473573801,0 
						</coordinates>
					</LineString>
				</Placemark>
				<Placemark>
					<name>LBS LEMBANNA / ARAH KE LEMBANG SIHALIE</name>
					<visibility>0</visibility>
					<description>0.45 KMS AAAC 3x70mm</description>
					<styleUrl>#stylemap_id460</styleUrl>
					<LineString>
						<tessellate>1</tessellate>
						<coordinates>
							119.997668406949,-5.250941326170598,0 119.9980084599238,-5.250523577017333,0 119.99800725145,-5.250060912554822,0 119.997939323923,-5.249801268260548,0 119.9978399700455,-5.249282609548104,0 119.9978402834806,-5.248935166416941,0 119.9982482347138,-5.248518625519968,0 119.9985821512128,-5.248405578424007,0 119.9988427268746,-5.248288700440075,0 119.9990672212021,-5.248244322708811,0 119.9994505979071,-5.24805441870745,0 119.99946755591,-5.248033999527882,0 
						</coordinates>
					</LineString>
				</Placemark>
				<Placemark>
					<name>REC GUNUNG PERAK - ASPAN PERCAB AMBI</name>
					<visibility>0</visibility>
					<description>1 KMS AAAC 3x150mm</description>
					<styleUrl>#stylemap_id460</styleUrl>
					<LineString>
						<tessellate>1</tessellate>
						<coordinates>
							120.0072027323146,-5.254094200758272,0 120.0073359426967,-5.253965780474302,0 120.0072840174624,-5.253912756811634,0 120.0072665078068,-5.253874261556036,0 120.0072830329509,-5.25391939928558,0 120.0073409334106,-5.253969171711193,0 120.0076806415353,-5.254199657582582,0 120.0080705854541,-5.254399201839246,0 120.0084871031029,-5.254509037761513,0 120.0089176184341,-5.254792333722641,0 120.0093920526845,-5.254911285864897,0 120.0099625956822,-5.254990628453179,0 120.0104752030315,-5.254804002173223,0 120.0108622259779,-5.25466887003315,0 120.0113533787552,-5.254424075942311,0 120.0117775423324,-5.253802626172828,0 120.0123891820101,-5.253868949779459,0 120.0130241440108,-5.253722603625453,0 120.013286903348,-5.253746890609428,0 120.0135490676272,-5.253876245381609,0 120.0138121023409,-5.254155635047946,0 120.0140563525203,-5.254618303426466,0 120.014271233459,-5.254911676131977,0 120.0144076041801,-5.255257642030319,0 120.0145142141838,-5.255412000471479,0 
						</coordinates>
					</LineString>
				</Placemark>
				<Placemark>
					<name>REC GUNUNG PERAK - UJUNG JTM</name>
					<visibility>0</visibility>
					<description>5 KMS AAAC 3x70mm</description>
					<styleUrl>#stylemap_id460</styleUrl>
					<LineString>
						<tessellate>1</tessellate>
						<coordinates>
							120.0073310984371,-5.253964357794229,0 120.0080120672368,-5.253246668113522,0 120.0082890586838,-5.253005990461565,0 120.0086129629005,-5.252729164878888,0 120.0089827508927,-5.252318444674866,0 120.0091502612109,-5.252064597065513,0 120.0094335402534,-5.251585011213418,0 120.0096501242405,-5.251167848509604,0 120.0098729973713,-5.250762527026333,0 120.0101459558156,-5.25020180979316,0 120.0100113456608,-5.249878634437366,0 120.009906884061,-5.249573566619607,0 120.0099104308121,-5.249080148809104,0 120.0100485407265,-5.248821793959098,0 120.010226952165,-5.24861180175817,0 120.01040008272,-5.24840914341212,0 120.0106759850951,-5.248262037603133,0 120.0109231160743,-5.24801094892609,0 120.0118146055909,-5.246726628053887,0 120.0120841674836,-5.246262017564979,0 120.0125044163162,-5.245882163616653,0 120.0129671519726,-5.245633735051772,0 120.0130407708828,-5.245350774179784,0 120.0133073675461,-5.244854425881563,0 120.0135186020758,-5.244542047851548,0 120.0136865505795,-5.244049761243997,0 120.0137862329429,-5.24360977752244,0 120.0139433934433,-5.243257228541239,0 120.0140686772122,-5.242903645568887,0 120.0141637670726,-5.242339728265736,0 120.0140214086417,-5.241883528821474,0 120.0140572516042,-5.241471245141955,0 120.0141035176326,-5.241084354083604,0 120.0142936285875,-5.240646547408804,0 120.0143215821636,-5.240552690777794,0 120.014476305464,-5.240214850588927,0 120.0145314866998,-5.239949566703866,0 120.0143809877825,-5.239535468558469,0 120.0141977695919,-5.239083257315127,0 120.0138853031766,-5.238707566433628,0 120.0135533876285,-5.23840319000669,0 120.0132460058915,-5.237960375085281,0 120.013050077346,-5.237479777801104,0 120.0130058540987,-5.237130593067757,0 120.0129885600007,-5.236558834135402,0 120.0129958645564,-5.236227532548386,0 120.0130855585263,-5.235707312030179,0 120.0131336576192,-5.235197632419421,0 120.0130207404589,-5.234875076985486,0 120.0129688136544,-5.234680612395207,0 120.0125340847276,-5.234412042501838,0 120.0124586678795,-5.234081821737947,0 120.0124678443308,-5.233749922724506,0 120.0123916514738,-5.233339320676841,0 120.012279708929,-5.232914794264602,0 120.0120695142062,-5.232433309663706,0 120.0119263995031,-5.23208143790708,0 120.0117297042666,-5.231700837646766,0 120.0113565699635,-5.231448147877258,0 120.0109824370108,-5.231092201722685,0 120.0106304578968,-5.230789981509061,0 120.0107153273666,-5.230310102893396,0 120.0109161498133,-5.2297776215321,0 120.010983017677,-5.229379956146086,0 120.0108520457165,-5.228991854563502,0 120.010814240718,-5.228634276915125,0 120.0109081377697,-5.228161206491801,0 120.0111107374353,-5.227607323435109,0 120.0113403056822,-5.227267792600808,0 120.0116712745924,-5.226796089724496,0 120.0117047288835,-5.226454081871507,0 120.0116893691469,-5.226063330483909,0 120.0116519972926,-5.22593670615657,0 120.0116119201642,-5.22559246929775,0 120.0115072274283,-5.225169953650392,0 120.0120789694139,-5.225225222305293,0 120.0124229335854,-5.225088752618671,0 120.0128293427904,-5.224872872488259,0 120.0130901427926,-5.224442936189637,0 120.0132388379579,-5.22409245821143,0 120.0134318589084,-5.223717704923357,0 120.013643545622,-5.223361281676802,0 120.0140238691324,-5.222902928910471,0 120.0142915903636,-5.222383680477265,0 120.0142870313116,-5.221766970482867,0 120.0144024248569,-5.221369542306174,0 120.0144710977508,-5.220431292309839,0 120.0145021768855,-5.219928140077216,0 120.0145214859905,-5.219511519921342,0 120.0145522777592,-5.218978031837436,0 120.0145476113318,-5.218491882857298,0 120.0146220039262,-5.218025374633276,0 120.0149803551209,-5.217549505101922,0 120.0149505703846,-5.217396940424048,0 120.0150021375436,-5.217160232093581,0 120.0150221672427,-5.216722334072542,0 120.0150480174822,-5.216287933632714,0 120.0151765725138,-5.215259349896693,0 120.0153162512442,-5.214917000540574,0 
						</coordinates>
					</LineString>
				</Placemark>
				<Placemark>
					<name>PERTIGAAN KE BONDU - LBSM BONDU</name>
					<visibility>0</visibility>
					<description>0.60 KMS AAAC 3x70mm</description>
					<styleUrl>#stylemap_id460</styleUrl>
					<LineString>
						<tessellate>1</tessellate>
						<coordinates>
							120.0138845288764,-5.238704749413503,0 120.013792184002,-5.237976211918657,0 120.0137548727736,-5.237585787278564,0 120.014078769178,-5.237556146589767,0 120.0139615170607,-5.237243980765901,0 120.0139008904421,-5.236847684511411,0 120.0138024848612,-5.236437555426878,0 120.0136665511144,-5.236012330559838,0 120.0135339765097,-5.235644336294909,0 120.0134934169573,-5.235104060711531,0 120.0136331652026,-5.234601888219405,0 120.0137881710412,-5.23419878428443,0 120.0139600245076,-5.233755443781434,0 
						</coordinates>
					</LineString>
				</Placemark>
				<Placemark>
					<name>LBS BONDU - ASPAN FCO MAGALA</name>
					<visibility>0</visibility>
					<description>5.32 KMS AAAC 3x70mm</description>
					<styleUrl>#stylemap_id460</styleUrl>
					<LineString>
						<tessellate>1</tessellate>
						<coordinates>
							120.0139585760939,-5.233748721818126,0 120.0140023181139,-5.233358487319899,0 120.0140491362269,-5.233010569877242,0 120.0140855089949,-5.232540762188399,0 120.0140389844955,-5.232015651606338,0 120.013921114187,-5.231555068484303,0 120.0138196650419,-5.23105104487153,0 120.0140467853047,-5.230323952047598,0 120.0141951241089,-5.229906992418405,0 120.0145530155371,-5.229656066187306,0 120.015007300868,-5.229550797790868,0 120.015457528766,-5.22949897579424,0 120.0159023466354,-5.229257783160598,0 120.0161489604787,-5.229023054732438,0 120.0164746112077,-5.228669101174255,0 120.0167077671251,-5.228289193146047,0 120.0168504392577,-5.227897704174737,0 120.0170391965872,-5.227432069234617,0 120.0172699517353,-5.226957881050163,0 120.0175184202283,-5.226491062849244,0 120.017712385433,-5.226066446999726,0 120.0180270321672,-5.225614998912184,0 120.0180642195455,-5.225167297220129,0 120.0179904175653,-5.224816552107545,0 120.0180455648204,-5.22436717681441,0 120.0180461953081,-5.223892228924094,0 120.0181194312849,-5.223415957953806,0 120.018145091294,-5.222973046433236,0 120.0182132019412,-5.222673074657152,0 120.0184328676157,-5.222240917895058,0 120.0187105386743,-5.221847532405362,0 120.0190312504195,-5.221488958974294,0 120.0191821674742,-5.221160848278804,0 120.0192667615761,-5.220773642076307,0 120.0194007364872,-5.220315203876985,0 120.0195829130537,-5.219942328829987,0 120.0196929908829,-5.219664062469246,0 120.0198214361871,-5.219133866406377,0 120.0198254208466,-5.218882475774749,0 120.0198063066715,-5.218427840166324,0 120.0197495394426,-5.217898489973554,0 120.0197957279926,-5.217450215462367,0 120.0199593639185,-5.217125440004715,0 120.0201604557561,-5.216766325958755,0 120.0203571644614,-5.216272500563877,0 120.0204758060846,-5.215975835555931,0 120.0206372376711,-5.215583169212255,0 120.0208565839294,-5.214707663589232,0 120.0208846716003,-5.214268775109401,0 120.0209644605906,-5.213854495099993,0 120.0212213482299,-5.213317454489637,0 120.0212285647383,-5.213325528366545,0 120.0214720070011,-5.212515285108454,0 120.0214604102313,-5.212509740236154,0 120.0215319523679,-5.212235252890778,0 120.021458684069,-5.211737087019468,0 120.021443344048,-5.211193487952145,0 120.0215323014661,-5.21073564328136,0 120.0217205184254,-5.210290914887239,0 120.0219628177677,-5.209873585198176,0 120.022204369955,-5.209500669398944,0 120.0223310386756,-5.209042369719723,0 120.0224483499602,-5.208646433468208,0 120.0225154322412,-5.208310766232175,0 120.0224851343359,-5.207798376403656,0 120.0226537680066,-5.207370657619474,0 120.0228126058915,-5.206956686449811,0 120.0228963207059,-5.206498917661839,0 120.0229909409592,-5.205994583092311,0 120.0230878788554,-5.205541884691328,0 120.0232440373924,-5.205192412686889,0 120.023628112371,-5.204777039941234,0 120.0237343044591,-5.204539675552582,0 120.0238860369004,-5.204202574043825,0 120.0241323330076,-5.203789688548763,0 120.0243655963486,-5.20338416828629,0 120.0247442041895,-5.203070116853774,0 120.0250591355624,-5.202800715423547,0 120.0253901371553,-5.202537486610969,0 120.0256995284429,-5.202131920408977,0 120.0259533579804,-5.201758995805346,0 120.0261341338984,-5.201347483716837,0 120.0262257192074,-5.200999463951239,0 120.0263657588638,-5.20052533965996,0 120.0266074807513,-5.200094888432461,0 120.02676044118,-5.199730216976688,0 120.0269311350841,-5.199269872825309,0 120.0271754920698,-5.198743575125566,0 120.027377089464,-5.198366381072866,0 120.0274618247559,-5.197924074628326,0 120.0275305981289,-5.197452343724332,0 120.0278213536567,-5.197030259672805,0 120.0282083876575,-5.196779532802263,0 120.0286143475414,-5.196632616515068,0 120.0291556861009,-5.196433398943329,0 120.0293843377327,-5.196189663412166,0 120.0296596510167,-5.195855529018793,0 120.029971575421,-5.195562876190553,0 120.0303145508852,-5.195216799479941,0 120.0306266534474,-5.194752719847096,0 120.0309010584358,-5.194362703455978,0 120.0310056764188,-5.19396974074899,0 120.0311750536084,-5.193624289029226,0 120.0313906977345,-5.193067298329107,0 120.0315821402175,-5.192569977042389,0 120.0318713228716,-5.191808713838712,0 
						</coordinates>
					</LineString>
				</Placemark>
				<Placemark>
					<name>FCO MAGALA</name>
					<visibility>0</visibility>
					<description>2 KMS AAAC 3x70mm</description>
					<styleUrl>#stylemap_id460</styleUrl>
					<LineString>
						<tessellate>1</tessellate>
						<coordinates>
							120.0318760283302,-5.191808627664903,0 120.0320618525623,-5.192099060794876,0 120.0321430470484,-5.192642527797734,0 120.0322591718518,-5.19315008118947,0 120.0323326933686,-5.193698095787305,0 120.032487177989,-5.193978127404029,0 120.0325773627644,-5.194412172919096,0 120.0320961879361,-5.194392325620496,0 120.0317789267908,-5.194809167087192,0 120.0318205626608,-5.195404469360661,0 120.0317206472043,-5.195824654226104,0 120.0316395769749,-5.196193172484182,0 120.031564537046,-5.196545024319075,0 120.0316001309305,-5.196946275455764,0 120.0314001729627,-5.19740117301959,0 120.0309629589631,-5.19760858222877,0 120.0306177340283,-5.197912619993683,0 120.0303855737473,-5.198045762578371,0 120.0302291061892,-5.198506973099756,0 120.0300960030526,-5.199072483146828,0 120.0301210592418,-5.19956385709033,0 120.0300979004528,-5.20009780455324,0 120.0298930240207,-5.200566978982035,0 120.0303653790723,-5.200630489650044,0 120.0307100848038,-5.200608496160208,0 120.030952669741,-5.201264002728567,0 120.0310104247349,-5.20181129364159,0 120.0310259437197,-5.202252214392769,0 120.0309973888392,-5.202624953619407,0 120.0309272862456,-5.202979975046038,0 120.0309285085523,-5.203303379700458,0 120.0309369989705,-5.203594400762592,0 120.030940917057,-5.203958245594409,0 120.030923512753,-5.204410516825289,0 120.0309110653499,-5.204866849006946,0 120.0310840087463,-5.205334154325935,0 120.0312145290278,-5.205718415578588,0 120.0312776842827,-5.206167236994791,0 120.0313053897139,-5.20663502652641,0 120.0312672776254,-5.207074430397554,0 120.0311729341139,-5.207400469956023,0 
						</coordinates>
					</LineString>
				</Placemark>
				<Placemark>
					<name>FCO MAGALA / LORONG KE TURUNANG TOAYYA</name>
					<visibility>0</visibility>
					<description>0.5 KMS AAAC 3x70mm</description>
					<styleUrl>#stylemap_id460</styleUrl>
					<LineString>
						<tessellate>1</tessellate>
						<coordinates>
							120.0299038372079,-5.200583678621093,0 120.0299758490856,-5.200833071241661,0 120.0299730792409,-5.201263453929866,0 120.02994414159,-5.201780251127045,0 120.0298723715493,-5.202322257540192,0 120.0297543428359,-5.202631347657166,0 120.0296015586931,-5.203080321854224,0 120.0294661767641,-5.203531232986036,0 120.029329337502,-5.203957587832291,0 120.0291842728515,-5.204350912342565,0 120.0290497327266,-5.204789051694499,0 120.0290075935236,-5.204895620543279,0 
						</coordinates>
					</LineString>
				</Placemark>
				<Placemark>
					<name>ASPAN PERCAB MAGALA - ASPAN FCO TURUNGAN BAJI</name>
					<visibility>0</visibility>
					<description>3.67 KMS AAAC 3x70mm</description>
					<styleUrl>#stylemap_id460</styleUrl>
					<LineString>
						<tessellate>1</tessellate>
						<coordinates>
							120.0318779175498,-5.191808776178268,0 120.0322520456248,-5.191517560952423,0 120.0327204462132,-5.191352863095465,0 120.0330988969393,-5.191201700049273,0 120.0334883342048,-5.190993302897096,0 120.0337700481241,-5.190525930549422,0 120.0340571096499,-5.190303671446264,0 120.0340867732724,-5.190045870461444,0 120.0340587258421,-5.189696678910906,0 120.0339305762142,-5.189177630266287,0 120.0342383084487,-5.188583124707479,0 120.0345327703305,-5.188107810020125,0 120.0348668152765,-5.187683065570806,0 120.0351722384188,-5.18730023983294,0 120.0354771330138,-5.186833516373117,0 120.0357255721171,-5.186356841207148,0 120.0359728501974,-5.185574849611228,0 120.0354597494084,-5.185214215266792,0 120.0356343336577,-5.184673262762021,0 120.0363177492066,-5.184723726800144,0 120.0367974300418,-5.184128103835294,0 120.0375665683916,-5.184090607401938,0 120.0380851007936,-5.183647380047475,0 120.0388681100109,-5.183145180086291,0 120.0392863853599,-5.182349058264827,0 120.0394522384255,-5.182030139657607,0 120.0395474357758,-5.181702112892698,0 120.0397123883096,-5.181198538502088,0 120.0398411301737,-5.18070355971114,0 120.0399228692985,-5.180220169468095,0 120.040004739201,-5.179737850028916,0 120.0400019212802,-5.179277850570309,0 120.0399568372726,-5.178774270202138,0 120.040018688865,-5.178237174420061,0 120.0401245100252,-5.177743846679331,0 120.0401933351749,-5.177275880894299,0 120.040276823121,-5.176862241129815,0 120.0403808518773,-5.176462324253011,0 120.0405498178065,-5.175978350420357,0 120.040776573136,-5.175630639162829,0 120.0411595676785,-5.175165974019117,0 120.0413529734041,-5.174825309613095,0 120.0416178599785,-5.174391897365239,0 120.0418630951437,-5.173999592159261,0 120.0420608272627,-5.173589832119777,0 120.042251038117,-5.173184608175468,0 120.0424822233979,-5.172715017244585,0 120.0426839974638,-5.172298965858949,0 120.0429000268443,-5.171835354981465,0 120.0431033393721,-5.171353677683343,0 120.0433940581822,-5.170810586300253,0 120.0434363161592,-5.170405296691985,0 120.0434864425054,-5.170053559582288,0 120.0435395952229,-5.169675950911316,0 120.0436036425244,-5.169169529388178,0 120.043606804557,-5.169090616076462,0 120.0435398231026,-5.168608603167983,0 120.0434970780875,-5.168125097352259,0 120.043432308377,-5.167621808050916,0 120.0434475176367,-5.167260897181136,0 120.043743789965,-5.166762552108388,0 120.0439872128894,-5.166455799862524,0 120.044145284642,-5.166190976067438,0 120.0442743679569,-5.165998205566622,0 120.0445079253036,-5.165653601290417,0 120.044701273221,-5.165355079686266,0 120.0448498956224,-5.165097283800371,0 120.045100345681,-5.16462824329303,0 
						</coordinates>
					</LineString>
				</Placemark>
				<Placemark>
					<name>ASPAN FCO T. BAJI - FCO TERASA 1</name>
					<visibility>0</visibility>
					<description>0.84 KMS AAAC 3x70mm</description>
					<styleUrl>#stylemap_id460</styleUrl>
					<LineString>
						<tessellate>1</tessellate>
						<coordinates>
							120.0451032795071,-5.164623110826629,0 120.0451147745253,-5.164582910219591,0 120.0451262181457,-5.164335307274889,0 120.0453008599187,-5.163907989403089,0 120.0454215835458,-5.163453135101464,0 120.0455963573773,-5.162975720566691,0 120.0457188196147,-5.162553733276387,0 120.0458550351701,-5.162133150309148,0 120.0459715105035,-5.161632296163721,0 120.0460991429787,-5.161154309715373,0 120.0462311548451,-5.160788785418131,0 120.0463605558294,-5.160391992615663,0 120.0465032869289,-5.159962125302769,0 120.0467201644979,-5.159470117441675,0 120.0469723149613,-5.159026525065433,0 120.0471196139822,-5.158764445301138,0 120.0474161494448,-5.158377371839805,0 120.0477075253145,-5.158031094823176,0 120.0479885059782,-5.157728484608977,0 
						</coordinates>
					</LineString>
				</Placemark>
				<Placemark>
					<name>FCO TERASA 1 - FCO TERASA 2</name>
					<visibility>0</visibility>
					<description>3.20 KMS AAAC 3x70mm</description>
					<styleUrl>#stylemap_id460</styleUrl>
					<LineString>
						<tessellate>1</tessellate>
						<coordinates>
							120.0480070408899,-5.157712789377327,0 120.0483125038137,-5.157358803576678,0 120.0485874359666,-5.156970485473083,0 120.0487492168258,-5.156599469700343,0 120.048934237203,-5.156115673015326,0 120.0491770823458,-5.155706159762492,0 120.0494216910546,-5.155234158305545,0 120.0495060481478,-5.154884823648977,0 120.0491080018342,-5.154923320726666,0 120.0488153664919,-5.155056613624506,0 120.0484649778329,-5.155339298732292,0 120.0482864377759,-5.155799135385582,0 120.0479256908897,-5.156294161836914,0 120.0475447872299,-5.156396376721617,0 120.0471200205775,-5.156398969737016,0 120.0467399991174,-5.155947850095614,0 120.046578363078,-5.155614422106724,0 120.0463449147896,-5.155873601453743,0 120.0462034012231,-5.15632369248349,0 120.0460397468189,-5.156689345159491,0 120.0456758700976,-5.156649605565837,0 120.0454420149213,-5.157078511094435,0 120.0450864816262,-5.157141347561643,0 120.0446220420901,-5.157255657767775,0 120.0441850338759,-5.157391322814771,0 120.0438261799008,-5.157602363814159,0 120.0433565286045,-5.157984210515982,0 120.0429224776086,-5.158467383073059,0 120.0422433981,-5.158214054460908,0 120.0418280397254,-5.158055635116594,0 120.04138173771,-5.158177339397384,0 120.0413678349013,-5.158172168225322,0 120.0407121421079,-5.158207372864785,0 120.0407206760504,-5.158222825338927,0 120.0406009200615,-5.158604272323762,0 120.040433173726,-5.159042874464049,0 120.0404433524861,-5.15951006360956,0 120.0402268465744,-5.159702407915837,0 120.0400073767755,-5.159386513051207,0 120.0397725529894,-5.158993280096018,0 120.0395873415028,-5.158624287806122,0 120.0396145935528,-5.158377139999523,0 120.0395668071734,-5.158164198163504,0 120.0394331722418,-5.15786108540564,0 120.039438154811,-5.157443352543431,0 120.0391143814733,-5.157138318888115,0 120.0389945792776,-5.156806621853199,0 120.0389365279153,-5.156419761053971,0 120.0387505529766,-5.156069796995811,0 120.0391160151328,-5.155577277725393,0 120.0395591633963,-5.155314030894311,0 120.0399146879568,-5.155386650345994,0 120.040113810342,-5.155051625980318,0 120.0404635482242,-5.154994836457752,0 120.0407803072952,-5.154812321641268,0 120.0411439587488,-5.154637808265178,0 120.0413122225134,-5.154303724234023,0 120.0414500974113,-5.153935147999904,0 120.0415979936714,-5.153605308517517,0 120.041725087965,-5.153245559761626,0 120.0417307814244,-5.152866041015748,0 120.0418048102042,-5.152424709639651,0 120.0415044618688,-5.152795081890047,0 120.0413407854666,-5.153016933232537,0 120.0409659290758,-5.153202133975042,0 120.0406150475207,-5.153278454652402,0 120.0402562772369,-5.153322764747529,0 120.0398825497315,-5.153307680498705,0 120.0393834689608,-5.153493080483785,0 120.0391282564262,-5.153676746921415,0 
						</coordinates>
					</LineString>
				</Placemark>
				<Placemark>
					<name>FCO TERASA 2 - UJUNG</name>
					<visibility>0</visibility>
					<description>4.5 KMS AAAC 3x70mm</description>
					<styleUrl>#stylemap_id460</styleUrl>
					<LineString>
						<tessellate>1</tessellate>
						<coordinates>
							120.0391513887762,-5.153634418709952,0 120.0386480996351,-5.153861164994352,0 120.0382691982219,-5.153977437735387,0 120.0378085091569,-5.153935967719191,0 120.0374960139862,-5.154085106867949,0 120.0374069086402,-5.154408827469158,0 120.0372364803029,-5.154789978923973,0 120.036996582093,-5.155149763127458,0 120.0369037593091,-5.155461073997037,0 120.0367498573364,-5.1558537648948,0 120.0366747141185,-5.156233858054578,0 120.0366378361452,-5.156631664126285,0 120.0366399749389,-5.157032002455197,0 120.0367624803786,-5.15745678151874,0 120.0368734634153,-5.157961711852169,0 120.0369948572038,-5.158038660359338,0 120.0370512850575,-5.158457849543533,0 120.0370560943833,-5.158683028104553,0 120.0369515142522,-5.159039934567606,0 120.0368686567629,-5.159362337675775,0 120.036662875937,-5.159964899276901,0 120.0367408448664,-5.160367029868148,0 120.03665843854,-5.160650717251752,0 120.0364467735062,-5.161111237460856,0 120.0361125970853,-5.161505359152143,0 120.0357572400724,-5.161665215405374,0 120.0353325712862,-5.161772586800365,0 120.0348513342512,-5.161783134310992,0 120.0343257144993,-5.161785118518908,0 120.0340466130976,-5.161801798309826,0 120.0336378132865,-5.161862678956592,0 120.0334745439104,-5.161812858203012,0 120.0330674530204,-5.161775023665414,0 120.0325814734664,-5.161917399852372,0 120.0321323432153,-5.161924756061367,0 120.0317026272888,-5.161981857925623,0 120.0313280426184,-5.162092019554241,0 120.0308511195983,-5.162128492437731,0 120.0305663932103,-5.162084418668426,0 120.0301925535236,-5.162072114909875,0 120.0296984359338,-5.16209350776629,0 120.0293718848773,-5.16206964388033,0 120.0290671345883,-5.162190671145402,0 120.0287088206265,-5.162353543834435,0 120.0284942011752,-5.162478016635037,0 120.0280921578421,-5.162820778797589,0 120.0279655956912,-5.162988374341436,0 120.0275995133592,-5.163020125408719,0 120.0271962609777,-5.162829881359881,0 120.0268955002899,-5.162729598318434,0 120.0264628908237,-5.162415808300825,0 120.0262835277472,-5.162197011257112,0 120.0257255978366,-5.162017846229307,0 120.0254424782247,-5.161942671082198,0 120.0250697778362,-5.161712155612176,0 120.0250336583649,-5.161692490361061,0 120.0246926180946,-5.161438235055539,0 120.0245942465571,-5.16110691331138,0 120.0243325308733,-5.160809580347189,0 120.0243172350981,-5.160555921004827,0 120.0245601547996,-5.160214061509834,0 120.024802030737,-5.159933925305032,0 120.0248385883385,-5.159640711409859,0 120.0249160848703,-5.159099171159125,0 120.025250262582,-5.15892737197113,0 120.0256027007316,-5.158654297865171,0 120.0256594225704,-5.158338747678474,0 120.0252446485167,-5.158008468064694,0 120.0248441667794,-5.157741361247087,0 120.0244685488623,-5.157307950322697,0 120.0242724306894,-5.156803086763255,0 120.0242717869045,-5.15615137397546,0 120.024500100919,-5.155841407494527,0 120.0248063564563,-5.155675986151837,0 120.0245637462523,-5.155272891493614,0 120.0245494949831,-5.155261355897436,0 120.0249817328237,-5.154777443928682,0 120.0249842500597,-5.154796928448514,0 120.0253153025544,-5.15484867433211,0 120.0257205532644,-5.155096293788378,0 120.0262218862985,-5.15511498471857,0 120.0265681560912,-5.155034831005494,0 120.0272922066719,-5.154977575324836,0 120.0274620005865,-5.154808285742547,0 120.0275974030289,-5.1543817932784,0 120.0278294833685,-5.153860022301917,0 120.0279525296712,-5.153680705792222,0 120.0278990246064,-5.153297834577169,0 120.0272160629825,-5.15292582589444,0 120.0272716387723,-5.152475179653683,0 120.0277896753059,-5.152222889011598,0 120.0281384345462,-5.151927434183566,0 
						</coordinates>
					</LineString>
				</Placemark>
				<Placemark>
					<name>FCO CENRE</name>
					<visibility>0</visibility>
					<description>3.15 KMS AAACS 3x70mm</description>
					<styleUrl>#stylemap_id460</styleUrl>
					<LineString>
						<tessellate>1</tessellate>
						<coordinates>
							120.0279534461066,-5.162998889919535,0 120.0277489668112,-5.163273121858293,0 120.0277593668928,-5.163521042702818,0 120.0277697610911,-5.163792213104951,0 120.0276833494212,-5.164296186496598,0 120.027485287041,-5.164658573520126,0 120.027854220346,-5.165156096292706,0 120.0276542457708,-5.165386166291279,0 120.0271850546157,-5.165352225183715,0 120.0268431546356,-5.165428016267975,0 120.0265477991856,-5.165521302605387,0 120.0264322113481,-5.166004181923169,0 120.0265298441252,-5.166292301447548,0 120.0262893448607,-5.16658616538334,0 120.0264958245953,-5.16704884613666,0 120.0267119420535,-5.167235825398066,0 120.0269094652221,-5.167542016263074,0 120.027109508711,-5.167836192927269,0 120.0273188227164,-5.168169518294434,0 120.0273007454664,-5.168486889156338,0 120.0271057721687,-5.168828902906309,0 120.0268208706505,-5.169270522309306,0 120.0267594501583,-5.169536931707992,0 120.0267293963079,-5.169866286584748,0 120.0268745194793,-5.170082082858456,0 120.026522451414,-5.170194675366218,0 120.0263903829195,-5.170361310079362,0 120.0258700657006,-5.170501207991834,0 120.0259191224275,-5.170857713152712,0 120.0261374454967,-5.17114057941254,0 120.0264218758038,-5.171366770843429,0 120.0268440804416,-5.17172756711535,0 120.0271524844624,-5.171941541640887,0 120.0273865426779,-5.172357725295235,0 120.0277455693168,-5.172660754575634,0 120.028339061726,-5.172870279032065,0 120.0286921109047,-5.172937418445702,0 120.0290194116495,-5.173119064184006,0 120.0291589446345,-5.173718625384629,0 120.0292660141071,-5.173913283866833,0 120.0292201880574,-5.174246835816381,0 120.0291000681126,-5.174598304406929,0 120.02862484045,-5.174964678352742,0 120.0286029624526,-5.175270115701532,0 120.0285686514702,-5.175675821388623,0 120.0286260483958,-5.175946440003627,0 120.0283736776852,-5.176482862784971,0 120.0283755745238,-5.176977199923151,0 120.0288168871133,-5.177176559293462,0 120.0290084681229,-5.177399527996136,0 120.0288951623591,-5.177790113150771,0 120.0287868677703,-5.178201352122898,0 120.0284765205216,-5.178498712495085,0 120.0280420755829,-5.178683868248825,0 120.0275517630173,-5.178799153313979,0 120.0272396601667,-5.179103159888348,0 120.0269413198148,-5.179458673539796,0 120.0266436870076,-5.17955619476546,0 120.0261401029457,-5.179817864652519,0 120.0260472871725,-5.180176900983926,0 120.0259662141843,-5.180588593299013,0 120.025907443744,-5.180895867508228,0 120.0256303580883,-5.181199272492075,0 120.0252895681245,-5.181446283989347,0 120.0249435640477,-5.181563659065232,0 120.0251383493561,-5.182051839580577,0 120.0249499198428,-5.182315133556092,0 120.024862535402,-5.182691286959423,0 120.0252741964112,-5.183072982760083,0 120.0256102282521,-5.183278194666708,0 120.0259856368032,-5.183500331373673,0 
						</coordinates>
					</LineString>
				</Placemark>
				<Placemark>
					<name>FCO KANTOR DESA - UJUNG</name>
					<visibility>0</visibility>
					<description>2.40 KMS AAAC 3x70mm</description>
					<styleUrl>#stylemap_id460</styleUrl>
					<LineString>
						<tessellate>1</tessellate>
						<coordinates>
							120.0417983735723,-5.152424285534023,0 120.0415622967602,-5.152473310279467,0 120.0413557129127,-5.152637425490394,0 120.0410001800186,-5.152819880969699,0 120.0406401358333,-5.152778899361804,0 120.0401414123167,-5.152633488268969,0 120.0397098901839,-5.15257623778895,0 120.0389490968588,-5.152465076972366,0 120.0388757026939,-5.151987512015872,0 120.0387383246285,-5.151604965699612,0 120.0386878173923,-5.151026123670533,0 120.0383793299983,-5.151022617004476,0 120.0379633639591,-5.15081004987656,0 120.0376687792694,-5.150634728319958,0 120.0375824118651,-5.150186682989792,0 120.0376122478864,-5.149906648393644,0 120.0377013105868,-5.149680448324017,0 120.0378729311043,-5.149256268895916,0 120.0377322325583,-5.14878570499766,0 120.0377464002577,-5.148269487129902,0 120.03773591155,-5.147815281580644,0 120.0377201788335,-5.147651538103627,0 120.0377551035768,-5.147378926371553,0 120.0373845307783,-5.147141559318629,0 120.0369678613203,-5.146915671904047,0 120.036602818422,-5.146595213890271,0 120.0365873199812,-5.146087268190667,0 120.0367019970956,-5.145593550309313,0 120.0370893716909,-5.145165197575456,0 120.0371575320569,-5.144831620178203,0 120.0365385390146,-5.144894290325873,0 120.0358895090057,-5.144953847655897,0 120.0356173770265,-5.144579173764084,0 120.0352476872279,-5.144175947695509,0 120.0348515644493,-5.144378154289697,0 120.0344391132721,-5.144610281332032,0 120.0343494337999,-5.144495136045075,0 120.0339976596442,-5.144208450593476,0 120.0337459777906,-5.144608879102383,0 120.0335685360201,-5.145090663001674,0 120.0331471388117,-5.144872443172929,0 120.032886358999,-5.144936934564312,0 120.0324267873832,-5.145319049106575,0 120.0322612272334,-5.145582456331321,0 120.0324983961214,-5.145921468821837,0 120.0329387367801,-5.146131255607177,0 120.0330267809858,-5.146143892830542,0 120.0330141177205,-5.146398089035585,0 120.0327632809381,-5.146914348074821,0 120.0329022170881,-5.147394056721342,0 120.0331251094209,-5.147588495434393,0 120.0331464041384,-5.147837627166156,0 
						</coordinates>
					</LineString>
				</Placemark>
				<Placemark>
					<name>FCO LAHA-LAHA 1</name>
					<visibility>0</visibility>
					<description>5 KMS AAACS 3x70mm</description>
					<styleUrl>#stylemap_id460</styleUrl>
					<LineString>
						<tessellate>1</tessellate>
						<coordinates>
							120.037588811557,-5.150208453134746,0 120.0379471514679,-5.150307242674312,0 120.0382509953182,-5.150280781250041,0 120.0387308930486,-5.150265424419,0 120.0391839494865,-5.150297968791223,0 120.0394809806607,-5.149877466207574,0 120.0394889467468,-5.149872507222756,0 120.0397659009589,-5.14971651370301,0 120.0400932856548,-5.149506144735151,0 120.040388878758,-5.149329992674952,0 120.0405102235684,-5.14895404915424,0 120.040787840569,-5.148791310829099,0 120.0405266376199,-5.148417967218826,0 120.0406970162496,-5.147950015824879,0 120.0407900517429,-5.147501509436292,0 120.0412221562198,-5.147286637331565,0 120.0415996724136,-5.147079035254703,0 120.0416846201965,-5.146750278318536,0 120.0412705668352,-5.146607705520784,0 120.0414562309027,-5.146407130474161,0 120.0408877784526,-5.14581944250704,0 120.0409294919277,-5.14530976507899,0 120.0411277238237,-5.145000884710877,0 120.0413012631647,-5.144656750562434,0 120.0417166214133,-5.144308948046811,0 120.0420451143463,-5.144312278299935,0 120.0424487733022,-5.144591881619406,0 120.0426366365015,-5.144973265285419,0 120.0428767826873,-5.145182445819483,0 120.0432984636758,-5.145396385367493,0 120.0436754436286,-5.145803213218949,0 120.0436737918988,-5.145809370948735,0 120.0435333521208,-5.146243408190988,0 120.0438001725045,-5.146309936240573,0 120.0440838252814,-5.14660534418583,0 120.0440645049993,-5.146958914565429,0 120.0441736368077,-5.147536519789388,0 120.0442734202943,-5.147937557252816,0 120.0444461506303,-5.148333494458218,0 120.0445229579346,-5.148848214501868,0 120.0448716394408,-5.148747811427493,0 120.0452718519263,-5.148717858270825,0 120.0456987190697,-5.148583260227356,0 120.0460657300352,-5.148686192146526,0 120.0463765126166,-5.14851330408823,0 120.0465309056232,-5.148123364100035,0 120.0466929762043,-5.147743473680439,0 120.0466602951381,-5.14735078527918,0 120.0465674272228,-5.14701888240536,0 120.0463650571874,-5.146560359840378,0 120.0466325083628,-5.146180718327498,0 120.0470412493738,-5.146056509610361,0 120.0474139215835,-5.145791124765158,0 120.0475167639071,-5.145353703439024,0 120.0477647541632,-5.145212254690278,0 120.048167101188,-5.14503848908824,0 120.0480866428157,-5.144685740008037,0 120.0481110994839,-5.144221088698959,0 120.0482393670163,-5.14393498376358,0 120.0485142280456,-5.143666333177657,0 120.0488244528028,-5.143508744119138,0 120.0491472000027,-5.14334976293257,0 120.0492234215087,-5.142940492270036,0 120.0491772946648,-5.142449368029847,0 120.0492383640833,-5.142003634556839,0 120.0489073323779,-5.142161394538767,0 120.0483343639438,-5.14212652390671,0 120.0483544826018,-5.141691325125515,0 120.0484925881867,-5.141193937729503,0 120.0484680452539,-5.140728079547133,0 120.0485221590488,-5.14029927272291,0 120.0485984489219,-5.13995115788236,0 120.0486077949316,-5.139932875664649,0 120.0488537931202,-5.139524926136351,0 120.0490345750839,-5.139196890815305,0 120.048908291438,-5.138766221953077,0 120.0487733244019,-5.138012864660219,0 120.0490143016568,-5.137779472207394,0 120.0494974340776,-5.137716805186476,0 120.049849484077,-5.137639462708407,0 120.0502288255518,-5.137421179097924,0 120.0504174876798,-5.136987754863449,0 120.0507646489286,-5.136854417494122,0 120.0513137887547,-5.136796530807479,0 120.0518237479776,-5.136832591822153,0 120.0520310092157,-5.136713477882079,0 120.0527710786377,-5.136890915549653,0 120.0535545351463,-5.136862833633417,0 120.0539014848359,-5.136507136918341,0 120.0540425533947,-5.135988965331139,0 120.0545242326781,-5.135422224212635,0 120.0547437408555,-5.135392996283882,0 120.0551388434946,-5.135265419497749,0 120.0555438457559,-5.134932869099059,0 120.0557802510168,-5.134553889096972,0 120.0561113050376,-5.134522779384928,0 120.0564069410719,-5.134222010483583,0 120.0567589789324,-5.134068469202677,0 120.0571076775701,-5.133839693293825,0 120.0575687313082,-5.133785767926401,0 120.0577055307689,-5.13343540983561,0 120.0579335853755,-5.133007002696443,0 120.0581465507001,-5.132372100042113,0 120.0580971521973,-5.132200129394229,0 120.0579933210218,-5.131789477991774,0 120.0582126230733,-5.131278415984508,0 120.0580871808994,-5.130936160289913,0 
						</coordinates>
					</LineString>
				</Placemark>
				<Placemark>
					<name>FCO LAHA - LAHA 2</name>
					<visibility>0</visibility>
					<description>0.73 KMS AAACS 3x70mm</description>
					<styleUrl>#stylemap_id460</styleUrl>
					<LineString>
						<tessellate>1</tessellate>
						<coordinates>
							120.0377206150357,-5.147677446129863,0 120.0380474774343,-5.147705552121413,0 120.0384804803277,-5.147686600197334,0 120.0389856887958,-5.147804960447245,0 120.0394272859895,-5.147648679649553,0 120.0397284296364,-5.147435438764025,0 120.0399382900113,-5.147028392959052,0 120.0400766930844,-5.146573095452768,0 120.0399900348259,-5.146171524108488,0 120.0397894669152,-5.145750669891068,0 120.0394352163247,-5.145338212923915,0 120.0391034999563,-5.144997989320164,0 120.0390268738475,-5.144412499594096,0 120.0388236145648,-5.143900312370471,0 120.0387723459931,-5.143387524263511,0 
						</coordinates>
					</LineString>
				</Placemark>
				<Placemark>
					<name>FCO SOPPENG</name>
					<visibility>0</visibility>
					<description>2.88 AAACS 3x70mm</description>
					<styleUrl>#stylemap_id460</styleUrl>
					<LineString>
						<tessellate>1</tessellate>
						<coordinates>
							120.0651476586692,-5.130812477670645,0 120.0653644747888,-5.1309147140409,0 120.0655615971917,-5.130994012342246,0 120.0656799292388,-5.13112836121199,0 120.0658817209318,-5.131181609898985,0 120.0660606690916,-5.131084339952117,0 120.0661326631862,-5.130862986190167,0 120.0661991223024,-5.130645767744199,0 120.0662793908348,-5.130393784327249,0 120.0664854928384,-5.130156246779532,0 120.0666264358824,-5.129893721822282,0 120.0668125592727,-5.129576994984219,0 120.0669782419817,-5.129335911108657,0 120.0668492174339,-5.12909534146134,0 120.0667488408682,-5.128923441408255,0 120.0665292356412,-5.128815836782242,0 120.0663832573994,-5.128654379021179,0 120.0664247585112,-5.128477056292118,0 120.0661429499002,-5.128205950972345,0 120.0662632993335,-5.127753022117938,0 120.0666446420296,-5.127599831013534,0 120.0669672435368,-5.127584602043368,0 120.0672567782787,-5.127708673740575,0 120.0674374674955,-5.127577070563587,0 120.0672357063302,-5.127252448141304,0 120.0673379620395,-5.126898806343696,0 120.0676380757574,-5.1266833439577,0 120.0675653886023,-5.126474425675234,0 120.0675737885989,-5.12631460733725,0 120.0678240719701,-5.126205863565716,0 120.0682506193152,-5.126169547234417,0 120.0684228737778,-5.126075965282939,0 120.0685826272644,-5.125975321107889,0 120.0686599148802,-5.125729350603664,0 120.0687345145311,-5.125534521683403,0 120.0689006862947,-5.125434211496104,0 120.0690937529931,-5.125207749235009,0 120.0693132529264,-5.124949963005034,0 120.0694121819206,-5.124782043442138,0 120.0691871668107,-5.124654924494435,0 120.068955767879,-5.124649268067039,0 120.0688078079946,-5.1246479627221,0 120.0686397618609,-5.12479585803379,0 120.0683431716963,-5.124806033357947,0 120.067856913966,-5.124812731545036,0 120.0674427423377,-5.124733441423116,0 120.067182264934,-5.12465575822347,0 120.0669727794154,-5.124600581457764,0 120.0667802280441,-5.124590540587395,0 120.0665684694052,-5.124578605063893,0 120.0663005770734,-5.124532584090312,0 120.0660660860928,-5.124340868888788,0 120.0659653390182,-5.124053563325832,0 120.0659123897918,-5.123591611065342,0 120.0657279553337,-5.123335012919172,0 120.0655090338759,-5.123033997074216,0 120.0655416559624,-5.122788492543441,0 120.0657711387633,-5.122634157639827,0 120.0660014638499,-5.122478605634405,0 120.065891924465,-5.122183272086937,0 120.0652674518006,-5.121846503579388,0 120.0649216835365,-5.121571068033623,0 120.0641834509679,-5.12163547564626,0 120.0636227655707,-5.121575036295459,0 120.0632247802676,-5.12125007703154,0 120.0627174098014,-5.120771208546675,0 120.0624443398252,-5.120304556712823,0 120.0624437642822,-5.119719512016291,0 120.0623560708177,-5.119205413217863,0 120.0621200080588,-5.118779691344577,0 120.061953799852,-5.118217064695943,0 120.0621402592032,-5.117649576621697,0 120.0623415920593,-5.117097245906076,0 120.0624725614468,-5.11654246404459,0 120.0625948318808,-5.115855377227051,0 120.0627040059725,-5.115268257727384,0 
						</coordinates>
					</LineString>
				</Placemark>
				<Placemark>
					<name>KE TASSOSO</name>
					<visibility>0</visibility>
					<description>1.23 AAACS 3x70mm</description>
					<styleUrl>#stylemap_id460</styleUrl>
					<LineString>
						<tessellate>1</tessellate>
						<coordinates>
							119.9810036189102,-5.27146140484539,0 119.9804561589382,-5.271715665850664,0 119.9801063463014,-5.272054790624464,0 119.9800614148898,-5.272521529721088,0 119.9801085801919,-5.273020123553933,0 119.9801477317907,-5.2735932605986,0 119.9795511703259,-5.274185056346261,0 119.979003834439,-5.274891593305458,0 119.9783277046795,-5.275735898608927,0 119.9778736639976,-5.276313881287154,0 119.9774947426014,-5.277111155380551,0 119.9770019551628,-5.27801996717635,0 119.9769024407714,-5.278386472643009,0 119.9770913452764,-5.278872337619214,0 119.9774443231179,-5.279290096046858,0 119.9779771124102,-5.2797366025439,0 119.9782649423586,-5.280088986558344,0 119.9782825847795,-5.28047744256972,0 
						</coordinates>
					</LineString>
				</Placemark>
			</Folder>
		</Folder>
		<Folder>
			<name>P_MATTUMPU (HIJAU)</name>
			<visibility>0</visibility>
			<Folder>
				<name>P_MATTUMPU (GI-GH)</name>
				<visibility>0</visibility>
				<open>1</open>
				<Placemark>
					<name>DS Mattumpu GH Sinjai</name>
					<visibility>0</visibility>
					<styleUrl>#stylemap_id10000</styleUrl>
					<ExtendedData>
						<SchemaData schemaUrl="#Data_Jaringan_UP3_Bulukumba00">
							<SimpleData name="KODE_HANTA">SEGMEN TG. LAMATTIRILAU.00065-TG.LAMATTIRILAU.00065.L0097</SimpleData>
							<SimpleData name="begin">TG.LAMATTIRILAU.00065.L0001</SimpleData>
							<SimpleData name="end">TG.LAMATTIRILAU.00065.L0097</SimpleData>
							<SimpleData name="P_EAM">LAMATTIRILAU</SimpleData>
							<SimpleData name="NAMA P.JAR">P. LAMATTIRILAU</SimpleData>
							<SimpleData name="J_DIST">P_LAMATTIRILAU</SimpleData>
							<SimpleData name="LENGTH">4485.30</SimpleData>
							<SimpleData name="P_UP2D">P_LAMATTIRILAU</SimpleData>
							<SimpleData name="LOCATION">ULP.32760</SimpleData>
							<SimpleData name="PANJANG">4.85</SimpleData>
							<SimpleData name="SIZE">3x70</SimpleData>
							<SimpleData name="JENIS">AAAC</SimpleData>
							<SimpleData name="FASA">3</SimpleData>
							<SimpleData name="NO_ASSET">4691669</SimpleData>
							<SimpleData name="KEYPOINT">P_LAMATTIRILAU</SimpleData>
						</SchemaData>
					</ExtendedData>
					<MultiGeometry>
						<LineString>
							<coordinates>
								120.227029089775,-5.10763645060349,0 120.227177864902,-5.1079995221294,0 120.227503114304,-5.10847470871293,0 120.227946365597,-5.10841879253,0 120.228309393681,-5.10824401899856,0 120.228615744286,-5.10801878302574,0 120.229088947465,-5.10816701942373,0 120.229556050237,-5.10815357917103,0 120.229960380673,-5.10790574293611,0 120.230297578528,-5.10750726591229,0 120.230581559153,-5.10718620832649,0 120.230954968282,-5.10694062964167,0 120.231301307849,-5.10685937172819,0 120.231718862511,-5.10656618724672,0 120.232132653615,-5.10655767051551,0 120.232408931561,-5.10660055554326,0 120.232815010962,-5.10681900358507,0 120.233256313515,-5.10688085998869,0 120.233674233177,-5.10671233407502,0 120.234045706451,-5.10656252610719,0 120.234412755075,-5.10668592875019,0 120.234711843401,-5.1070892864501,0 120.235104325597,-5.10742307244191,0 120.235324549893,-5.10770997174637,0 120.235618874925,-5.10806353152444,0 120.235886828974,-5.10813428259805,0 120.236365577729,-5.10800853305963,0 120.236719465775,-5.10789571841406,0 120.237246914848,-5.10768183043029,0 120.237645434558,-5.10771894397479,0 120.238061881941,-5.10784679886349,0 120.238490138098,-5.10804905089711,0 120.238925340764,-5.107948810796,0 120.239592303985,-5.10781852988104,0 120.239976660467,-5.10771963391708,0 120.240194998572,-5.10753548849012,0 120.240567880651,-5.10774622900931,0 120.240893290544,-5.1079463230184,0 120.240900535714,-5.10795377573944,0 120.240957377616,-5.10799572182664,0 120.241300235303,-5.10829729477488,0 120.241642329459,-5.10855618825039,0 120.242036535614,-5.10878395392061,0 120.242456340308,-5.10897798862629,0 120.243001264919,-5.10908804478308,0 120.243371494994,-5.10914318533732,0 120.243794494004,-5.10927438490827,0 120.244170182416,-5.10945872945936,0 120.244583398494,-5.10973468376089,0 120.24500662589,-5.10997272633922,0 120.245516829994,-5.11016184538419,0 120.2460744158751,-5.110283671362635,0 120.2465718367095,-5.110595763384632,0 120.2469851733913,-5.11076203766445,0 120.246898943866,-5.11120526443619,0 120.246846817567,-5.11154489796133,0 120.2467961895304,-5.111881984385171,0 120.246957914064,-5.11239548616572,0 120.246912160388,-5.11291679849684,0 120.246793969193,-5.11323889432704,0 120.246601961256,-5.11366614459923,0 120.246489171809,-5.1140619666393,0 120.246311698747,-5.11452948720788,0 120.246272327701,-5.11476695695682,0 120.246236552887,-5.11521722342304,0 120.246289192715,-5.11570232958431,0 120.246214413698,-5.1160374177898,0 120.24610567712,-5.11641790726259,0 120.245968560841,-5.11679712935696,0 120.245718069242,-5.11718658650484,0 120.245521483446,-5.11747926331777,0 120.245287994567,-5.11774491126769,0 120.244992108971,-5.11785962435172,0 120.2446592372409,-5.118089816061144,0 120.244518704125,-5.118126872211297,0 120.2443574353066,-5.118234469695045,0 120.244173401402,-5.118554267657,0 120.243907374162,-5.1188693233385,0 120.243692539848,-5.11921645508215,0 120.243541491128,-5.11954094411393,0 120.243442350606,-5.11979191682887,0 120.243749765351,-5.11985451203958,0 120.244068724355,-5.11982986586217,0 120.244408966903,-5.11976399532366,0 120.244715288759,-5.11970747429665,0 120.244714973296,-5.11971890669196,0 120.245174958268,-5.1197969415692,0 120.245431762005,-5.11984809227077,0 120.245743350637,-5.11993852202233,0 120.246153585429,-5.12004951441293,0 120.246565990988,-5.12015204944142,0 120.246831376574,-5.12023513914439,0 120.247356930268,-5.12033282695386,0 120.248042610599,-5.12049177884461,0 120.248538013352,-5.12060675386098,0 120.249121434681,-5.12075827787714,0 120.249635673223,-5.12081832371738,0 120.25013860007,-5.12092402692585,0 
							</coordinates>
						</LineString>
					</MultiGeometry>
				</Placemark>
				<Placemark>
					<name>SUTM LAMATTIRILAU</name>
					<visibility>0</visibility>
					<styleUrl>#stylemap_id1000</styleUrl>
					<ExtendedData>
						<SchemaData schemaUrl="#Data_Jaringan_UP3_Bulukumba00">
							<SimpleData name="KODE_HANTA">SEGMEN TG. LAMATTIRILAU.00065.L0045-TG.LAMATTIRILAU.00065.L0045.L0005</SimpleData>
							<SimpleData name="begin">TG.LAMATTIRILAU.00065.L0045.L0001</SimpleData>
							<SimpleData name="end">TG.LAMATTIRILAU.00065.L0045.L0005</SimpleData>
							<SimpleData name="P_EAM">LAMATTIRILAU</SimpleData>
							<SimpleData name="NAMA P.JAR">P. LAMATTIRILAU</SimpleData>
							<SimpleData name="J_DIST">P_LAMATTIRILAU</SimpleData>
							<SimpleData name="LENGTH">150.15</SimpleData>
							<SimpleData name="P_UP2D">P_LAMATTIRILAU</SimpleData>
							<SimpleData name="LOCATION">ULP.32760</SimpleData>
							<SimpleData name="PANJANG">0.25</SimpleData>
							<SimpleData name="SIZE">3x70</SimpleData>
							<SimpleData name="JENIS">AAACS</SimpleData>
							<SimpleData name="FASA">3</SimpleData>
							<SimpleData name="NO_ASSET">4691668</SimpleData>
							<SimpleData name="KEYPOINT">P_LAMATTIRILAU</SimpleData>
						</SchemaData>
					</ExtendedData>
					<MultiGeometry>
						<LineString>
							<coordinates>
								120.243371494994,-5.10914318533732,0 120.243534733385,-5.10904668187582,0 120.243476843867,-5.10877308295223,0 120.243154394565,-5.10853648884111,0 120.242792493996,-5.10823207650742,0 120.242798499011,-5.10821968299463,0 
							</coordinates>
						</LineString>
					</MultiGeometry>
				</Placemark>
				<Placemark>
					<name>SKTM INC LAMATTI GH SINJAI</name>
					<visibility>0</visibility>
					<description>XLPE 240 mm</description>
					<styleUrl>#stylemap_id1000</styleUrl>
					<LineString>
						<tessellate>1</tessellate>
						<coordinates>
							120.2501381318627,-5.12092681174609,0 120.2501028351083,-5.121045977375403,0 120.2502897477661,-5.121095678308945,0 
						</coordinates>
					</LineString>
				</Placemark>
				<Placemark>
					<name>BPS RESIDENCE</name>
					<visibility>0</visibility>
					<description>0,18 kms AAAC-S 70mm</description>
					<styleUrl>#inline14</styleUrl>
					<LineString>
						<tessellate>1</tessellate>
						<coordinates>
							120.2446867065468,-5.118068469442864,0 120.2446380284239,-5.117955077800147,0 120.2444850677997,-5.117687462864186,0 120.2443443960278,-5.117384721341796,0 120.2442401860582,-5.117059656301695,0 120.2441075396394,-5.116827393917469,0 120.2439958510032,-5.116607173442358,0 
						</coordinates>
					</LineString>
				</Placemark>
			</Folder>
			<Folder>
				<name>OUT MARBO</name>
				<visibility>0</visibility>
				<Placemark>
					<name>LINE OUT MARBO / REC MARANA / PERTIGAAN POROS KORO - LBS MANNANTI</name>
					<visibility>0</visibility>
					<description>4.41 KMS AAAC 3x70mm</description>
					<styleUrl>#msn_ylw-pushpin142</styleUrl>
					<LineString>
						<tessellate>1</tessellate>
						<coordinates>
							120.2661504976144,-5.248454180678741,0 120.2659836315843,-5.248684779914154,0 120.2657240938625,-5.249038927225957,0 120.2653480117539,-5.249542188384773,0 120.2650151181048,-5.250034144588011,0 120.2646611775179,-5.250531549509851,0 120.2643113071941,-5.251035461509287,0 120.2641099909477,-5.251366294804682,0 120.2636960950275,-5.25208278936543,0 120.2633637552962,-5.252705345708103,0 120.2631163574511,-5.253179959340713,0 120.2629400115853,-5.253590817481423,0 120.2628384908543,-5.254148585643884,0 120.2627562682185,-5.254641789651176,0 120.2625448932139,-5.25516640975022,0 120.2623536629788,-5.255535612022521,0 120.2621289282967,-5.255919872391827,0 120.2619366726431,-5.256283809252719,0 120.2616247441223,-5.256830617070131,0 120.2614023442048,-5.257201800751443,0 120.2613042544897,-5.257396452626974,0 120.2610860636328,-5.257837803012729,0 120.2608305527061,-5.258609279642092,0 120.260574112571,-5.259374060895805,0 120.2603197802662,-5.2600485755297,0 120.2600754583176,-5.260772155845507,0 120.2597547675974,-5.261534757796118,0 120.2595791245414,-5.261997065788961,0 120.2592612586437,-5.262618126332858,0 120.2588791499149,-5.263251565147082,0 120.2586027421843,-5.263806527858949,0 120.2583033839977,-5.264305436398508,0 120.2580310324118,-5.264809146216122,0 120.2577963920351,-5.265281197959867,0 120.2576314547208,-5.265631288156814,0 120.2574192885171,-5.266024028366087,0 120.257184866522,-5.266372831792829,0 120.2569071243715,-5.266702330617115,0 120.256433374015,-5.267154329889292,0 120.2558862469782,-5.267428300554079,0 120.2554511254478,-5.267370696545333,0 120.2549969543888,-5.267342122294832,0 120.2547331184541,-5.267355470164564,0 120.2543469531646,-5.267410665103156,0 120.2539338544582,-5.267609061699014,0 120.2536700987261,-5.267739137938997,0 120.2534058705654,-5.267903868569181,0 120.2530403343675,-5.268211317878204,0 120.2528713940131,-5.268445427816713,0 120.2529082661841,-5.269312132346441,0 120.2527998919929,-5.269676934330199,0 120.2526065672369,-5.269914810392152,0 120.2525390242724,-5.270070166166863,0 120.2524611746886,-5.270249196590479,0 120.2523235394523,-5.270522716774392,0 120.2521481878752,-5.270911867050906,0 120.2520089084056,-5.271190586328187,0 120.2518045013895,-5.271541801933333,0 120.2513949405214,-5.272077471563197,0 120.2511100736206,-5.272358393669241,0 120.2508206423946,-5.272388944667748,0 120.2505683187777,-5.272229847629262,0 120.2499828206934,-5.27191382516749,0 120.2497386776969,-5.271812326865369,0 120.2495328100242,-5.2717123283074,0 120.2491509668472,-5.27153578766602,0 120.2490013588327,-5.271332815497526,0 120.2490336403516,-5.270978664779139,0 120.2491106642827,-5.270696794934389,0 120.2486350648471,-5.270067611705374,0 120.2484422792209,-5.27024327526036,0 120.248023332619,-5.270220999170879,0 120.2476668815167,-5.270088628935311,0 120.2471222693625,-5.269643126927851,0 120.246600147102,-5.269593084751407,0 120.2459590341705,-5.269777352449362,0 120.2454718684942,-5.269597959029804,0 120.2450148496917,-5.269227469268012,0 120.2444566285186,-5.26886201165672,0 120.2438030347716,-5.268395658889049,0 120.2431599563331,-5.26803914074362,0 
						</coordinates>
					</LineString>
				</Placemark>
				<Placemark>
					<name>LINE OUT MARBO / REC MARANA / LBS TAKALALA / FCO PATTONGKO / FCO TAI BESSIE</name>
					<visibility>0</visibility>
					<description>1.25kms AAACS 3x70mm</description>
					<styleUrl>#msn_ylw-pushpin142</styleUrl>
					<LineString>
						<tessellate>1</tessellate>
						<coordinates>
							120.3202800699845,-5.244303510716067,0 120.3202734140731,-5.244317875410539,0 120.3201623391432,-5.244457732027801,0 120.3193976990373,-5.244673825718847,0 120.3191511123774,-5.244819333422713,0 120.3188392637002,-5.245034777524546,0 120.3185775510996,-5.24533980867227,0 120.3183024555806,-5.245596579888753,0 120.3180938897602,-5.245998488757917,0 120.3179873453218,-5.246293689752362,0 120.3177169336265,-5.246742179351599,0 120.317523259582,-5.247094895078741,0 120.3171243025357,-5.247387789504345,0 120.3169400304746,-5.247633266131811,0 120.3168735066613,-5.248037679327211,0 120.3165255457927,-5.248262480782108,0 120.3160794192871,-5.248236841627638,0 120.3157392778467,-5.248218913481484,0 120.3155373230994,-5.248389807829021,0 120.3152117971561,-5.248788175295797,0 120.3149402569883,-5.249249122982972,0 120.314522840752,-5.249481355906058,0 120.3140384490934,-5.24950261634772,0 120.3137285618398,-5.249382033788974,0 120.313360732369,-5.249057120787245,0 120.3129499338148,-5.249191250837777,0 120.3125295747494,-5.249306900936193,0 120.3121511051622,-5.249457995603398,0 120.3118854453355,-5.249740816824978,0 
						</coordinates>
					</LineString>
				</Placemark>
				<Placemark>
					<name>LINE OUT MARBO / REC MARANA / LBS TAKALALA / FCO PATTONGKO - FCO PAKKA</name>
					<visibility>0</visibility>
					<description>5.22kms AAAC 3x70mm</description>
					<styleUrl>#msn_ylw-pushpin142</styleUrl>
					<LineString>
						<tessellate>1</tessellate>
						<coordinates>
							120.3089191475886,-5.230807180617033,0 120.3092137659258,-5.231142149241625,0 120.3092328308018,-5.231496791750601,0 120.3098990524334,-5.231807705637086,0 120.310320513995,-5.232113051809856,0 120.3106823063578,-5.232461003247687,0 120.3109149448408,-5.232780867478098,0 120.3110276573513,-5.233253423167417,0 120.3108602135978,-5.233845631536262,0 120.3109026902351,-5.23421968366134,0 120.311272421025,-5.234510283265755,0 120.3117968989834,-5.234522387526376,0 120.312268089768,-5.23464924490913,0 120.3127455584986,-5.234821471871723,0 120.31320639556,-5.235021691041666,0 120.3135224245909,-5.235330061924571,0 120.3137972481177,-5.235698349108086,0 120.3141295169819,-5.236035654103924,0 120.3144457347526,-5.236221417083367,0 120.3149330750088,-5.236337286276155,0 120.3153596204344,-5.236461648709979,0 120.3158026267494,-5.236623862698242,0 120.3162366464643,-5.236771573134122,0 120.316670073636,-5.236906684984248,0 120.3170066788115,-5.237068869648961,0 120.3173030221945,-5.237397830060083,0 120.317583725216,-5.237853198250354,0 120.3178179721915,-5.238102889990772,0 120.3180190980129,-5.23842830513152,0 120.3182021446082,-5.238675665936324,0 120.3183701493384,-5.238887576326709,0 120.3188829083889,-5.239764222289565,0 120.3189917108396,-5.240152479567053,0 120.3190463280284,-5.240649255782759,0 120.3190914006364,-5.241010064821498,0 120.3191664657006,-5.241422449192503,0 120.3192125393782,-5.241868052903159,0 120.3193197077376,-5.24233640286972,0 120.319522025948,-5.242714245538142,0 120.3195751009109,-5.243143790622987,0 120.3198270578522,-5.243508727708039,0 120.320079808919,-5.243902334724182,0 120.32027375223,-5.244317146143598,0 120.3204845727901,-5.244714188650589,0 120.3207516358504,-5.245155258427887,0 120.3209848928276,-5.245480765300953,0 120.3211702420073,-5.245991935392216,0 120.3214190912662,-5.246348575650727,0 120.3218752094109,-5.246743799165784,0 120.3221903987571,-5.247053348223869,0 120.3223381679488,-5.247427083475944,0 120.322488579769,-5.247860425041885,0 120.3226367713363,-5.248412537727846,0 120.3227195068917,-5.248808664720572,0 120.3229278049141,-5.249214876408659,0 120.3231913856896,-5.249632127517797,0 120.3233657186766,-5.249977171516212,0 120.3235732637468,-5.250394189909063,0 120.3237115320673,-5.250746507245423,0 120.3238151597099,-5.251370765852476,0 120.3238724946954,-5.251676086725585,0 120.3239620691343,-5.252085263264683,0 120.3240136707405,-5.252529044504638,0 120.3242107050226,-5.253082043824329,0 120.3243538925035,-5.253753787121473,0 120.3244343322955,-5.254358404923434,0 120.3244997925799,-5.254998021239514,0 120.3245529500952,-5.255498554129931,0 120.3245917183413,-5.255985122339833,0 120.3246400231474,-5.25658195394026,0 120.3248519336014,-5.257183080034202,0 120.3251056079339,-5.257731034840092,0 120.3253109969469,-5.258410021120989,0 120.3253911287724,-5.259218346643359,0 120.325492240086,-5.259716135175549,0 120.3256294111139,-5.260337017420019,0 120.3257622362978,-5.261170222726578,0 120.3258288279529,-5.261850046073094,0 120.3259711999721,-5.26255299141404,0 120.3260952275239,-5.263329576728136,0 120.3261653174232,-5.263880800256501,0 120.3262821401771,-5.264572484287367,0 120.3263647185868,-5.265221761249834,0 120.3265047043451,-5.265838454177785,0 120.3265610203979,-5.266528586310994,0 120.3266542774831,-5.267231727068287,0 120.3267606437951,-5.26798303576029,0 120.3268492686652,-5.268650748567448,0 120.326928513323,-5.26932086776041,0 120.3270157768495,-5.269970708307958,0 120.3271974873144,-5.270624021509224,0 
						</coordinates>
					</LineString>
				</Placemark>
				<Placemark>
					<name>LINE OUT MARBO / REC MARANA / LBS TAKALALA - PERTIGAAN DESA BUA</name>
					<visibility>0</visibility>
					<description>1.22KMS AAAC 3x70mm</description>
					<styleUrl>#msn_ylw-pushpin142</styleUrl>
					<LineString>
						<tessellate>1</tessellate>
						<coordinates>
							120.3107074282513,-5.223605828545973,0 120.3108376430777,-5.224218440755388,0 120.3106042897527,-5.22462317209702,0 120.3102898354168,-5.22506743211871,0 120.3099964546028,-5.225425081550664,0 120.3096259220752,-5.225933337803587,0 120.3095957323483,-5.227756336328912,0 120.309597398584,-5.228022257236735,0 120.3099804674076,-5.228265498193506,0 120.3105921879948,-5.228655498305561,0 120.3107227375261,-5.22906053661283,0 120.3109397651145,-5.229621705342814,0 120.311192482678,-5.2300726166862,0 120.3114043580561,-5.2306086149045,0 120.310912748444,-5.231184008178974,0 120.3105840337487,-5.231174324430524,0 120.3100685320981,-5.231042837847003,0 120.3097592959956,-5.230935476585471,0 120.3094430186005,-5.230834243024299,0 120.3091839292996,-5.230623027528985,0 120.3089195960777,-5.230806012914082,0 
						</coordinates>
					</LineString>
				</Placemark>
				<Placemark>
					<name>LINE OUT MARBO / JEMBATAN TUI - LBS BATU LAPPA</name>
					<visibility>0</visibility>
					<description>0.60kms AAAC 3x70mm</description>
					<styleUrl>#msn_ylw-pushpin142</styleUrl>
					<LineString>
						<tessellate>1</tessellate>
						<coordinates>
							120.2492933359312,-5.135039402465044,0 120.2496183367632,-5.13540143760982,0 120.2501211386797,-5.135801430926796,0 120.2505191294012,-5.136040302405719,0 120.2507279225176,-5.136293521794742,0 120.2511153835541,-5.136559701055397,0 120.2518433427481,-5.136714614616161,0 120.2525666555019,-5.136710836833135,0 120.2530864845233,-5.136759062847014,0 120.2535143113523,-5.136703829602906,0 120.2534037008664,-5.137242574636616,0 
						</coordinates>
					</LineString>
				</Placemark>
				<Placemark>
					<name>LINE OUT MARBO / LBS BATU LAPPA - UJUNG Arah Barat</name>
					<visibility>0</visibility>
					<description>1.51kms AAAC 3x70mm</description>
					<styleUrl>#msn_ylw-pushpin142</styleUrl>
					<LineString>
						<tessellate>1</tessellate>
						<coordinates>
							120.2534048351192,-5.13723746692361,0 120.2533520504153,-5.137821285175879,0 120.2530334029216,-5.138144174472211,0 120.2526763304261,-5.138546820402272,0 120.2525068380814,-5.138810494901564,0 120.2523924913554,-5.13920251278548,0 120.2521923171523,-5.139584506484484,0 120.2520066532697,-5.139956939396724,0 120.2517333997309,-5.140356324123929,0 120.2512918805669,-5.140824938905679,0 120.2509476845254,-5.141102673943065,0 120.2505531693024,-5.141410257992828,0 120.2501748108554,-5.141651222264499,0 120.2497063775751,-5.141974890902947,0 120.2493768442118,-5.142100382678766,0 120.2489007060153,-5.142203146882578,0 120.2486215574107,-5.14227792039749,0 120.248144592729,-5.142117545880546,0 120.2476645061853,-5.141920937835001,0 120.2473223063034,-5.141844081280864,0 120.2469492558058,-5.141847084749466,0 120.2466217561968,-5.141828961903294,0 120.246031278404,-5.141789400825056,0 120.2455651258904,-5.142033909973069,0 120.2450769945402,-5.142121144733228,0 120.2446184667186,-5.14216649655482,0 120.244196086239,-5.141877025916569,0 120.2439141785519,-5.141494119620758,0 120.2436023231613,-5.141240614807643,0 120.2433023168195,-5.140970256542733,0 120.243092032413,-5.140671178280465,0 
						</coordinates>
					</LineString>
				</Placemark>
				<Placemark>
					<name>LINE OUT MARBO / LBS BATU LAPPA /ASPAN PERTIGAAN DN BATULAPPA - UJUNG Arah ke DOMPILI</name>
					<visibility>0</visibility>
					<description>0.76kms AAAC 3x70mm</description>
					<styleUrl>#msn_ylw-pushpin142</styleUrl>
					<LineString>
						<tessellate>1</tessellate>
						<coordinates>
							120.2466214709569,-5.141828894056323,0 120.2464271214509,-5.142072719131343,0 120.2464956348332,-5.142556936747576,0 120.2462746106792,-5.142908481555718,0 120.2460852896821,-5.143276536572825,0 120.2458527250343,-5.143675256928129,0 120.2455913128969,-5.144219291157142,0 120.2454274238199,-5.14480101068482,0 120.2452397215056,-5.14518003687749,0 120.2450406624816,-5.145673022539654,0 120.2449128235241,-5.146059712214978,0 120.2450130097299,-5.146576139301022,0 120.244903430812,-5.147003756904602,0 120.2447872635695,-5.147447388339828,0 120.2448355251421,-5.147741678240933,0 120.2447886970568,-5.148197440524923,0 
						</coordinates>
					</LineString>
				</Placemark>
				<Placemark>
					<name>LINE OUT MARBO / LBS BATU LAPPA /ASPAN PERTIGAAN BTN LAMBASSANG - UJUNG BTN LAMBASSANG</name>
					<visibility>0</visibility>
					<description>0.18KMS AAAC 3x70mm</description>
					<styleUrl>#msn_ylw-pushpin142</styleUrl>
					<LineString>
						<tessellate>1</tessellate>
						<coordinates>
							120.2454271709828,-5.144806258415571,0 120.2460207927381,-5.144957592703552,0 120.2463035879966,-5.145349370811913,0 120.2466451837545,-5.145746141716491,0 
						</coordinates>
					</LineString>
				</Placemark>
				<Placemark>
					<name>LINE OUT MARBO / LBS BATU LAPPA / FCO BONTO PALE</name>
					<visibility>0</visibility>
					<description>0.80KMS AAAC 3x70mm</description>
					<styleUrl>#msn_ylw-pushpin142</styleUrl>
					<LineString>
						<tessellate>1</tessellate>
						<coordinates>
							120.253347611427,-5.137821363267969,0 120.2536273576535,-5.138211461808378,0 120.2537269630077,-5.13863061353041,0 120.2537322890609,-5.139137652642802,0 120.2538263176365,-5.139569184735906,0 120.253911204426,-5.140103380164414,0 120.2540822985281,-5.140468949880321,0 120.2540434228777,-5.140708479858846,0 120.2541994775454,-5.141147800944013,0 120.2542807678988,-5.141633600020494,0 120.2544197505818,-5.141852558369558,0 120.2545455416206,-5.142508743965094,0 120.2546179018422,-5.143055512758434,0 120.2546978720856,-5.143340575817391,0 120.2548102470479,-5.143780381793307,0 120.2548101683731,-5.143839614680155,0 120.2549545753496,-5.144266458969067,0 120.2551482335202,-5.144605076010114,0 
						</coordinates>
					</LineString>
				</Placemark>
				<Placemark>
					<name>LINE OUT MARBO / ASPAN PERTIGAAN POROS MARBO Ujung arah LBSM TUI</name>
					<visibility>0</visibility>
					<description>0.94KMS AAAC 3x70mm</description>
					<styleUrl>#msn_ylw-pushpin142</styleUrl>
					<LineString>
						<tessellate>1</tessellate>
						<coordinates>
							120.2535142797137,-5.136707366188517,0 120.2540673616384,-5.13673247144595,0 120.2545216302168,-5.136707017895926,0 120.2551063927702,-5.136697088203214,0 120.2555245165415,-5.136695380359066,0 120.255991744345,-5.136693804167243,0 120.256517869302,-5.136693867573631,0 120.2569803938014,-5.136803054920227,0 120.2574526873549,-5.137007043873964,0 120.2579145297982,-5.13716326834346,0 120.2583818063982,-5.137314238054754,0 120.2588534772721,-5.137519304960468,0 120.2593332666486,-5.137699222264676,0 120.2598216364414,-5.138063975428738,0 120.2596756858711,-5.137636960845317,0 120.2594825031983,-5.137178700936388,0 120.2594420057765,-5.137005107638936,0 120.2593574877712,-5.136692784996866,0 120.2592000961176,-5.136261155563602,0 
						</coordinates>
					</LineString>
				</Placemark>
				<Placemark>
					<name>LINE OUT MARBO/ PLG pabrik es</name>
					<visibility>0</visibility>
					<description>0.02kms AAAC 3x70</description>
					<styleUrl>#msn_ylw-pushpin142</styleUrl>
					<LineString>
						<tessellate>1</tessellate>
						<coordinates>
							120.255519792751,-5.136694529041284,0 120.255609418151,-5.136856642013432,0 
						</coordinates>
					</LineString>
				</Placemark>
				<Placemark>
					<name>SKTM OUT MARBO</name>
					<visibility>0</visibility>
					<description>XLPE 240</description>
					<styleUrl>#msn_ylw-pushpin142</styleUrl>
					<LineString>
						<tessellate>1</tessellate>
						<coordinates>
							120.2502944683331,-5.121097591227827,0 120.2503286772997,-5.121105786869156,0 120.2503374296588,-5.121057882637862,0 120.2504355268534,-5.121075770178591,0 120.2504446932665,-5.121008936113129,0 
						</coordinates>
					</LineString>
				</Placemark>
				<Placemark>
					<name>DS OUT MARBO - PERTIGAAN JEMBATAN MARBO</name>
					<visibility>0</visibility>
					<description>2KMS AAAC 3x70mm</description>
					<styleUrl>#msn_ylw-pushpin142</styleUrl>
					<LineString>
						<tessellate>1</tessellate>
						<coordinates>
							120.2504395702889,-5.121005495326696,0 120.2509750046957,-5.121068108796825,0 120.251473685515,-5.121188311881508,0 120.2517354440649,-5.12113897113071,0 120.252111994815,-5.121258633901853,0 120.2525088201505,-5.121363908904477,0 120.2528854125613,-5.121515312979477,0 120.2531447261975,-5.121570903997813,0 120.2535580818918,-5.121706943193372,0 120.2538771847458,-5.12181434703826,0 120.2542422375376,-5.121926232232067,0 120.2545888796179,-5.12204982236821,0 120.2547327060585,-5.122209827820003,0 120.254580425823,-5.122576542364116,0 120.2544497098677,-5.122889520456121,0 120.2542539880796,-5.123404837823408,0 120.2540031907004,-5.123837549131649,0 120.2538467434897,-5.124213198216488,0 120.2536634446128,-5.124613054187234,0 120.2534642476954,-5.125107723697387,0 120.2531002352743,-5.125842676221139,0 120.2529832348618,-5.126152391517579,0 120.252746421758,-5.126746160195411,0 120.2525957067337,-5.127140744760321,0 120.2524122710234,-5.127517653840493,0 120.2522344087793,-5.127939831014624,0 120.2520339968167,-5.128341917007376,0 120.2519006435375,-5.128754606636437,0 120.2516969567622,-5.129206487112199,0 120.2514361425617,-5.129809979523492,0 120.2513013910693,-5.13014346302457,0 120.2511314915485,-5.130483908546651,0 120.2509472957091,-5.130874441198192,0 120.2507743834676,-5.131227363398381,0 120.2505880649402,-5.131671742948047,0 120.2502864776296,-5.132393044476496,0 120.2501288513592,-5.132751328732184,0 120.2499909662163,-5.133063204519907,0 120.2498361199435,-5.133456569177699,0 120.2497019181617,-5.133875478345962,0 120.2494874213196,-5.134411269791167,0 120.2492964199832,-5.135029867611501,0 
						</coordinates>
					</LineString>
				</Placemark>
				<Placemark>
					<name>LINE OUT MARBO / ASPAN PERTIGAAN PUSKESMAS SAMATARING - REC MARANA</name>
					<visibility>0</visibility>
					<description>5.1KMS AAAC 3x70mm</description>
					<styleUrl>#msn_ylw-pushpin142</styleUrl>
					<LineString>
						<tessellate>1</tessellate>
						<coordinates>
							120.2598204626607,-5.138061217275506,0 120.2599564690515,-5.138521244043826,0 120.2600641879814,-5.138850026612882,0 120.2602884534692,-5.13935823154638,0 120.2604454664585,-5.139837053365652,0 120.2605839502239,-5.140294116684042,0 120.2607392588577,-5.140696935138189,0 120.2609149238778,-5.14117817597777,0 120.2610718593841,-5.141694666036738,0 120.2612425941406,-5.142114028126203,0 120.2613910303315,-5.142556697069945,0 120.2615498410029,-5.143030488840571,0 120.2616895458351,-5.143426668009433,0 120.2619005023356,-5.144051820225205,0 120.2620034755379,-5.144394145237301,0 120.2621923450484,-5.144884362517597,0 120.2623054246101,-5.145314886359264,0 120.2624678711328,-5.145742308378908,0 120.2626072591511,-5.146194793039058,0 120.2627924523033,-5.146615606435517,0 120.2629683425168,-5.147103475746981,0 120.2632254211368,-5.147716577447602,0 120.2632690243692,-5.148098980927997,0 120.2633949183552,-5.148521699068741,0 120.2635825275156,-5.149026670812444,0 120.2637347445556,-5.149445507951186,0 120.2638930210064,-5.149925457994171,0 120.2640554605199,-5.150367681325204,0 120.264263271272,-5.150929117399364,0 120.2644060722721,-5.151306876211771,0 120.2645640835519,-5.151784884981268,0 120.2647231241169,-5.152240427372059,0 120.2648703630939,-5.152648911142537,0 120.2649995975267,-5.15316547751026,0 120.2651725267819,-5.153590122186175,0 120.2653425129143,-5.154075058342725,0 120.2654961997102,-5.154592961258959,0 120.2656408865409,-5.155001791903622,0 120.2658049240731,-5.15549532297225,0 120.2659882429517,-5.155950149779724,0 120.2661590813556,-5.156497378931748,0 120.2663483831074,-5.156950906975336,0 120.2665010055383,-5.157469505835118,0 120.2666760488284,-5.157875541179227,0 120.266849236228,-5.158299371614598,0 120.2670384808229,-5.158733399306488,0 120.2673435687491,-5.159268592210398,0 120.2675360904774,-5.159759968203896,0 120.2677343634189,-5.160263086066856,0 120.2678840386756,-5.160652391215402,0 120.2680971874201,-5.161122120653955,0 120.2682468974577,-5.161596622299586,0 120.2683880185618,-5.162049653008278,0 120.2684665353604,-5.162514958753945,0 120.2685578380205,-5.162845785085165,0 120.2687156460258,-5.163279763249458,0 120.2687617916202,-5.163791129013819,0 120.2688482907415,-5.164261811010532,0 120.268974694555,-5.164719909976034,0 120.2690927985504,-5.165122747380127,0 120.2691759382244,-5.165615755503125,0 120.2692752165553,-5.166047134003359,0 120.2693624700564,-5.166444009016787,0 120.2694521599325,-5.166908646208006,0 120.2695518728667,-5.167404560283021,0 120.2697190137904,-5.167965059377445,0 120.2700618790356,-5.168218890469053,0 120.2703567771141,-5.168386224551461,0 120.2706822870903,-5.168576849632371,0 120.2710078955233,-5.168773088791281,0 120.2714005196241,-5.168999606696874,0 120.2721403226407,-5.16930981108777,0 120.2727007196029,-5.169618987767409,0 120.2731165682866,-5.169952883023439,0 120.2738432719059,-5.170535526336836,0 120.2741236822501,-5.170830851043197,0 120.2743761287976,-5.171265950573663,0 120.2746136191478,-5.171622381271412,0 120.2748769930102,-5.172027893051719,0 120.2750482146138,-5.172402846692904,0 120.2752516202238,-5.172796878970338,0 120.2753687955397,-5.173223082212328,0 120.2755208828851,-5.17369078316895,0 120.2756454513124,-5.17411158670317,0 120.2757856256269,-5.174562763762784,0 120.2759098644102,-5.174975613705369,0 120.2760084944076,-5.175413982448478,0 120.2761321448498,-5.175876861364921,0 120.276204763019,-5.17628067990232,0 120.276313883777,-5.176762648292312,0 120.2764211425441,-5.17716606038367,0 120.27654355513,-5.17763833346859,0 120.2766695439184,-5.178076763294792,0 120.2767636310777,-5.178490719778653,0 120.2768453351677,-5.178919910648997,0 120.2769637566949,-5.179398500854615,0 
						</coordinates>
					</LineString>
				</Placemark>
				<Placemark>
					<name>LINE OUT MARBO / PERCAB FCO BABANA</name>
					<visibility>0</visibility>
					<description>1.14KMS AAAC 3x70mm</description>
					<styleUrl>#msn_ylw-pushpin142</styleUrl>
					<LineString>
						<tessellate>1</tessellate>
						<coordinates>
							120.2687231831492,-5.163279305005466,0 120.2692491304405,-5.1631956289047,0 120.2696472436379,-5.163102913260229,0 120.2701677523697,-5.162878179460931,0 120.2705989640194,-5.162587931496207,0 120.2709339680103,-5.162346760413042,0 120.2712491678694,-5.162102273699735,0 120.2716245927486,-5.161811732037445,0 120.2719068231216,-5.161600388577825,0 120.2722219822913,-5.161372795719081,0 120.2726064400906,-5.161098746352666,0 120.2730236244651,-5.160997085323985,0 120.2731124612642,-5.160566943659466,0 120.2731420395819,-5.160241948774976,0 120.2731527487313,-5.159818913167474,0 120.2733149222604,-5.159334358537754,0 120.2733974122635,-5.158847257677271,0 120.2735264530021,-5.158445529494281,0 120.2736060548525,-5.158041939057332,0 120.2731915395853,-5.157826199749996,0 120.2734199162425,-5.157387231899068,0 120.2736459198599,-5.156939738795794,0 120.2738162162048,-5.156494496112906,0 120.2739412885035,-5.156113660730687,0 
						</coordinates>
					</LineString>
				</Placemark>
				<Placemark>
					<name>LINE OUT MARBO / PERCAB FCO BABANA / ARAH KE BTN BABANA</name>
					<visibility>0</visibility>
					<description>0.08KMS AAAC 3x70mm</description>
					<styleUrl>#msn_ylw-pushpin142</styleUrl>
					<LineString>
						<tessellate>1</tessellate>
						<coordinates>
							120.2731956468741,-5.157826400626427,0 120.2730522071047,-5.157879224604671,0 120.2727459741894,-5.157871305255568,0 120.2724780112426,-5.157849610389569,0 
						</coordinates>
					</LineString>
				</Placemark>
				<Placemark>
					<name>LINE OUT MARBO / PERCAB FCO BARINGENG</name>
					<visibility>0</visibility>
					<description>0.28 AAACS 3x70mm</description>
					<styleUrl>#msn_ylw-pushpin142</styleUrl>
					<LineString>
						<tessellate>1</tessellate>
						<coordinates>
							120.27311778387,-5.169950435217388,0 120.2734599665951,-5.16980284378499,0 120.2739420652528,-5.169632138234206,0 120.2743205141432,-5.169486464361263,0 120.274736438475,-5.169337715399723,0 120.2754884937174,-5.168986517109297,0 
						</coordinates>
					</LineString>
				</Placemark>
				<Placemark>
					<name>LINE OUT MARBO / PERCAB FCO BARINGENG / Arah ke Tambak udang</name>
					<visibility>0</visibility>
					<description>0.51kms AAACS 3x70mm</description>
					<styleUrl>#msn_ylw-pushpin0</styleUrl>
					<LineString>
						<tessellate>1</tessellate>
						<coordinates>
							120.2733323572753,-5.16985170050203,0 120.273344083282,-5.16954380437953,0 120.2733913985665,-5.169150708413538,0 120.2734550165712,-5.168695630885576,0 120.2735004947759,-5.168226003880331,0 120.2735519348725,-5.167848375845699,0 120.2735744307844,-5.167471480642427,0 120.2736415228806,-5.16700049853063,0 120.2736593340471,-5.166511614777737,0 120.2736745511641,-5.166104937663178,0 120.2736885481571,-5.165645601621201,0 120.2737119728371,-5.165266336586678,0 
						</coordinates>
					</LineString>
				</Placemark>
				<Placemark>
					<name>LINE OUT MARBO / REC MARANA - LBS TAKALALA</name>
					<visibility>0</visibility>
					<description>6.96 KMS AAAC 3x70mm</description>
					<styleUrl>#msn_ylw-pushpin142</styleUrl>
					<LineString>
						<tessellate>1</tessellate>
						<coordinates>
							120.2769605697737,-5.179405575496425,0 120.2771285661571,-5.179944563791191,0 120.27727867188,-5.18042573873891,0 120.277420383013,-5.180949507336642,0 120.2776264716151,-5.181477075504874,0 120.277792818951,-5.182012453065302,0 120.2779557689644,-5.182482624803701,0 120.2781096013691,-5.183016419105702,0 120.2782986584102,-5.183508884642483,0 120.2785416870339,-5.184074502664802,0 120.2787886466265,-5.184619460417515,0 120.2791244256921,-5.185225614541464,0 120.279402800328,-5.185739675006618,0 120.2796200484322,-5.186059972243292,0 120.2798145240184,-5.186339271546661,0 120.2801133544578,-5.186735364793063,0 120.2803850233953,-5.187079784183415,0 120.2806537450712,-5.187427054681907,0 120.2809483733716,-5.187785012796509,0 120.2812383878835,-5.188198607386165,0 120.2815758126263,-5.188652942281182,0 120.2819462206925,-5.189137833848477,0 120.2823545060295,-5.189653457012049,0 120.2827175875374,-5.190143305031972,0 120.2831424200322,-5.190654422757516,0 120.2834992042495,-5.191169664259454,0 120.2838758072106,-5.191707554798316,0 120.284252319941,-5.19220322557671,0 120.2846086356052,-5.192695995191047,0 120.284961735537,-5.193205515177606,0 120.2851872948147,-5.193602596081478,0 120.2854870508477,-5.194053700731721,0 120.2856946985239,-5.194328978664193,0 120.2859720265517,-5.194709026416194,0 120.2862287653591,-5.19513156564868,0 120.2864712738478,-5.195472760199764,0 120.2867689808964,-5.195837533130831,0 120.2870004999797,-5.196200880329125,0 120.287248711718,-5.196541226515145,0 120.2874878504091,-5.196895409268171,0 120.2877256929086,-5.197357101102209,0 120.2878735559714,-5.197808737919791,0 120.2879461724096,-5.198431529999199,0 120.2880462806573,-5.198802850067635,0 120.288137197432,-5.19920810122711,0 120.2880588722759,-5.199655124509308,0 120.2879892686481,-5.200039266121453,0 120.2879106491396,-5.20046581773571,0 120.2877732859631,-5.200869344483991,0 120.2876544373288,-5.201271686475066,0 120.2874784682373,-5.201751593177748,0 120.2874480949106,-5.202080065183418,0 120.2875419553499,-5.202582811906577,0 120.2877125216582,-5.20295862717251,0 120.2880693962014,-5.203367057124251,0 120.2883107662069,-5.203726936800764,0 120.2886607011082,-5.204141117455928,0 120.2887059281864,-5.204217782763002,0 120.288925879612,-5.204459767171647,0 120.2892492376897,-5.204830170714179,0 120.2895003084361,-5.205093661896969,0 120.2897632976916,-5.205523682294364,0 120.2898909350138,-5.205876268612091,0 120.2900213561231,-5.206300434724782,0 120.2901542892794,-5.206716877487225,0 120.2904614951791,-5.207176525371847,0 120.2905702408441,-5.20757842920605,0 120.290748481537,-5.207944068652291,0 120.2909238339032,-5.208374377758466,0 120.2912644127608,-5.208698244009622,0 120.291547312734,-5.209020676193609,0 120.291701158045,-5.209437685518855,0 120.2918887649078,-5.209761163533641,0 120.2921281381253,-5.210144404904156,0 120.292369804944,-5.210419670844092,0 120.2927361477962,-5.210760601202002,0 120.2930867566817,-5.211110858073803,0 120.2933857977315,-5.211496834470193,0 120.2936607126241,-5.211883085360662,0 120.2939054870225,-5.212147111100077,0 120.2942461970448,-5.212479744841624,0 120.2945743798399,-5.212676881108679,0 120.2950189242405,-5.212884966199029,0 120.2954375425502,-5.213117248039301,0 120.2958001275482,-5.213341114749986,0 120.2961875474272,-5.213592623138509,0 120.2965358935759,-5.21385232377099,0 120.2969671628447,-5.214223302664127,0 120.2972780108069,-5.214495966680276,0 120.297674576159,-5.214668463368698,0 120.2979595027899,-5.21476869156145,0 120.2982804738502,-5.214863395364415,0 120.2985917705166,-5.214919590553029,0 120.2990037099825,-5.214919496301896,0 120.2995456813524,-5.214863417593615,0 120.299935442034,-5.214958462463681,0 120.3003705902425,-5.215144635236729,0 120.3008819143108,-5.215389393112959,0 120.301340059061,-5.215553252849062,0 120.301719733819,-5.215645879997237,0 120.3022633683341,-5.215611983910776,0 120.3027281737842,-5.215467303730668,0 120.303196411819,-5.215314979587347,0 120.3036742809171,-5.215332510785444,0 120.3038313072905,-5.215539800482818,0 120.304223243543,-5.215934112333168,0 120.3046607083188,-5.215932259264456,0 120.3051544372938,-5.216011718321043,0 120.3054682842427,-5.216128238932875,0 120.3057467951251,-5.216546934578946,0 120.3060177193122,-5.217090529691738,0 120.3060180737806,-5.217591828033084,0 120.3059591852556,-5.217983301369142,0 120.3060957735631,-5.218203605426329,0 120.3062174057935,-5.218760034500688,0 120.3063254429243,-5.219224947668039,0 120.3065303824253,-5.219683870314261,0 120.3068983694608,-5.220051078894253,0 120.3071748372561,-5.220243588367252,0 120.3074872210505,-5.220543564642163,0 120.3078441511969,-5.220721201356131,0 120.3082181273284,-5.22073137659515,0 120.3086596543003,-5.220784405285719,0 120.3091771492436,-5.22089085858033,0 120.309643353479,-5.220943608067644,0 120.3101326585417,-5.22122834332849,0 120.3102953804743,-5.221716946831291,0 120.3105030474605,-5.222587446801465,0 120.310583709396,-5.223043614116147,0 120.31070441328,-5.223606095878194,0 120.3103974601541,-5.22214205761004,0 
						</coordinates>
					</LineString>
				</Placemark>
				<Placemark>
					<name>LINE OUT MARBO / REC MARANA / LBS TAKALALA - PERTIGAAN DESA BUA / FCO TURUNENG</name>
					<visibility>0</visibility>
					<description>2 KMS AAACS 3x70mm</description>
					<styleUrl>#msn_ylw-pushpin142</styleUrl>
					<LineString>
						<tessellate>1</tessellate>
						<coordinates>
							120.3095985675711,-5.228017648981817,0 120.3091248235074,-5.227920728807706,0 120.3087081840676,-5.22781063892475,0 120.3082689371826,-5.227800989674846,0 120.3078557416572,-5.227787942309628,0 120.3073726759306,-5.227824575395863,0 120.3069618516963,-5.227700897474814,0 120.3065258933086,-5.227767509892587,0 120.3060620514669,-5.227750196351266,0 120.3056415274741,-5.227761144533643,0 120.3052115910569,-5.227654306652399,0 120.3048058521395,-5.227534386103095,0 120.3043540627006,-5.227688789362578,0 120.304041046357,-5.227978525811189,0 120.3037955316577,-5.228345067328553,0 120.3036344790711,-5.228782439453465,0 120.3033777833702,-5.229157322777286,0 120.3029588021711,-5.229242947061614,0 120.3024425759802,-5.229193859108598,0 120.3021163002176,-5.228938727559526,0 120.3017809463143,-5.228699160436516,0 120.30126763646,-5.228653213342023,0 120.3008887349622,-5.228685696378143,0 120.3004267076541,-5.228661582490815,0 120.3002729165775,-5.228250405365092,0 120.2999860848588,-5.227815835065265,0 120.2996740123298,-5.227623066782423,0 120.2993945254499,-5.227891691271217,0 120.2989844056058,-5.228086027386201,0 120.2985624286368,-5.228250012517312,0 120.2981198373817,-5.228388217726622,0 120.2976730035878,-5.228398271655364,0 120.2971921660971,-5.228431620076903,0 120.2968068094236,-5.228600068208066,0 120.2963530567892,-5.228834404426928,0 120.2958509889946,-5.229011178283343,0 120.2955315976624,-5.228703610773334,0 120.2951628048364,-5.228395373338572,0 120.2948985587645,-5.228080539151452,0 120.294570041008,-5.227788189910539,0 120.2941869030365,-5.227558022970967,0 120.29397605406,-5.22711671912438,0 
						</coordinates>
					</LineString>
				</Placemark>
				<Placemark>
					<name>LINE OUT MARBO / REC MARANA / LBS TAKALALA / FCO PATTONGKO / FCO PAKKA - FCO TALISE</name>
					<visibility>0</visibility>
					<description>2.28kms AAAC 3x70mm</description>
					<styleUrl>#msn_ylw-pushpin142</styleUrl>
					<LineString>
						<tessellate>1</tessellate>
						<coordinates>
							120.3271987118608,-5.270622457243569,0 120.3274126447681,-5.271222021567121,0 120.327713692417,-5.271734006881208,0 120.328034161538,-5.272203369795947,0 120.3284909827993,-5.272612771328495,0 120.3290319500093,-5.273085953697308,0 120.329478468565,-5.273545188973181,0 120.3298825006719,-5.273957935519166,0 120.3301724346836,-5.274483557732904,0 120.3304259707754,-5.275106532498817,0 120.330588870628,-5.275804263492418,0 120.3306926153695,-5.27619325958796,0 120.3307793122174,-5.276564796203923,0 120.3309454209781,-5.277044589947796,0 120.3312543584902,-5.277665103070769,0 120.3314013582666,-5.278045302268334,0 120.3315521353299,-5.278643889032608,0 120.3317561484643,-5.279107504781662,0 120.3320575257195,-5.279592088130419,0 120.3324253225859,-5.280242142239441,0 120.3325866925841,-5.280805316273782,0 120.3327663586194,-5.281423412135736,0 120.3329295875417,-5.28225702738498,0 120.3331768685505,-5.282834512990981,0 120.3333898266929,-5.283198538130907,0 120.3333163465397,-5.283575709678398,0 120.3332922136347,-5.284106160080484,0 120.3333172342445,-5.284777037290223,0 120.3332387437485,-5.285340150547855,0 120.3331352323879,-5.285789979637741,0 120.3330812979701,-5.286214519003918,0 120.3330277616802,-5.286812845720189,0 120.3329241929779,-5.287234887356787,0 120.3327598283932,-5.287717484950221,0 120.3327526182344,-5.288150441843914,0 120.3328154222779,-5.28861820158544,0 120.332815866144,-5.289110610330908,0 120.3324697344994,-5.289223067910933,0 
						</coordinates>
					</LineString>
				</Placemark>
				<Placemark>
					<name>LINE OUT MARBO / REC MARANA / LBS TAKALALA / FCO PATTONGKO / FCO PAKKA / FCO TALISE</name>
					<visibility>0</visibility>
					<description>4.57KMS AAAC 3x70mm</description>
					<styleUrl>#msn_ylw-pushpin142</styleUrl>
					<LineString>
						<tessellate>1</tessellate>
						<coordinates>
							120.3324789807178,-5.289223536248741,0 120.3320248512996,-5.289381749944273,0 120.3315903046393,-5.289422272554537,0 120.3312199425047,-5.289097830388826,0 120.3307418833221,-5.288763381873557,0 120.3303972460951,-5.288576071977453,0 120.3299880070969,-5.288464862980642,0 120.3296383768863,-5.288421145513669,0 120.3293884986894,-5.288352962257746,0 120.3290502365188,-5.288336684571274,0 120.3286940085032,-5.288220153501299,0 120.3282013211708,-5.288150970974367,0 120.3278084506358,-5.288257432081995,0 120.3273476701004,-5.288605387583286,0 120.3269225768154,-5.28888033407294,0 120.3263804152765,-5.288873746233976,0 120.325904585609,-5.289084737810329,0 120.3253442915281,-5.289433986420271,0 120.3249497015714,-5.289840918378516,0 120.3246934811809,-5.290142374407699,0 120.3241995167729,-5.290161925972799,0 120.3240756485178,-5.290065807491335,0 120.3237154789567,-5.289813557933678,0 120.3233330551364,-5.289586414083272,0 120.3229937402784,-5.28918132403269,0 120.32262901677,-5.28902978087465,0 120.3221707458276,-5.288870933036844,0 120.3216569796176,-5.288692609191776,0 120.3211660419255,-5.288540745317534,0 120.320833684045,-5.288355583845945,0 120.3205384126131,-5.287951084141853,0 120.3202070635097,-5.287649656440593,0 120.3198172787018,-5.28773042232237,0 120.3194155735858,-5.287726105556947,0 120.3190281267219,-5.287599239477199,0 120.3187213223219,-5.287581877237394,0 120.31835143179,-5.287712191070044,0 120.3180539855008,-5.287997669211643,0 120.3177811222061,-5.288359595015829,0 120.3174545112403,-5.288591853565081,0 120.3169923747503,-5.288781841646109,0 120.316750464188,-5.289095533272724,0 120.3165738756203,-5.289406629624838,0 120.3167388376953,-5.289795167709751,0 120.3168889862417,-5.290095493246269,0 120.3166439412782,-5.290343979785523,0 120.3163218327872,-5.2905487090122,0 120.3160747445186,-5.290759177077131,0 120.3157173509766,-5.290815883776727,0 120.315613827682,-5.290467935761032,0 120.3156999827531,-5.290153462139916,0 120.3157619624156,-5.289634295152902,0 120.3155475267065,-5.289415787391587,0 120.3153022192311,-5.289240806508902,0 120.3149052596199,-5.288945880014364,0 120.3147170372972,-5.288699662648385,0 120.3144830886075,-5.288347956081718,0 120.3146808189402,-5.287827681555136,0 120.3147543588844,-5.287416438016467,0 120.3148587378201,-5.286916266325088,0 120.3148511838113,-5.286550409678627,0 120.314660608656,-5.28611437852611,0 120.3143660951704,-5.286016009164014,0 120.314132981057,-5.285968025702126,0 120.3138392418849,-5.285886429742612,0 120.3135175063542,-5.285784367413559,0 120.3130205429753,-5.285789246421366,0 120.3124859827615,-5.285811210380862,0 120.3119274745103,-5.285886485552553,0 120.3116863515439,-5.285664571374152,0 120.3113473062865,-5.28537324596522,0 120.3111768229016,-5.285214817242859,0 120.3109045642766,-5.285021323972858,0 120.3104351558987,-5.284844984313025,0 120.3101290780231,-5.284662538354786,0 120.3096984341949,-5.284599419471799,0 120.3092756224924,-5.284365596301453,0 120.3089455174606,-5.284052114667471,0 120.3086640763438,-5.283688906482541,0 120.3082737405133,-5.283405477694759,0 120.3078726690201,-5.28320848988978,0 120.3076279875551,-5.282976504906286,0 120.3072165924472,-5.282591531365089,0 120.306757088606,-5.28231171497326,0 120.306373890687,-5.282057072915216,0 120.3060238189431,-5.281704354192252,0 120.3057375725284,-5.281390141233825,0 120.3054981770099,-5.281097381490687,0 120.3051504638426,-5.280746508110556,0 120.3048625280482,-5.280282071184229,0 120.304627150389,-5.279816668105449,0 120.3043820037406,-5.27932186535489,0 120.3040999901512,-5.279089637303652,0 120.3036803726461,-5.278817698996535,0 120.3033822485798,-5.278601095815937,0 120.3029470364969,-5.278278893810822,0 120.3026912341493,-5.27807974195283,0 
						</coordinates>
					</LineString>
				</Placemark>
				<Placemark>
					<name>LINE OUT MARBO / REC MARANA / ASPAN DESA BUA - ASPAN FCO BANOA</name>
					<visibility>0</visibility>
					<description>3.89 AAAC 3x150mm</description>
					<styleUrl>#msn_ylw-pushpin142</styleUrl>
					<LineString>
						<tessellate>1</tessellate>
						<coordinates>
							120.3089300406201,-5.230809261847549,0 120.3086001301776,-5.230588736559345,0 120.3081544075698,-5.23057659117755,0 120.3078786637143,-5.230830369149244,0 120.3076404858963,-5.23111859783249,0 120.3073178024448,-5.231428824943794,0 120.3070339068788,-5.231759688543272,0 120.3067592584445,-5.232094587583801,0 120.3065379122089,-5.23252618349333,0 120.3065367838407,-5.232938404867261,0 120.3067208241397,-5.233358980539456,0 120.3065853048388,-5.23356382937233,0 120.3063005705535,-5.233626341898893,0 120.3060252342654,-5.233545736982067,0 120.3056717202346,-5.233539870554107,0 120.3052297639575,-5.233615747109457,0 120.3048622275955,-5.233874367883492,0 120.3045227726333,-5.234126895371309,0 120.3041693645124,-5.234294802631915,0 120.3037791493802,-5.234369843568614,0 120.3034253885087,-5.234542567844516,0 120.3032670213003,-5.234756287903243,0 120.3030737818875,-5.235024377123564,0 120.3028577268974,-5.23534750215895,0 120.3027402376566,-5.235552119485442,0 120.3026254157695,-5.235793764984851,0 120.3026785358979,-5.236219583631231,0 120.3026498281099,-5.236507473010072,0 120.3025581654365,-5.236644209241943,0 120.30239386589,-5.236701698588134,0 120.3021915640047,-5.236791949123162,0 120.3017130666833,-5.237191239984917,0 120.3013887596968,-5.23734641405906,0 120.3010676682376,-5.23743601161117,0 120.3005832582298,-5.237698090357513,0 120.3001458026829,-5.237984316571587,0 120.2999244641727,-5.23849192989127,0 120.2997879608559,-5.238860582232729,0 120.2996898701545,-5.239129676396363,0 120.2992422038109,-5.238986703260588,0 120.2989536190147,-5.238912770351301,0 120.2987058317416,-5.238934835815066,0 120.2983190273451,-5.238998845793234,0 120.2979168732468,-5.238923104508236,0 120.2976480951133,-5.238988039409058,0 120.2973491768348,-5.239301953392137,0 120.2970889765549,-5.239506705002221,0 120.2967906425608,-5.239618611971225,0 120.2965142785847,-5.239753772302564,0 120.2963205464341,-5.23994706554681,0 120.2963152738256,-5.24053392660015,0 120.2962815766761,-5.240939831721743,0 120.296176373292,-5.241345032491753,0 120.2959891422423,-5.24168443105445,0 120.2955207863721,-5.242053908229425,0 120.2954173534974,-5.242424023652112,0 120.2954354958824,-5.243172607293587,0 120.2954985084773,-5.243640485823708,0 120.2953867990671,-5.244052136369108,0 120.2951086589012,-5.244128324330534,0 120.2947630939881,-5.24418041049733,0 120.2944303176192,-5.244150693521665,0 120.2940378306958,-5.244221865856859,0 120.2936244231428,-5.244229028295844,0 120.2932202338377,-5.244375882523511,0 120.2928859007062,-5.244643422390663,0 120.2925878009898,-5.244994074239241,0 120.2927070763956,-5.245464982827034,0 120.2928141636264,-5.245758496545597,0 120.2928035040276,-5.246088929929916,0 120.2928902332204,-5.246399689387395,0 120.2929512835115,-5.246776148843608,0 120.2928579310548,-5.247103960835513,0 120.2926419619588,-5.247519617306329,0 120.2924193531549,-5.247777743508665,0 120.2921415431954,-5.248141317900981,0 120.2919075757699,-5.248498188892124,0 120.2916765845622,-5.248741947849826,0 120.2913095047233,-5.248823039656385,0 120.2909958488346,-5.248895068074778,0 120.2904851966912,-5.248735390815704,0 120.2900784306998,-5.248211221642588,0 120.2899079955182,-5.247968507853405,0 120.2897580145748,-5.247779135070108,0 120.2892112687014,-5.247323853850295,0 120.28922358388,-5.247323847069794,0 120.2891164912525,-5.246895163865442,0 120.2890639123615,-5.246615633228301,0 120.2890162478603,-5.246350897883667,0 120.2888474851894,-5.245837809844499,0 120.2886426803826,-5.24526927406036,0 
						</coordinates>
					</LineString>
				</Placemark>
				<Placemark>
					<name>LINE OUT MARBO / REC MARANA / PERCAB FCO PASISIKAN</name>
					<visibility>0</visibility>
					<description>2.83kms AAACS 3x70mm</description>
					<styleUrl>#msn_ylw-pushpin142</styleUrl>
					<LineString>
						<tessellate>1</tessellate>
						<coordinates>
							120.2921399375464,-5.248150895621737,0 120.2924916406089,-5.248474570024478,0 120.2929288158897,-5.248913210534351,0 120.293227151144,-5.249300195575188,0 120.2934914357226,-5.249605402036019,0 120.2940058364893,-5.249834488404826,0 120.2945080857741,-5.250039425650463,0 120.295186440298,-5.250562807587295,0 120.2945139701642,-5.2500370926267,0 120.2955889452913,-5.250813462912943,0 120.2960735688523,-5.251070237621015,0 120.2962457972685,-5.251595854388899,0 120.2963728242246,-5.252095992506768,0 120.2968073032216,-5.252358494638107,0 120.2972868925263,-5.252603637753834,0 120.2978354033574,-5.252857819298698,0 120.298214454737,-5.253209295380929,0 120.2986484145141,-5.253136262673453,0 120.2989670917401,-5.253083942639384,0 120.2994147646536,-5.253125294094741,0 120.2999633358496,-5.253126744831462,0 120.3003460952276,-5.252895555487866,0 120.3008969447048,-5.252450137584408,0 120.3013533425425,-5.252244492658767,0 120.3017499028033,-5.25227079241055,0 120.3020834033416,-5.25267880920524,0 120.3025333261609,-5.252959673107513,0 120.3027014634159,-5.253476580056819,0 120.3028826742952,-5.253933640172151,0 120.302981043892,-5.254334770630037,0 120.303214073593,-5.254737866415638,0 120.3036245364946,-5.254970611224648,0 120.3039348584126,-5.255386428934787,0 120.30422455186,-5.255634692765296,0 120.304684676407,-5.255888547065916,0 120.3051713093033,-5.256056477912408,0 120.3055005434738,-5.256463953980271,0 120.3059182824675,-5.256961694779921,0 120.3063649903618,-5.257182065758544,0 120.3068318218198,-5.25723080878107,0 120.3073147440828,-5.257421231800677,0 120.3077345114022,-5.257551728109402,0 120.3081766249953,-5.257862603501655,0 120.3084695132282,-5.25816108182385,0 120.3089143536055,-5.258116722699063,0 120.309244426931,-5.258373991169835,0 120.3096456789974,-5.258722187032556,0 120.3099014049352,-5.258882443869752,0 120.310553716315,-5.259015154726332,0 
						</coordinates>
					</LineString>
				</Placemark>
				<Placemark>
					<name>LINE OUT MARBO / REC MARANA / PERCAB FCO PASISIKAN / ARAH KE BS60-172</name>
					<visibility>0</visibility>
					<description>1.41KMS AAACS 3x70mm</description>
					<styleUrl>#msn_ylw-pushpin142</styleUrl>
					<LineString>
						<tessellate>1</tessellate>
						<coordinates>
							120.2982094358432,-5.253199970154546,0 120.2983940059406,-5.253647842712144,0 120.2985414428423,-5.254133209156346,0 120.2987392769324,-5.254582492440026,0 120.2989786175389,-5.255199551488437,0 120.2991653255509,-5.255553577120534,0 120.2993504433892,-5.255952108233527,0 120.2996289010383,-5.256540883662577,0 120.2997533946502,-5.256904145639248,0 120.2999482306888,-5.25743537078986,0 120.3001640020785,-5.257853826488609,0 120.3003289419225,-5.258234423369979,0 120.3005213182006,-5.258511884543568,0 120.30081994288,-5.258853872268647,0 120.3011619507351,-5.259128332924854,0 120.3013086516658,-5.259668334055521,0 120.3012191439242,-5.260169069790802,0 120.301442818084,-5.26074807183334,0 120.3015767893206,-5.261212763709674,0 120.3015418302932,-5.261657765273948,0 120.3015150359656,-5.262068587927431,0 120.3014881530219,-5.262535707974816,0 120.3014726027829,-5.263034854583009,0 120.3014193164402,-5.263486477302341,0 120.3014732561005,-5.263830505293392,0 120.3016067555894,-5.264397342921697,0 120.3019402671513,-5.264958006906626,0 
						</coordinates>
					</LineString>
				</Placemark>
				<Placemark>
					<name>LINE OUT MARBO / REC MARANA / PERCAB FCO PASISIKAN / FCO BANOA 2</name>
					<visibility>0</visibility>
					<description>2.72KMS 3x70mm</description>
					<styleUrl>#msn_ylw-pushpin142</styleUrl>
					<LineString>
						<tessellate>1</tessellate>
						<coordinates>
							120.2886455595373,-5.245279626499244,0 120.2887039674538,-5.24503160032625,0 120.2886527676826,-5.244648913148701,0 120.2886056889555,-5.244182665075041,0 120.2884829208128,-5.243737951125637,0 120.2884864005859,-5.243612285722679,0 120.2885810262001,-5.243283026291398,0 120.2886942101096,-5.242904714980917,0 120.2888674973957,-5.242490324244372,0 120.2890184779366,-5.242053539443804,0 120.2890860854882,-5.241637176094771,0 120.289115674484,-5.241224996178384,0 120.2891244991177,-5.240711338699961,0 120.2891176243365,-5.240271275602896,0 120.28915792722,-5.239793207492725,0 120.289089663607,-5.239338955986319,0 120.2890291295638,-5.238910695046239,0 120.2890501473961,-5.238507879465945,0 120.2890532341657,-5.238082901658441,0 120.2888163892795,-5.237654973910489,0 120.2884812324261,-5.237352833288861,0 120.2883416953912,-5.236935776243306,0 120.2881541037643,-5.23650372285148,0 120.2880532153471,-5.236090445340533,0 120.287858377141,-5.235646723547668,0 120.2872771233046,-5.235279195013976,0 120.2871695948482,-5.235006726804497,0 120.2872930596066,-5.23479202988236,0 120.2875045526243,-5.234352608050881,0 120.2878002440113,-5.233974865550265,0 120.2879350252161,-5.233590677948058,0 120.2880713681341,-5.233008468122908,0 120.2881076627047,-5.232746168929967,0 120.2882244009108,-5.232332568887104,0 120.2882358950822,-5.231900122041944,0 120.2881118198551,-5.231598055571393,0 120.2877752849531,-5.23140482813972,0 120.2876247635533,-5.2309766453875,0 120.2876920390533,-5.230516279329248,0 120.2878684402863,-5.229966687021619,0 120.2877892640958,-5.229618613928538,0 120.287478609774,-5.229263232843516,0 120.287262750615,-5.228875078584199,0 120.2869169689037,-5.22858066715425,0 120.2865996321901,-5.2283081610502,0 120.2863563437869,-5.227887739264737,0 120.2860945271963,-5.227527178466937,0 120.2856598191321,-5.227315620959939,0 120.2852860094793,-5.227000151597514,0 120.2850093550236,-5.226808398825934,0 120.2846438337568,-5.22657308173523,0 120.2845068782722,-5.226135751286776,0 120.284399831377,-5.225749104483731,0 120.2840624568824,-5.225309042683244,0 120.2837027975629,-5.225137541422519,0 120.2832881303913,-5.225000126413935,0 120.2829703172389,-5.224657580824761,0 120.2827337885904,-5.224269673242889,0 
						</coordinates>
					</LineString>
				</Placemark>
				<Placemark>
					<name>LINE OUT MARBO / REC MARANA ASPAN FCO TOMBOLO - LBS SUKA MAJU</name>
					<visibility>0</visibility>
					<description>3.27 KMS AAAC 3x70mm</description>
					<styleUrl>#msn_ylw-pushpin142</styleUrl>
					<LineString>
						<tessellate>1</tessellate>
						<coordinates>
							120.2886461567738,-5.24527888530688,0 120.2882178446352,-5.245216146928767,0 120.2874732963222,-5.245282890905237,0 120.2870035742354,-5.245111637280128,0 120.286765807898,-5.244950670937586,0 120.2863736360338,-5.24476273109351,0 120.2857740246278,-5.244438705618538,0 120.2854734655479,-5.244185687834865,0 120.2850170329678,-5.243915130954802,0 120.2843133748197,-5.243794436802662,0 120.284036160753,-5.243778393301335,0 120.2832763420117,-5.243720899433378,0 120.283047434663,-5.243503750130557,0 120.2828970705744,-5.24336949523094,0 120.2828418525313,-5.242900562144754,0 120.2828493052912,-5.242598677807088,0 120.282740087414,-5.242291507897256,0 120.2825938422536,-5.242084058774108,0 120.2822355900847,-5.241674794211943,0 120.2818097332674,-5.241342176752082,0 120.2815562212821,-5.241265363224309,0 120.2811948579684,-5.240999260287416,0 120.2810105770745,-5.240611006734638,0 120.2806899790915,-5.240142726805531,0 120.2802032983368,-5.239657795961585,0 120.2799448429311,-5.239198667558042,0 120.2795777154609,-5.239024272030925,0 120.2791598564913,-5.239073303133416,0 120.2785776774872,-5.239217842474835,0 120.2780702200353,-5.239345279345454,0 120.2777151615819,-5.239432868229049,0 120.2768468826456,-5.23956508373402,0 120.2761685719489,-5.240060833542068,0 120.2758700868767,-5.240433739674985,0 120.2754740548556,-5.240739189795664,0 120.2750989071498,-5.241042024332293,0 120.2744639514426,-5.241433479432535,0 120.274083134875,-5.241566315202838,0 120.273724487031,-5.241705334293379,0 120.2731984990458,-5.241967209665325,0 120.2727984071298,-5.242172357608845,0 120.2725820615133,-5.242264131833755,0 120.272295590102,-5.242367129044521,0 120.2718793981715,-5.242525283344396,0 120.2716211603607,-5.242646475080675,0 120.2713566264725,-5.242777007891139,0 120.2710309305552,-5.24298325214926,0 120.2706793881874,-5.243226058784564,0 120.2704540249428,-5.243353896658936,0 120.270231357677,-5.243542397621755,0 120.2698756363858,-5.243781174599486,0 120.2695119761163,-5.244013120245295,0 120.2690843648074,-5.244353554984622,0 120.2687225826763,-5.244666752122484,0 120.2683772393208,-5.244971471320873,0 120.2681631178399,-5.245155196881505,0 120.2678642725037,-5.245332584334445,0 120.2678597496473,-5.245336884166956,0 120.2675662716579,-5.245349453268561,0 120.2672617449485,-5.245486894174461,0 120.2669888256779,-5.246045967220475,0 120.2669059535823,-5.246617030091349,0 120.2668730493644,-5.247184989693936,0 120.2666255012607,-5.247760678603942,0 120.2664825863812,-5.247964112275808,0 120.2663119883104,-5.248200813017525,0 120.266150785073,-5.248456358596432,0 
						</coordinates>
					</LineString>
				</Placemark>
				<Placemark>
					<name>LINE OUT MARBO / REC MARANA / FCO BANOA 1</name>
					<visibility>0</visibility>
					<description>2.68 KMS AAAC 3x70mm</description>
					<styleUrl>#msn_ylw-pushpin142</styleUrl>
					<LineString>
						<tessellate>1</tessellate>
						<coordinates>
							120.2661513657486,-5.248456214780068,0 120.2659862573198,-5.248675908807802,0 120.2657200789786,-5.249045503183336,0 120.2653121630881,-5.249101738472371,0 120.2649385639553,-5.249135986344155,0 120.2646298083296,-5.249196903685589,0 120.264426743899,-5.24883992336003,0 120.2643102955901,-5.248484390220694,0 120.263987458826,-5.248207421954052,0 120.2637662744055,-5.247743192500552,0 120.2635947792798,-5.247373876921571,0 120.2635289819264,-5.246914805311257,0 120.2636410849635,-5.24647901466372,0 120.2638212514684,-5.245512872112653,0 120.2638578343768,-5.245225142218576,0 120.2639653175458,-5.24469768730606,0 120.2638499590065,-5.244241200692969,0 120.2638384828637,-5.243809859510362,0 120.2638245463459,-5.24334293749774,0 120.2635890899452,-5.242918862445194,0 120.2634472738048,-5.242510510287079,0 120.2631433442592,-5.242109532646194,0 120.2629644838826,-5.241828074152154,0 120.2628780137924,-5.241397528895933,0 120.2628910294332,-5.241049695771408,0 120.2628902017468,-5.240666752150617,0 120.2628505786987,-5.240341583866563,0 120.2628816630899,-5.240020539534124,0 120.2631625855,-5.239508555040438,0 120.2635551196447,-5.239240210570665,0 120.2635874603696,-5.238434796353047,0 120.2635959829343,-5.238097813483467,0 120.2635778105113,-5.237364409326998,0 120.2632652198499,-5.237088862620303,0 120.2632126359872,-5.236784823799805,0 120.2635477087325,-5.236488048983185,0 120.2638703198541,-5.23614859625094,0 120.264198377467,-5.235894528629737,0 120.2644573924062,-5.235649516193662,0 120.2644776349596,-5.235291215159802,0 120.2643690706218,-5.234935447806745,0 120.2643857041072,-5.234583644929295,0 120.2642817991166,-5.234183380651499,0 120.2642279678783,-5.233793830324842,0 120.2642682197418,-5.233622264439227,0 120.2643630275827,-5.233181734223737,0 120.2643895545945,-5.232750820172878,0 120.2645294646264,-5.232354262538328,0 120.2646740405952,-5.232004692080761,0 120.2648788245541,-5.231638694429646,0 120.2650527778352,-5.231244645278246,0 120.2651111079204,-5.230873078863508,0 120.2651324089229,-5.230477485182786,0 120.2652616378221,-5.230089100329232,0 120.2655187004624,-5.230095259585188,0 120.2658484529849,-5.230244990002278,0 120.2662343601271,-5.230433508666062,0 120.266574302965,-5.230639668185201,0 
						</coordinates>
					</LineString>
				</Placemark>
				<Placemark>
					<name>LINE OUT MARBO / REC MARANA / LBS SUKAMAJU - LBS MANNANTI / FCO L. SAUKANG</name>
					<visibility>0</visibility>
					<description>1.17KMS AAAC 3x35mm</description>
					<styleUrl>#msn_ylw-pushpin142</styleUrl>
					<LineString>
						<tessellate>1</tessellate>
						<coordinates>
							120.2530388892186,-5.268222584214812,0 120.2529267317868,-5.268053588721582,0 120.2527538094902,-5.267575104725439,0 120.2525762211681,-5.267101526958002,0 120.2524152369204,-5.266318579461897,0 120.2523082837665,-5.265567166650043,0 120.2522477420499,-5.264501562244821,0 120.2522665196144,-5.263487109415267,0 120.2522383500818,-5.262781572582906,0 120.2521356974867,-5.262024486162126,0 120.2516222954982,-5.261571145899456,0 120.2511150656706,-5.261337143863822,0 120.2507209999048,-5.260781095994475,0 120.2505002074884,-5.260085346170111,0 120.2505879541499,-5.25919673274944,0 120.2504805705833,-5.258468747354546,0 
						</coordinates>
					</LineString>
				</Placemark>
				<Placemark>
					<name>LINE OUT MARBO / REC MARANA / LBS SUKAMAJU - LBS MANNANTI / FCO BT TAPPALANG</name>
					<visibility>0</visibility>
					<description>2.29kms AAAC 3x70mm</description>
					<styleUrl>#msn_ylw-pushpin142</styleUrl>
					<LineString>
						<tessellate>1</tessellate>
						<coordinates>
							120.2625259110456,-5.255174520261741,0 120.2626021181545,-5.255568533862946,0 120.2630509606297,-5.255565064568482,0 120.2634612175597,-5.255499479231073,0 120.2638114909132,-5.255495388768487,0 120.2642440305367,-5.255748733562834,0 120.2644406312985,-5.255968694981048,0 120.264861979336,-5.256274146782776,0 120.2652357377019,-5.256477133364211,0 120.2659139336796,-5.256715469189514,0 120.2662689307756,-5.256762353501632,0 120.2666754588372,-5.256817923496634,0 120.2670668512029,-5.256803898977362,0 120.2675225606882,-5.256778030679286,0 120.2681326003541,-5.256727188909895,0 120.2685577257497,-5.256787390767911,0 120.2687834629492,-5.256865402775554,0 120.2690953640186,-5.256982497141781,0 120.2695595486997,-5.257099970859122,0 120.2699954757897,-5.257145744966795,0 120.2704165180623,-5.257037822653555,0 120.2709760086644,-5.256827407083448,0 120.2712921183991,-5.256496193108918,0 120.2716828793276,-5.256575291272148,0 120.2720709561752,-5.256623783704236,0 120.2724760827416,-5.256491352580537,0 120.2731004518926,-5.256501889287972,0 120.2736929514176,-5.256344446121268,0 120.2741893110933,-5.25644066953525,0 120.2744474886641,-5.256550491321959,0 120.2747460273529,-5.256547458908692,0 120.2750963063439,-5.256494955004928,0 120.275500836933,-5.256641749178077,0 120.2757019446245,-5.256827563957373,0 120.2758445219867,-5.257235865724511,0 120.2760754447937,-5.257467829207696,0 120.2765499445619,-5.257582670234647,0 120.2768921161902,-5.257702798713762,0 120.2773449720513,-5.257793470582076,0 120.2777776019834,-5.2578982447341,0 120.2781906473249,-5.257912464678301,0 120.2787164201843,-5.257948868169817,0 120.2791459854943,-5.258030905622674,0 120.2798339836743,-5.257795181906778,0 120.2803240583526,-5.257179269691747,0 120.2812164506255,-5.256945468329728,0 
						</coordinates>
					</LineString>
				</Placemark>
				<Placemark>
					<name>LINE OUT MARBO / REC MARANA / LBS SUKAMAJU - LBS MANNANTI / FCO PAKKOKKO</name>
					<visibility>0</visibility>
					<description>4kms AAAC 3x70mm</description>
					<styleUrl>#msn_ylw-pushpin142</styleUrl>
					<LineString>
						<tessellate>1</tessellate>
						<coordinates>
							120.2558855171635,-5.267424888366913,0 120.256213319031,-5.267537422210502,0 120.2565438484195,-5.267701618986901,0 120.2569463864373,-5.267875292876355,0 120.2573470627015,-5.267973121482133,0 120.2579426529008,-5.268259373994496,0 120.2583665368882,-5.268502175657764,0 120.2587581665815,-5.268801634792754,0 120.2595815597888,-5.269163432588752,0 120.2599710239199,-5.269398578666915,0 120.2604163071333,-5.269610470227025,0 120.2609064207913,-5.269956587356704,0 120.2613161816501,-5.270216455326254,0 120.261609311797,-5.270886621439054,0 120.2619610379134,-5.271368579191346,0 120.2624834735742,-5.271569254695091,0 120.2631082663677,-5.271761099629249,0 120.2639780066024,-5.272060458978035,0 120.2647996866394,-5.272275836770189,0 120.2651381345097,-5.272360417832489,0 120.2656121029398,-5.272524421649498,0 120.2661946662223,-5.272725165095773,0 120.2668773138928,-5.272934639123899,0 120.2674766073264,-5.273183954083888,0 120.2678155999049,-5.273222769894344,0 120.268113533446,-5.273301677970764,0 120.2685507561833,-5.273406896034698,0 120.2689480913978,-5.273506605718124,0 120.2694715943911,-5.273606752315247,0 120.2700004657095,-5.273727573289754,0 120.2703964605377,-5.273816220823829,0 120.2707884968908,-5.273950888446921,0 120.2713822857301,-5.274137456711832,0 120.2719648917781,-5.273931340874851,0 120.2723719057314,-5.273705235880276,0 120.2727300797281,-5.273477751954528,0 120.2730641331553,-5.273360187373283,0 120.2734223032526,-5.273245106196088,0 120.273823509377,-5.273068287208953,0 120.2742539513317,-5.272838905535964,0 120.2746207806084,-5.272462737253034,0 120.2750742891202,-5.272264519981769,0 120.275638476834,-5.272231628121265,0 120.2762630048213,-5.272105192131018,0 120.2767878970563,-5.271951561806596,0 120.2773102743597,-5.27196134705474,0 120.2777227599765,-5.271811660328056,0 120.2782792323229,-5.271600112296235,0 120.2786050177851,-5.271462890358187,0 120.2789763953573,-5.271232449959172,0 120.2795427057201,-5.271136340479829,0 120.279961099388,-5.271081453178973,0 120.2802295403496,-5.270722603127309,0 120.2807108108846,-5.270634662389543,0 120.280973397781,-5.271098861201715,0 120.2813309820317,-5.27159182169963,0 120.2818546094706,-5.271699734715541,0 120.2823469129966,-5.271815495235606,0 120.2827296309564,-5.271980765400881,0 120.283183796613,-5.272101100024591,0 120.2837210108419,-5.272225950548743,0 120.2842248651031,-5.272223910333491,0 120.2846767540231,-5.272203595600989,0 120.2852436772861,-5.272188711081517,0 120.2856415035795,-5.272224801330647,0 120.2861497968292,-5.272361574551453,0 120.2865505049283,-5.272499366567192,0 120.2869297565697,-5.272680269635569,0 120.2873815006024,-5.272785543817725,0 120.2878967561495,-5.272844720441721,0 120.2885028842697,-5.273008196158717,0 
						</coordinates>
					</LineString>
				</Placemark>
				<Placemark>
					<name>LINE OUT MARBO / REC MARANA / LBS SUKAMAJU - LBS MANNANTI / FCO PAKKOKKO / PERCAB DALAM FCO PAKKOKO</name>
					<visibility>0</visibility>
					<description>1.89KMS AAACS 3x70mm</description>
					<styleUrl>#msn_ylw-pushpin142</styleUrl>
					<LineString>
						<tessellate>1</tessellate>
						<coordinates>
							120.2668918519712,-5.272925488452793,0 120.266768274626,-5.273137223775934,0 120.266703379273,-5.27337943083864,0 120.2664603514346,-5.273778156600881,0 120.2662427101031,-5.274027899191115,0 120.2660909820541,-5.274461421639,0 120.2660325172415,-5.274822373892855,0 120.2660332057581,-5.275239996303411,0 120.2661637388361,-5.275853080550365,0 120.2661758564811,-5.276278980545989,0 120.2663597762536,-5.276686323393217,0 120.26644420716,-5.27701608230868,0 120.2665228459236,-5.277392097610595,0 120.2666584945791,-5.277839845141177,0 120.2667728932785,-5.278174917707576,0 120.266786351738,-5.278732981808504,0 120.2666259406042,-5.279127527314153,0 120.2663848323232,-5.279535392534525,0 120.2664366808591,-5.279913474027447,0 120.2663977517381,-5.280296382111519,0 120.2663718856867,-5.280729568314338,0 120.2663804283007,-5.28094566111243,0 120.2663810894232,-5.281235104382117,0 120.2663527953102,-5.28160393890388,0 120.266165662064,-5.282112967163929,0 120.265996068743,-5.282366238682465,0 120.2658187280195,-5.282811345722151,0 120.2658365549464,-5.283125187279907,0 120.265922048124,-5.283543170306283,0 120.2657341859012,-5.283813332724526,0 120.2654208807644,-5.283831019119003,0 120.2649582236768,-5.283834988613613,0 120.2642858409274,-5.283834923627169,0 120.2637136129557,-5.283853632639993,0 120.2631976557224,-5.284015843115931,0 120.2625341067265,-5.284527865826641,0 120.2620313117296,-5.284926344831215,0 120.2615045264285,-5.285148690531259,0 120.2609789153429,-5.285254362936908,0 120.2605995219922,-5.28531269928377,0 
						</coordinates>
					</LineString>
				</Placemark>
				<Placemark>
					<name>LINE OUT MARBO / REC MARANA / LBS MANNANTI / FCO JL CANTIK</name>
					<visibility>0</visibility>
					<description>0.86KMS AAACS 3x70mm</description>
					<styleUrl>#msn_ylw-pushpin142</styleUrl>
					<LineString>
						<tessellate>1</tessellate>
						<coordinates>
							120.2525305044533,-5.270088460011618,0 120.2529390645819,-5.270235327911426,0 120.2533058235342,-5.270257819344773,0 120.2536805881847,-5.270448654339461,0 120.2539091083915,-5.2708804238461,0 120.2543146749204,-5.271066840004011,0 120.2547385010949,-5.271142650339516,0 120.255168458505,-5.27137074289097,0 120.255286336732,-5.271753712955629,0 120.2551349798176,-5.27217143418985,0 120.2550257600351,-5.272533779293781,0 120.2549242657018,-5.272940795191743,0 120.2547485017474,-5.273441507619214,0 120.2545892564196,-5.273856157657551,0 120.2543465853497,-5.273811807645162,0 120.2538975717877,-5.273839784924556,0 120.2535879011555,-5.273951161399561,0 120.2532774852688,-5.274312048738984,0 120.252874284284,-5.27468684311583,0 
						</coordinates>
					</LineString>
				</Placemark>
				<Placemark>
					<name>LINE OUT MARBO / REC MARANA / LBS MANNANTI / PERCAB KORO</name>
					<visibility>0</visibility>
					<description>2.20KMS AAACS 3x70mm</description>
					<styleUrl>#msn_ylw-pushpin142</styleUrl>
					<LineString>
						<tessellate>1</tessellate>
						<coordinates>
							120.2511010982852,-5.272365663629516,0 120.2506110601157,-5.272696019620036,0 120.2503937516746,-5.272969260302903,0 120.250166950683,-5.273316300505572,0 120.2498461853644,-5.273598403359875,0 120.2494692565914,-5.273855702810507,0 120.2492129994088,-5.274023256538769,0 120.2488793390247,-5.274249083737077,0 120.2485654425174,-5.274482737391927,0 120.2482168460793,-5.274741189521801,0 120.2479274853757,-5.275018701498934,0 120.2476507266784,-5.275259678235955,0 120.247348244439,-5.275569950068561,0 120.2470389624818,-5.275844875895572,0 120.2467624009219,-5.276090381182399,0 120.2464415319623,-5.27640962594498,0 120.2461236991748,-5.276685719133365,0 120.2458788803095,-5.276952120805336,0 120.2455632336191,-5.277232570845435,0 120.2452997243287,-5.277523278460154,0 120.2450437188494,-5.277839725862346,0 120.2447294117223,-5.278123015044643,0 120.2443902704683,-5.278355116976905,0 120.2441345261493,-5.278667167464467,0 120.2438306373615,-5.278948169000132,0 120.2435151600854,-5.279250762251199,0 120.243253398259,-5.279524447473944,0 120.2429553211864,-5.279855916581369,0 120.2426778492787,-5.280139213497415,0 120.2423344355592,-5.280411196027482,0 120.2420180176715,-5.280675000994209,0 120.2416974900248,-5.280976197527481,0 120.241398650271,-5.281259086376371,0 120.2411072720801,-5.281526324801785,0 120.2408011036332,-5.281789798392386,0 120.2404672511068,-5.282102414415743,0 120.2401265769056,-5.282381747742064,0 120.2398283577627,-5.282664863383959,0 120.2395057774735,-5.28294475411753,0 120.2391910174208,-5.283140775656066,0 120.2388287721954,-5.283351154257119,0 120.2384935164875,-5.283608335629538,0 120.2381643362223,-5.28383041143753,0 120.2378037642494,-5.284060243236455,0 120.2374263106921,-5.284349197445616,0 120.2371461482533,-5.284559241503157,0 120.2368675756973,-5.284862959256476,0 120.2368648684275,-5.284862966886662,0 120.2366129617135,-5.285197384994344,0 120.2363704946629,-5.285535218598288,0 
						</coordinates>
					</LineString>
				</Placemark>
				<Placemark>
					<name>FCO LAMBARI - UJUNG PERCAB</name>
					<visibility>0</visibility>
					<description>0.78 KMS AAACS 3X70mm</description>
					<styleUrl>#msn_ylw-pushpin142</styleUrl>
					<LineString>
						<tessellate>1</tessellate>
						<coordinates>
							120.2678023539042,-5.273222360855864,0 120.2680216791383,-5.272063579133339,0 120.2682218032513,-5.271276683846774,0 120.2685870693993,-5.271006679279919,0 120.2688325306273,-5.270929399003609,0 120.2690718139769,-5.270996740345834,0 120.2693823952238,-5.271079740161692,0 120.2695348544511,-5.271016280011569,0 120.2698948009721,-5.270671668729324,0 120.2705126603915,-5.270107016823682,0 120.2707633150616,-5.269696302910149,0 120.2708551805485,-5.269158064707416,0 120.2712324666755,-5.268935554875774,0 120.2717715052562,-5.268901736696959,0 120.2720941304011,-5.268943245390706,0 
						</coordinates>
					</LineString>
				</Placemark>
				<Placemark>
					<name>FCO ERA BARU - UJUNG PERCAB</name>
					<visibility>0</visibility>
					<description>0,5 kms AAACS 3X70mm</description>
					<styleUrl>#msn_ylw-pushpin142</styleUrl>
					<LineString>
						<tessellate>1</tessellate>
						<coordinates>
							120.280662362304,-5.270637224925817,0 120.2803488565211,-5.270212694426374,0 120.2801271346995,-5.269807572608443,0 120.2802313829054,-5.269389560561963,0 120.2803877192885,-5.26902524339063,0 120.2805605215875,-5.268590644132193,0 120.2807465985376,-5.268377128123229,0 120.2810578377793,-5.268311325612047,0 120.2814874018201,-5.268135053270583,0 120.2820076988629,-5.267928708656888,0 120.2827117791783,-5.268205169009179,0 
						</coordinates>
					</LineString>
				</Placemark>
			</Folder>
		</Folder>
		<Folder>
			<name>P_BULUPODDO (BIRU MUDA)</name>
			<visibility>0</visibility>
			<Placemark>
				<name>FCO BULU TELLUE - FCO SATENGGA</name>
				<visibility>0</visibility>
				<description>0.42 KMS	AAAC	3x70mm</description>
				<styleUrl>#stylemap_id190</styleUrl>
				<LineString>
					<tessellate>1</tessellate>
					<coordinates>
						120.1366094259806,-5.097916829575072,0 120.1364679996542,-5.097523962907287,0 120.1363521805478,-5.097053165279495,0 120.1361546817394,-5.096665142930986,0 120.1356163967941,-5.096446269105716,0 120.1349347326979,-5.096697012401767,0 120.1344236271534,-5.097189354608302,0 120.1343462404788,-5.097665409192681,0 
					</coordinates>
				</LineString>
			</Placemark>
			<Placemark>
				<name>FCO KARAMPUANG - FCO SERENG</name>
				<visibility>0</visibility>
				<styleUrl>#stylemap_id190</styleUrl>
				<LineString>
					<tessellate>1</tessellate>
					<coordinates>
						120.1267599875454,-5.087726719979257,0 120.1273519863152,-5.087558122981356,0 120.1278642436478,-5.087334307908515,0 120.1283496419002,-5.087071674078709,0 120.1288755142195,-5.086797259425911,0 120.1292919530486,-5.086511566346895,0 120.1294831839233,-5.085997452971668,0 120.1296074605915,-5.085472292004768,0 120.1296314827925,-5.084991160658753,0 120.1290651638172,-5.084915762134838,0 120.1286910296884,-5.084749737742557,0 120.1284569470276,-5.08437692531098,0 120.1281977895253,-5.083940415016423,0 120.1279919900722,-5.08353451720182,0 120.12771148745,-5.083302713278696,0 120.1273660822138,-5.083140067512122,0 120.1269622308745,-5.082939644661081,0 120.1266009259142,-5.082674670169919,0 120.126338094442,-5.082327762462202,0 120.126701656759,-5.081771382730634,0 120.1272904787803,-5.081369605667583,0 120.1276584462505,-5.081303388074266,0 120.1281734286,-5.081076805552424,0 120.1287409011716,-5.080836171005232,0 120.1290579312531,-5.080737126658188,0 120.1294879615976,-5.0806841583196,0 120.1298897244244,-5.080428232591221,0 120.130242178605,-5.080251615965036,0 120.1306822886968,-5.080370556004176,0 120.1311832472378,-5.080401491301628,0 120.1315563149529,-5.08023591413689,0 120.1320063053362,-5.079997476918521,0 120.1322236031825,-5.079630122440228,0 120.1321327420738,-5.079192946958201,0 120.132025640827,-5.078729093391561,0 120.1319529412915,-5.077983604196993,0 120.1316649829581,-5.077535182123914,0 120.1318371319668,-5.07704391925518,0 120.1317510886828,-5.076625179900893,0 120.1317263260126,-5.075990466732944,0 120.1314946491386,-5.075334327360318,0 120.1311205649365,-5.074816533361536,0 120.1313291122502,-5.074595635893693,0 120.1315667912256,-5.07402468424381,0 120.1316661145657,-5.073579575866103,0 120.1316289158467,-5.073115570903072,0 120.1314435654076,-5.072759470703327,0 120.1312006576096,-5.072308628748535,0 120.1310682704749,-5.071929451424776,0 120.1309198450624,-5.07145229956238,0 120.1304001585524,-5.071452272360501,0 120.1299799473325,-5.071128664043373,0 120.1299468641189,-5.070752788314816,0 120.1297383417088,-5.070442844303119,0 120.1294499421794,-5.069972445380002,0 120.1292083270657,-5.069553697497766,0 120.1288773242549,-5.069418496843527,0 120.128602595746,-5.069194275253043,0 120.1282471883006,-5.068977790646362,0 120.1277738416982,-5.06900414073903,0 120.1273369030632,-5.069020600716628,0 120.1269662193378,-5.068636124864582,0 120.1270953276844,-5.068362468585667,0 120.1274759940148,-5.068303142933829,0 120.1279427208409,-5.06823393007681,0 120.1281354496343,-5.067849066585319,0 120.1277051530022,-5.067525922698735,0 120.1276091733324,-5.067242361835469,0 120.1275529298135,-5.06674934469253,0 120.1276655006444,-5.066175645738909,0 120.1275757665152,-5.065830944248833,0 120.1273705620818,-5.065474843866662,0 120.1271454884789,-5.065270409530164,0 120.12683103855,-5.065128614847426,0 120.1263022247847,-5.065145071129872,0 120.1257560598673,-5.065088986985612,0 120.1256600911403,-5.064584515238888,0 120.1257693715573,-5.063858841989027,0 120.1258554554674,-5.063469783686158,0 
					</coordinates>
				</LineString>
			</Placemark>
			<Placemark>
				<name>SUTM LAMATTIRILAU</name>
				<visibility>0</visibility>
				<description>0.70KMS	AAACS	3x150mm</description>
				<styleUrl>#stylemap_id190</styleUrl>
				<LineString>
					<tessellate>1</tessellate>
					<coordinates>
						120.2389329717931,-5.093615630211804,0 120.2394169536816,-5.093671450912133,0 120.2398110196563,-5.093705121638391,0 120.2402494489131,-5.09377613519943,0 120.2406351435529,-5.093900531414,0 120.241026394869,-5.094017843845316,0 120.2414678005344,-5.094066635170104,0 120.2418539225987,-5.094158698907169,0 120.2423840298127,-5.094023452544128,0 120.2427569222847,-5.093939207419891,0 120.2432227673944,-5.093997570366639,0 120.2434963096606,-5.094103812357639,0 120.2439813376035,-5.094150523129763,0 120.2444183317941,-5.094194089418033,0 120.2447159851817,-5.094231354506952,0 120.2450949429646,-5.094283096212453,0 
					</coordinates>
				</LineString>
			</Placemark>
			<Placemark>
				<name>FCO BULO</name>
				<visibility>0</visibility>
				<description>4.85 KMS	AAACS	3x70mm</description>
				<styleUrl>#stylemap_id190</styleUrl>
				<ExtendedData>
					<SchemaData schemaUrl="#Data_Jaringan_UP3_Bulukumba10">
						<SimpleData name="KODE_HANTA">SEGMEN TG. LAMATTIRILAU.00353.L0069-TG.LAMATTIRILAU.00353.L0069.R0097</SimpleData>
						<SimpleData name="begin">TG.LAMATTIRILAU.00353.L0069.R0005</SimpleData>
						<SimpleData name="end">TG.LAMATTIRILAU.00353.L0073</SimpleData>
						<SimpleData name="P_EAM">LAMATTIRILAU</SimpleData>
						<SimpleData name="NAMA P.JAR">P. LAMATTIRILAU</SimpleData>
						<SimpleData name="J_DIST">P_LAMATTIRILAU</SimpleData>
						<SimpleData name="LENGTH">4794.67</SimpleData>
						<SimpleData name="P_UP2D">P_LAMATTIRILAU</SimpleData>
						<SimpleData name="LOCATION">ULP.32760</SimpleData>
						<SimpleData name="PANJANG">4.85</SimpleData>
						<SimpleData name="SIZE">3x70</SimpleData>
						<SimpleData name="JENIS">AAACS</SimpleData>
						<SimpleData name="FASA">3</SimpleData>
						<SimpleData name="NO_ASSET">4691686</SimpleData>
						<SimpleData name="KEYPOINT">REC_BULUPODDO</SimpleData>
					</SchemaData>
				</ExtendedData>
				<MultiGeometry>
					<LineString>
						<coordinates>
							120.101804621063,-5.09751063605657,0 120.101309204218,-5.09739999849701,0 120.1008727112,-5.09739789894067,0 120.100389456611,-5.09727949211907,0 120.100120264028,-5.09691207924342,0 120.099779562737,-5.09667399659228,0 120.099378157511,-5.09647820804556,0 120.098939867521,-5.09635337530618,0 120.098578741072,-5.09633187883899,0 120.098197386282,-5.09630261337191,0 120.097753504189,-5.0962514959472,0 120.097415409239,-5.0960952800779,0 120.097106779289,-5.09598730293727,0 120.096793000336,-5.09591495634212,0 120.096362864145,-5.09589597042171,0 120.096016895099,-5.09607075830428,0 120.09552932484,-5.09630414182785,0 120.095170157231,-5.0963890269782,0 120.094795478125,-5.09648150496324,0 120.094360562453,-5.09668034595704,0 120.094067336277,-5.09709646633904,0 120.093938510975,-5.09736842005333,0 120.093741021385,-5.09766788389108,0 120.093519698845,-5.09802773165145,0 120.093332796652,-5.09829028867348,0 120.093138024944,-5.09856956662005,0 120.092703111057,-5.09872672006104,0 120.092439633387,-5.09904111299219,0 120.092191089714,-5.09934101005483,0 120.091765189843,-5.09962547303484,0 120.091306288361,-5.09946241665999,0 120.091004051665,-5.09959050619883,0 120.090673075919,-5.09961535609433,0 120.090500450025,-5.09999285745312,0 120.090221231222,-5.10027795409766,0 120.089964388296,-5.10066403889773,0 120.089768657389,-5.10101620005828,0 120.089620083298,-5.10143553013673,0 120.089442999396,-5.10182591347869,0 120.089307507711,-5.10217540247496,0 120.089147788353,-5.10260509970614,0 120.088912268942,-5.10300176343766,0 120.088625244533,-5.10343267494108,0 120.088487743669,-5.10315950977935,0 120.088422895426,-5.10296903272015,0 120.087932229037,-5.10287617489081,0 120.08749015484,-5.10262593871743,0 120.087226940525,-5.10213027108178,0 120.087038487621,-5.10169480427246,0 120.08660360436,-5.10173350244278,0 120.086267110995,-5.10164329137366,0 120.085937097411,-5.10173419459872,0 120.085657659298,-5.10176829517588,0 120.085280430946,-5.10162458816824,0 120.085023534331,-5.10130322059583,0 120.084750567839,-5.10100815930883,0 120.084478642117,-5.1006858716882,0 120.084243604322,-5.10023915286296,0 120.08395834473,-5.09986626556179,0 120.083699870342,-5.09938242754981,0 120.083639485058,-5.09895574778741,0 120.083616339068,-5.09849266031487,0 120.083611446445,-5.09797931351815,0 120.083415816961,-5.09751197534152,0 120.083210616984,-5.09789940544659,0 120.083150748949,-5.09825270683685,0 120.082969618795,-5.09863181365497,0 120.082839849753,-5.0990865414929,0 120.082346125358,-5.09944318362497,0 120.082045081974,-5.09980944536937,0 120.082000830821,-5.10027093968924,0 120.081911271782,-5.10064303805602,0 120.08164767102,-5.10097695016656,0 120.081248768379,-5.10131803545376,0 120.080475614984,-5.1015492080151,0 120.080095345847,-5.1018245473249,0 120.080085466876,-5.10228509360032,0 120.080191783577,-5.10287417698433,0 120.080138672585,-5.10335026355571,0 120.07987190913,-5.10364686921097,0 120.079705368793,-5.10407446213348,0 120.0792579287,-5.10428584180135,0 120.079051876224,-5.10469989869948,0 120.079020154853,-5.10509404267674,0 120.078980371986,-5.10550238639361,0 120.078918950075,-5.10604440346749,0 120.078818852683,-5.10659023059518,0 120.078929854417,-5.10702622893632,0 120.078901121529,-5.10742083447382,0 120.078840050135,-5.10789877265457,0 120.078619581242,-5.10826930329357,0 120.0780163201,-5.10842618080261,0 120.077500390581,-5.1086591522745,0 120.077396667182,-5.1090235144012,0 120.077709648741,-5.10937203064969,0 120.078026584816,-5.10996001371172,0 120.07827963511,-5.11065674208528,0 120.078384788798,-5.11104134268502,0 
						</coordinates>
					</LineString>
				</MultiGeometry>
			</Placemark>
			<Placemark>
				<name>SUTM LAMATTIRILAU</name>
				<visibility>0</visibility>
				<styleUrl>#stylemap_id190</styleUrl>
				<ExtendedData>
					<SchemaData schemaUrl="#Data_Jaringan_UP3_Bulukumba10">
						<SimpleData name="KODE_HANTA">SEGMEN TG. LAMATTIRILAU.00001-TG.LAMATTIRILAU.00033</SimpleData>
						<SimpleData name="begin">TG.LAMATTIRILAU.00002</SimpleData>
						<SimpleData name="end">TG.LAMATTIRILAU.00033</SimpleData>
						<SimpleData name="P_EAM">LAMATTIRILAU</SimpleData>
						<SimpleData name="NAMA P.JAR">P. LAMATTIRILAU</SimpleData>
						<SimpleData name="J_DIST">P_LAMATTIRILAU</SimpleData>
						<SimpleData name="LENGTH">1328.14</SimpleData>
						<SimpleData name="P_UP2D">P_LAMATTIRILAU</SimpleData>
						<SimpleData name="LOCATION">ULP.32760</SimpleData>
						<SimpleData name="PANJANG">1.60</SimpleData>
						<SimpleData name="SIZE">3x70</SimpleData>
						<SimpleData name="JENIS">AAAC</SimpleData>
						<SimpleData name="FASA">3</SimpleData>
						<SimpleData name="NO_ASSET">4691665</SimpleData>
						<SimpleData name="KEYPOINT">P_LAMATTIRILAU</SimpleData>
					</SchemaData>
				</ExtendedData>
				<MultiGeometry>
					<LineString>
						<coordinates>
							120.2389276300143,-5.093616139525479,0 120.23865370776,-5.0932966613275,0 120.238317704521,-5.09304321334486,0 120.238024560758,-5.09285112781205,0 120.237620563932,-5.0926805596778,0 120.237362780893,-5.09209745941282,0 120.237143746655,-5.09168402981036,0 120.237001869,-5.0913450957635,0 120.236803345816,-5.09092813308227,0 120.236615241731,-5.09052013619522,0 120.236224580733,-5.09040668932962,0 120.235964661032,-5.09038369805303,0 120.235549585447,-5.09030915266977,0 120.235267591349,-5.09065545904944,0 120.235169903897,-5.09101076391981,0 120.234945055313,-5.09139719137958,0 120.234688385494,-5.09172025956154,0 120.234421163882,-5.09208683609967,0 120.234084321615,-5.09242821844715,0 120.233820308642,-5.09286570822336,0 120.233538414573,-5.09312652292111,0 120.233255127473,-5.09334926558018,0 120.232986556598,-5.09358847515769,0 120.232811259443,-5.09375711354098,0 120.232636465191,-5.09391104911303,0 120.232478848145,-5.09414075414621,0 120.232351499979,-5.09437793083626,0 120.232196141175,-5.09458954048897,0 120.232079512033,-5.09475432187849,0 120.231899412009,-5.09498079479105,0 120.231729553241,-5.0952738819581,0 120.231817895871,-5.09554848656013,0 120.231920690369,-5.09580307047656,0 
						</coordinates>
					</LineString>
				</MultiGeometry>
			</Placemark>
			<Placemark>
				<name>SUTM LAMATTIRILAU</name>
				<visibility>0</visibility>
				<description>A3CS 150mm</description>
				<styleUrl>#stylemap_id1900</styleUrl>
				<ExtendedData>
					<SchemaData schemaUrl="#Data_Jaringan_UP3_Bulukumba10">
						<SimpleData name="KODE_HANTA">SEGMEN TG. LAMATTIRILAU.00001.R0005-TG.LAMATTIRILAU.00001.R0005.R0008</SimpleData>
						<SimpleData name="begin">TG.LAMATTIRILAU.00001.R0005.R0001</SimpleData>
						<SimpleData name="end">TG.LAMATTIRILAU.00001.R0005.R0008</SimpleData>
						<SimpleData name="P_EAM">LAMATTIRILAU</SimpleData>
						<SimpleData name="NAMA P.JAR">P. LAMATTIRILAU</SimpleData>
						<SimpleData name="J_DIST">P_LAMATTIRILAU</SimpleData>
						<SimpleData name="LENGTH">358.62</SimpleData>
						<SimpleData name="P_UP2D">P_LAMATTIRILAU</SimpleData>
						<SimpleData name="LOCATION">ULP.32760</SimpleData>
						<SimpleData name="PANJANG">0.40</SimpleData>
						<SimpleData name="SIZE">3x70</SimpleData>
						<SimpleData name="JENIS">AAAC</SimpleData>
						<SimpleData name="FASA">3</SimpleData>
						<SimpleData name="NO_ASSET">4691663</SimpleData>
						<SimpleData name="KEYPOINT">P_LAMATTIRILAU</SimpleData>
					</SchemaData>
				</ExtendedData>
				<MultiGeometry>
					<LineString>
						<coordinates>
							120.241023823547,-5.09401384839004,0 120.240935157266,-5.09457783248525,0 120.240795789124,-5.09508118236912,0 120.240656089347,-5.09564839331253,0 120.240574045483,-5.09615844329198,0 120.240595612644,-5.09654298329734,0 120.240607437145,-5.09681863123618,0 120.240666571609,-5.09719103355015,0 120.240661993991,-5.09720062459081,0 
						</coordinates>
					</LineString>
				</MultiGeometry>
			</Placemark>
			<Placemark>
				<name>SUTM LAMATTIRILAU</name>
				<visibility>0</visibility>
				<description>A3CS 150mm</description>
				<styleUrl>#stylemap_id190</styleUrl>
				<ExtendedData>
					<SchemaData schemaUrl="#Data_Jaringan_UP3_Bulukumba10">
						<SimpleData name="KODE_HANTA">SEGMEN TG. LAMATTIRILAU.00001-TG.LAMATTIRILAU.00001.R0015</SimpleData>
						<SimpleData name="begin">TG.LAMATTIRILAU.00001.R0006</SimpleData>
						<SimpleData name="end">TG.LAMATTIRILAU.00001.R0015</SimpleData>
						<SimpleData name="P_EAM">LAMATTIRILAU</SimpleData>
						<SimpleData name="NAMA P.JAR">P. LAMATTIRILAU</SimpleData>
						<SimpleData name="J_DIST">P_LAMATTIRILAU</SimpleData>
						<SimpleData name="LENGTH">459.34</SimpleData>
						<SimpleData name="P_UP2D">P_LAMATTIRILAU</SimpleData>
						<SimpleData name="LOCATION">ULP.32760</SimpleData>
						<SimpleData name="PANJANG">0.50</SimpleData>
						<SimpleData name="SIZE">3x70</SimpleData>
						<SimpleData name="JENIS">AAACS</SimpleData>
						<SimpleData name="FASA">3</SimpleData>
						<SimpleData name="NO_ASSET">4691664</SimpleData>
						<SimpleData name="KEYPOINT">P_LAMATTIRILAU</SimpleData>
					</SchemaData>
				</ExtendedData>
				<MultiGeometry>
					<LineString>
						<coordinates>
							120.241023823547,-5.09401384839004,0 120.241466686885,-5.09407266948219,0 120.241852584002,-5.09415685904377,0 120.242384562064,-5.09402372122842,0 120.242756754054,-5.09394076827147,0 120.243223001029,-5.09399723429164,0 120.243496343847,-5.09410270956141,0 120.243977761448,-5.09415236541592,0 120.244416030545,-5.09419817905599,0 120.244716388168,-5.09423141342362,0 120.245094961369,-5.09428323888641,0 
						</coordinates>
					</LineString>
				</MultiGeometry>
			</Placemark>
			<Placemark>
				<name>SUTM LAMATTIRILAU</name>
				<visibility>0</visibility>
				<styleUrl>#stylemap_id190</styleUrl>
				<ExtendedData>
					<SchemaData schemaUrl="#Data_Jaringan_UP3_Bulukumba10">
						<SimpleData name="KODE_HANTA">SEGMEN TG. LAMATTIRILAU.00033-TG.LAMATTIRILAU.00033.R0006</SimpleData>
						<SimpleData name="begin">TG.LAMATTIRILAU.00033.R0001</SimpleData>
						<SimpleData name="end">TG.LAMATTIRILAU.00033.R0006</SimpleData>
						<SimpleData name="P_EAM">LAMATTIRILAU</SimpleData>
						<SimpleData name="NAMA P.JAR">P. LAMATTIRILAU</SimpleData>
						<SimpleData name="J_DIST">P_LAMATTIRILAU</SimpleData>
						<SimpleData name="LENGTH">229.58</SimpleData>
						<SimpleData name="P_UP2D">P_LAMATTIRILAU</SimpleData>
						<SimpleData name="LOCATION">ULP.32760</SimpleData>
						<SimpleData name="PANJANG">0.30</SimpleData>
						<SimpleData name="SIZE">3x70</SimpleData>
						<SimpleData name="JENIS">AAAC</SimpleData>
						<SimpleData name="FASA">3</SimpleData>
						<SimpleData name="NO_ASSET">4691666</SimpleData>
						<SimpleData name="KEYPOINT">P_LAMATTIRILAU</SimpleData>
					</SchemaData>
				</ExtendedData>
				<MultiGeometry>
					<LineString>
						<coordinates>
							120.2319252842025,-5.095801787616946,0 120.231710489459,-5.09580584754741,0 120.231337174459,-5.09583635623586,0 120.230796960986,-5.09586303512061,0 120.2301485954,-5.0960791184817,0 120.230125149118,-5.09608548039295,0 120.23010949281,-5.09609965345089,0 
						</coordinates>
					</LineString>
				</MultiGeometry>
			</Placemark>
			<Placemark>
				<name>SUTM LAMATTIRILAU</name>
				<visibility>0</visibility>
				<styleUrl>#stylemap_id190</styleUrl>
				<ExtendedData>
					<SchemaData schemaUrl="#Data_Jaringan_UP3_Bulukumba10">
						<SimpleData name="KODE_HANTA">SEGMEN TG. LAMATTIRILAU.00033-TG.LAMATTIRILAU.00065</SimpleData>
						<SimpleData name="begin">TG.LAMATTIRILAU.00034</SimpleData>
						<SimpleData name="end">TG.LAMATTIRILAU.00065</SimpleData>
						<SimpleData name="P_EAM">LAMATTIRILAU</SimpleData>
						<SimpleData name="NAMA P.JAR">P. LAMATTIRILAU</SimpleData>
						<SimpleData name="J_DIST">P_LAMATTIRILAU</SimpleData>
						<SimpleData name="LENGTH">1617.09</SimpleData>
						<SimpleData name="P_UP2D">P_LAMATTIRILAU</SimpleData>
						<SimpleData name="LOCATION">ULP.32760</SimpleData>
						<SimpleData name="PANJANG">1.60</SimpleData>
						<SimpleData name="SIZE">3x70</SimpleData>
						<SimpleData name="JENIS">AAAC</SimpleData>
						<SimpleData name="FASA">3</SimpleData>
						<SimpleData name="NO_ASSET">4691667</SimpleData>
						<SimpleData name="KEYPOINT">P_LAMATTIRILAU</SimpleData>
					</SchemaData>
				</ExtendedData>
				<MultiGeometry>
					<LineString>
						<coordinates>
							120.231920690369,-5.09580307047656,0 120.231991750393,-5.09612726419044,0 120.232094771583,-5.09639321806332,0 120.232157401267,-5.09678553518284,0 120.232238983204,-5.0973871373332,0 120.232480904357,-5.09804062166987,0 120.232763098922,-5.09845765685495,0 120.232828041511,-5.09904652084073,0 120.232808168509,-5.09947541672937,0 120.232727697177,-5.09974512022963,0 120.232511479882,-5.10004081172204,0 120.232378260143,-5.10027126923038,0 120.232233702335,-5.10049223124194,0 120.232002583399,-5.10075269018737,0 120.231769883977,-5.10098596524517,0 120.231604470123,-5.1012256412611,0 120.231598993357,-5.10156836752436,0 120.231611184407,-5.10214413301665,0 120.231774283969,-5.10259248815489,0 120.231846170076,-5.10308065888978,0 120.231491059359,-5.10345975379736,0 120.231078571204,-5.10358422047665,0 120.230557259042,-5.10400143097743,0 120.230076692471,-5.1043617840972,0 120.229703412983,-5.10464870322811,0 120.229136858794,-5.10518564124469,0 120.228763442975,-5.10553002716767,0 120.228428721489,-5.10594822125198,0 120.228066593094,-5.10638732854829,0 120.227694214714,-5.10685277388475,0 120.227398605888,-5.10724871327317,0 120.227029089775,-5.10763645060349,0 120.227034099839,-5.10765834310398,0 
						</coordinates>
					</LineString>
				</MultiGeometry>
			</Placemark>
			<Placemark>
				<name>SUTM LAMATTIRILAU</name>
				<visibility>0</visibility>
				<styleUrl>#stylemap_id190</styleUrl>
				<ExtendedData>
					<SchemaData schemaUrl="#Data_Jaringan_UP3_Bulukumba10">
						<SimpleData name="KODE_HANTA">SEGMEN TG. LAMATTIRILAU.00065-TG.LAMATTIRILAU.00079</SimpleData>
						<SimpleData name="begin">TG.LAMATTIRILAU.00066</SimpleData>
						<SimpleData name="end">TG.LAMATTIRILAU.00079</SimpleData>
						<SimpleData name="P_EAM">LAMATTIRILAU</SimpleData>
						<SimpleData name="NAMA P.JAR">P. LAMATTIRILAU</SimpleData>
						<SimpleData name="J_DIST">P_LAMATTIRILAU</SimpleData>
						<SimpleData name="LENGTH">280.61</SimpleData>
						<SimpleData name="P_UP2D">P_LAMATTIRILAU</SimpleData>
						<SimpleData name="LOCATION">ULP.32760</SimpleData>
						<SimpleData name="PANJANG">0.70</SimpleData>
						<SimpleData name="SIZE">3x70</SimpleData>
						<SimpleData name="JENIS">AAAC</SimpleData>
						<SimpleData name="FASA">3</SimpleData>
						<SimpleData name="NO_ASSET">4691671</SimpleData>
						<SimpleData name="KEYPOINT">P_LAMATTIRILAU</SimpleData>
					</SchemaData>
				</ExtendedData>
				<MultiGeometry>
					<LineString>
						<coordinates>
							120.227029089775,-5.10763645060349,0 120.226987336241,-5.10747005411765,0 120.226864396007,-5.10716366393383,0 120.226707018402,-5.10677815051142,0 120.226538415417,-5.10637576099744,0 120.226341499129,-5.1059053868625,0 120.22609701648,-5.1052823684651,0 120.226095579432,-5.10527969611824,0 
						</coordinates>
					</LineString>
				</MultiGeometry>
			</Placemark>
			<Placemark>
				<name>SUTM LAMATTIRILAU / REC BULUPODDO</name>
				<visibility>0</visibility>
				<styleUrl>#stylemap_id190</styleUrl>
				<ExtendedData>
					<SchemaData schemaUrl="#Data_Jaringan_UP3_Bulukumba10">
						<SimpleData name="KODE_HANTA">SEGMEN TG. LAMATTIRILAU.00065-TG.LAMATTIRILAU.00079</SimpleData>
						<SimpleData name="begin">TG.LAMATTIRILAU.00066</SimpleData>
						<SimpleData name="end">TG.LAMATTIRILAU.00079</SimpleData>
						<SimpleData name="P_EAM">LAMATTIRILAU</SimpleData>
						<SimpleData name="NAMA P.JAR">P. LAMATTIRILAU</SimpleData>
						<SimpleData name="J_DIST">P_LAMATTIRILAU</SimpleData>
						<SimpleData name="LENGTH">560.81</SimpleData>
						<SimpleData name="P_UP2D">P_LAMATTIRILAU</SimpleData>
						<SimpleData name="LOCATION">ULP.32760</SimpleData>
						<SimpleData name="PANJANG">0.70</SimpleData>
						<SimpleData name="SIZE">3x70</SimpleData>
						<SimpleData name="JENIS">AAAC</SimpleData>
						<SimpleData name="FASA">3</SimpleData>
						<SimpleData name="NO_ASSET">4691671</SimpleData>
						<SimpleData name="KEYPOINT">REC_BULUPODDO</SimpleData>
					</SchemaData>
				</ExtendedData>
				<MultiGeometry>
					<LineString>
						<coordinates>
							120.226095579432,-5.10527969611824,0 120.225776499963,-5.10468633317313,0 120.225117902563,-5.10454469580515,0 120.224599496717,-5.10448491036064,0 120.224042112392,-5.10442428362726,0 120.223553598112,-5.10439237537358,0 120.222876720848,-5.10431250834486,0 120.222173318312,-5.1042391278911,0 120.221422550689,-5.10421773518095,0 
						</coordinates>
					</LineString>
				</MultiGeometry>
			</Placemark>
			<Placemark>
				<name>SUTM LAMATTIRILAU / REC BULUPODDO</name>
				<visibility>0</visibility>
				<styleUrl>#stylemap_id190</styleUrl>
				<ExtendedData>
					<SchemaData schemaUrl="#Data_Jaringan_UP3_Bulukumba10">
						<SimpleData name="KODE_HANTA">SEGMEN TG. LAMATTIRILAU.00079-TG.LAMATTIRILAU.00079.R0007</SimpleData>
						<SimpleData name="begin">TG.LAMATTIRILAU.00079.R0001</SimpleData>
						<SimpleData name="end">TG.LAMATTIRILAU.00079.R0007</SimpleData>
						<SimpleData name="P_EAM">LAMATTIRILAU</SimpleData>
						<SimpleData name="NAMA P.JAR">P. LAMATTIRILAU</SimpleData>
						<SimpleData name="J_DIST">P_LAMATTIRILAU</SimpleData>
						<SimpleData name="LENGTH">266.20</SimpleData>
						<SimpleData name="P_UP2D">P_LAMATTIRILAU</SimpleData>
						<SimpleData name="LOCATION">ULP.32760</SimpleData>
						<SimpleData name="PANJANG">0.35</SimpleData>
						<SimpleData name="SIZE">3x35</SimpleData>
						<SimpleData name="JENIS">AAAC</SimpleData>
						<SimpleData name="FASA">3</SimpleData>
						<SimpleData name="NO_ASSET">4691672</SimpleData>
						<SimpleData name="KEYPOINT">REC_BULUPODDO</SimpleData>
					</SchemaData>
				</ExtendedData>
				<MultiGeometry>
					<LineString>
						<coordinates>
							120.221422550689,-5.10421773518095,0 120.221413598321,-5.10394111174217,0 120.221436392637,-5.10351574361988,0 120.221124910726,-5.10343850616232,0 120.220939629699,-5.10296951794427,0 120.220892586341,-5.10258747088246,0 120.221055317138,-5.10215021750885,0 120.221077507848,-5.10213553681533,0 
						</coordinates>
					</LineString>
				</MultiGeometry>
			</Placemark>
			<Placemark>
				<name>SUTM LAMATTIRILAU / REC BULUPODDO</name>
				<visibility>0</visibility>
				<styleUrl>#stylemap_id190</styleUrl>
				<ExtendedData>
					<SchemaData schemaUrl="#Data_Jaringan_UP3_Bulukumba10">
						<SimpleData name="KODE_HANTA">SEGMEN TG. LAMATTIRILAU.00079-TG.LAMATTIRILAU.00146</SimpleData>
						<SimpleData name="begin">TG.LAMATTIRILAU.00080</SimpleData>
						<SimpleData name="end">TG.LAMATTIRILAU.00146</SimpleData>
						<SimpleData name="P_EAM">LAMATTIRILAU</SimpleData>
						<SimpleData name="NAMA P.JAR">P. LAMATTIRILAU</SimpleData>
						<SimpleData name="J_DIST">P_LAMATTIRILAU</SimpleData>
						<SimpleData name="LENGTH">3659.82</SimpleData>
						<SimpleData name="P_UP2D">P_LAMATTIRILAU</SimpleData>
						<SimpleData name="LOCATION">ULP.32760</SimpleData>
						<SimpleData name="PANJANG">3.35</SimpleData>
						<SimpleData name="SIZE">3x70</SimpleData>
						<SimpleData name="JENIS">AAAC</SimpleData>
						<SimpleData name="FASA">3</SimpleData>
						<SimpleData name="NO_ASSET">4691673</SimpleData>
						<SimpleData name="KEYPOINT">REC_BULUPODDO</SimpleData>
					</SchemaData>
				</ExtendedData>
				<MultiGeometry>
					<LineString>
						<coordinates>
							120.221422550689,-5.10421773518095,0 120.221113928538,-5.10418918657007,0 120.220802205597,-5.10415839160566,0 120.220460123357,-5.1041610894768,0 120.220122906321,-5.10425564051086,0 120.21982339542,-5.10448679821208,0 120.21955448443,-5.10468939837271,0 120.219272535248,-5.10478604388893,0 120.218972197041,-5.10487812743036,0 120.218554767994,-5.10475345406856,0 120.218093128955,-5.10472590487535,0 120.217643067242,-5.10477062476956,0 120.217164615897,-5.1048044839606,0 120.21665558825,-5.10479793781947,0 120.216251071177,-5.10475889816211,0 120.2157170584,-5.10468544611629,0 120.215309681277,-5.1046754711389,0 120.214718316712,-5.10471951911313,0 120.21420812057,-5.10473221636527,0 120.213750583944,-5.10476595019152,0 120.213308244281,-5.10480757770482,0 120.212794722488,-5.10489366487121,0 120.212418747246,-5.10496103400462,0 120.211954687294,-5.10501717919777,0 120.211433013237,-5.10507805521937,0 120.210957466329,-5.10521986443383,0 120.210476778841,-5.10539238946423,0 120.210039968781,-5.10558376164268,0 120.209521417244,-5.10576128678229,0 120.209079837226,-5.10595460570364,0 120.208492551352,-5.10617060285303,0 120.20817236609,-5.10629020564595,0 120.207720625026,-5.10640184052398,0 120.207229685293,-5.10654157383552,0 120.206776787795,-5.10670172842533,0 120.20618968573,-5.106947002856,0 120.205852332005,-5.10702350294542,0 120.205520170165,-5.10711005794711,0 120.205126592524,-5.10722110109518,0 120.204859300282,-5.10729694784853,0 120.204301948102,-5.10741112101975,0 120.203758271724,-5.1075423795432,0 120.203067230617,-5.1077171265881,0 120.20247703734,-5.10791549168036,0 120.201592106971,-5.10812410781218,0 120.200767668293,-5.10815856264219,0 120.200232075729,-5.1082314223495,0 120.199759942133,-5.10815172379153,0 120.199256552584,-5.10790928130787,0 120.198862924396,-5.10762836886128,0 120.198482482709,-5.10724337690968,0 120.198043870343,-5.10686624924735,0 120.197577362515,-5.10694685419466,0 120.196967119052,-5.10722741617587,0 120.19643013069,-5.10755773822943,0 120.195968242606,-5.10782822276903,0 120.195431479079,-5.10805935387795,0 120.194962532191,-5.1079488710623,0 120.194584860677,-5.10784814030298,0 120.193842800972,-5.10779344425451,0 120.193456632459,-5.10743880001447,0 120.19313618271,-5.10710214087304,0 120.192908290039,-5.10692167044763,0 120.192397950391,-5.10673347199763,0 120.191831820921,-5.10657987698879,0 120.191408054964,-5.10650055202034,0 120.190681248146,-5.10639285944886,0 120.190328593969,-5.10630890257671,0 
						</coordinates>
					</LineString>
				</MultiGeometry>
			</Placemark>
			<Placemark>
				<name>SUTM LAMATTIRILAU / REC BULUPODDO</name>
				<visibility>0</visibility>
				<styleUrl>#stylemap_id190</styleUrl>
				<ExtendedData>
					<SchemaData schemaUrl="#Data_Jaringan_UP3_Bulukumba10">
						<SimpleData name="KODE_HANTA">SEGMEN TG. LAMATTIRILAU.00146-TG.LAMATTIRILAU.00146.R0022</SimpleData>
						<SimpleData name="begin">TG.LAMATTIRILAU.00146.R0001</SimpleData>
						<SimpleData name="end">TG.LAMATTIRILAU.00146.R0022</SimpleData>
						<SimpleData name="P_EAM">LAMATTIRILAU</SimpleData>
						<SimpleData name="NAMA P.JAR">P. LAMATTIRILAU</SimpleData>
						<SimpleData name="J_DIST">P_LAMATTIRILAU</SimpleData>
						<SimpleData name="LENGTH">1194.57</SimpleData>
						<SimpleData name="P_UP2D">P_LAMATTIRILAU</SimpleData>
						<SimpleData name="LOCATION">ULP.32760</SimpleData>
						<SimpleData name="PANJANG">1.10</SimpleData>
						<SimpleData name="SIZE">2x35</SimpleData>
						<SimpleData name="JENIS">AAAC</SimpleData>
						<SimpleData name="FASA">1</SimpleData>
						<SimpleData name="NO_ASSET">4691674</SimpleData>
						<SimpleData name="KEYPOINT">REC_BULUPODDO</SimpleData>
					</SchemaData>
				</ExtendedData>
				<MultiGeometry>
					<LineString>
						<coordinates>
							120.190328593969,-5.10630890257671,0 120.190289256007,-5.10567104529692,0 120.190207928578,-5.10535272592965,0 120.189988380186,-5.10515050749518,0 120.189396924749,-5.1050900037601,0 120.189082680501,-5.10467789646849,0 120.18947161943,-5.10425236240638,0 120.189948461079,-5.10408734924485,0 120.19022240926,-5.10376994737769,0 120.190240285138,-5.10338235104684,0 120.190257171419,-5.10304657710961,0 120.190208461894,-5.1024438240096,0 120.190256859441,-5.10210920904538,0 120.190421594749,-5.1015177021759,0 120.190636160499,-5.10085851223013,0 120.190847750954,-5.10033801233015,0 120.191045215627,-5.10035284825822,0 120.19139745275,-5.10043713290617,0 120.192010795936,-5.10058004544232,0 120.192433841901,-5.10069876617441,0 120.19283752532,-5.10077851548636,0 120.193714471822,-5.10098892624699,0 120.19411181788,-5.10115407462133,0 
						</coordinates>
					</LineString>
				</MultiGeometry>
			</Placemark>
			<Placemark>
				<name>SUTM LAMATTIRILAU / REC BULUPODDO</name>
				<visibility>0</visibility>
				<styleUrl>#stylemap_id190</styleUrl>
				<ExtendedData>
					<SchemaData schemaUrl="#Data_Jaringan_UP3_Bulukumba10">
						<SimpleData name="KODE_HANTA">SEGMEN TG. LAMATTIRILAU.00146-TG.LAMATTIRILAU.00181</SimpleData>
						<SimpleData name="begin">TG.LAMATTIRILAU.00147</SimpleData>
						<SimpleData name="end">TG.LAMATTIRILAU.00181</SimpleData>
						<SimpleData name="P_EAM">LAMATTIRILAU</SimpleData>
						<SimpleData name="NAMA P.JAR">P. LAMATTIRILAU</SimpleData>
						<SimpleData name="J_DIST">P_LAMATTIRILAU</SimpleData>
						<SimpleData name="LENGTH">1828.67</SimpleData>
						<SimpleData name="P_UP2D">P_LAMATTIRILAU</SimpleData>
						<SimpleData name="LOCATION">ULP.32760</SimpleData>
						<SimpleData name="PANJANG">1.75</SimpleData>
						<SimpleData name="SIZE">3x70</SimpleData>
						<SimpleData name="JENIS">AAAC</SimpleData>
						<SimpleData name="FASA">3</SimpleData>
						<SimpleData name="NO_ASSET">4691675</SimpleData>
						<SimpleData name="KEYPOINT">REC_BULUPODDO</SimpleData>
					</SchemaData>
				</ExtendedData>
				<MultiGeometry>
					<LineString>
						<coordinates>
							120.190328593969,-5.10630890257671,0 120.190197208286,-5.1066395317894,0 120.190012854983,-5.10683381070811,0 120.189645061703,-5.10700868177059,0 120.189228347359,-5.10740048980007,0 120.189086641671,-5.10769055039093,0 120.188840807582,-5.10807419167699,0 120.188648311902,-5.10837512624046,0 120.188346904079,-5.10885086247474,0 120.188095832781,-5.1093539582548,0 120.187663941001,-5.10963080892927,0 120.187275752389,-5.10985665806089,0 120.186780107234,-5.1098586953633,0 120.186480646189,-5.1098559878841,0 120.186065205835,-5.10985259655433,0 120.185748646379,-5.11004783923577,0 120.185468450818,-5.10991941614167,0 120.185098531172,-5.10944530541661,0 120.184685156323,-5.10923552716602,0 120.184336027313,-5.10947619828782,0 120.184013406652,-5.10960164658777,0 120.183551275556,-5.10971195313759,0 120.183102410473,-5.10985864149451,0 120.18280229877,-5.11007177791398,0 120.182492713818,-5.11081409662909,0 120.182051574292,-5.11120653974143,0 120.181726752512,-5.11131857267391,0 120.181315043645,-5.11140314896229,0 120.180782163612,-5.11149867274618,0 120.18027588555,-5.11167560040513,0 120.179685815626,-5.11203790196053,0 120.179193036729,-5.11205433729318,0 120.178735119008,-5.1117939105157,0 120.178270805469,-5.11159147550901,0 120.177860109789,-5.11132451385973,0 120.17726179724,-5.11097108157356,0 
						</coordinates>
					</LineString>
				</MultiGeometry>
			</Placemark>
			<Placemark>
				<name>FCO JERRUNG</name>
				<visibility>0</visibility>
				<styleUrl>#stylemap_id190</styleUrl>
				<ExtendedData>
					<SchemaData schemaUrl="#Data_Jaringan_UP3_Bulukumba10">
						<SimpleData name="KODE_HANTA">SEGMEN TG. LAMATTIRILAU.00181-TG.LAMATTIRILAU.00181.R0087</SimpleData>
						<SimpleData name="begin">TG.LAMATTIRILAU.00181.R0001</SimpleData>
						<SimpleData name="end">TG.LAMATTIRILAU.00181.R0087</SimpleData>
						<SimpleData name="P_EAM">LAMATTIRILAU</SimpleData>
						<SimpleData name="NAMA P.JAR">P. LAMATTIRILAU</SimpleData>
						<SimpleData name="J_DIST">P_LAMATTIRILAU</SimpleData>
						<SimpleData name="LENGTH">4737.21</SimpleData>
						<SimpleData name="P_UP2D">P_LAMATTIRILAU</SimpleData>
						<SimpleData name="LOCATION">ULP.32760</SimpleData>
						<SimpleData name="PANJANG">4.35</SimpleData>
						<SimpleData name="SIZE">3x70</SimpleData>
						<SimpleData name="JENIS">AAAC</SimpleData>
						<SimpleData name="FASA">3</SimpleData>
						<SimpleData name="NO_ASSET">4691676</SimpleData>
						<SimpleData name="KEYPOINT">REC_BULUPODDO</SimpleData>
					</SchemaData>
				</ExtendedData>
				<MultiGeometry>
					<LineString>
						<coordinates>
							120.17726179724,-5.11097108157356,0 120.177318697346,-5.11066707764782,0 120.177568136077,-5.1103792357641,0 120.177746532977,-5.10989266709689,0 120.177926058668,-5.10946331100747,0 120.178238193042,-5.10908355982108,0 120.178616708932,-5.10885336435985,0 120.178889859936,-5.10841905473323,0 120.17879185271,-5.10792772373798,0 120.178358908812,-5.10762881473251,0 120.177816557351,-5.10729745846332,0 120.177735742814,-5.10661182759228,0 120.178162381618,-5.1064109316935,0 120.178429112673,-5.10628215434568,0 120.178720254281,-5.1060862827355,0 120.179060386441,-5.10580943122542,0 120.179259071309,-5.10554425294518,0 120.179318357618,-5.10516381164734,0 120.1788260898,-5.10465437966772,0 120.178918622941,-5.10382904707831,0 120.179096380996,-5.10355841994608,0 120.1793225936,-5.10325085297277,0 120.17941978971,-5.10256234094153,0 120.179292361735,-5.10219094323416,0 120.179171473192,-5.10191639890536,0 120.178947426709,-5.10172639535162,0 120.178879909098,-5.10134283672247,0 120.178968901008,-5.10101257613814,0 120.179103297376,-5.10087151860634,0 120.17927374654,-5.1004477363808,0 120.179435192088,-5.09996621206617,0 120.179568447235,-5.09957737707952,0 120.17979128321,-5.09919119736097,0 120.18013124962,-5.0988785884094,0 120.180498460758,-5.09856798529646,0 120.180810097883,-5.09837210047628,0 120.181207919088,-5.09810337730277,0 120.181631114336,-5.09787630218756,0 120.1818941543,-5.09756598324611,0 120.18212497863,-5.09727297098555,0 120.182173609889,-5.09682161960171,0 120.181879649326,-5.09656248546868,0 120.181586697186,-5.09613832932217,0 120.181525947369,-5.09570849217116,0 120.181915218534,-5.09519571768085,0 120.182052281341,-5.09463799238576,0 120.182344660703,-5.09396244092567,0 120.183020357943,-5.09331095473361,0 120.183289259092,-5.09281044568402,0 120.183305378858,-5.09275749553703,0 120.18339406444,-5.09221095241294,0 120.183729009368,-5.09189203460115,0 120.183690205911,-5.09097026290693,0 120.183727849279,-5.09041239719741,0 120.183941934692,-5.08988691094439,0 120.183949438304,-5.08986070437402,0 120.183330503101,-5.08848424201965,0 120.18331821572,-5.08848438407823,0 120.183054045557,-5.08811433965955,0 120.182816333526,-5.08789937632656,0 120.182749595105,-5.08722890892008,0 120.182421960771,-5.08670859685755,0 120.181558752048,-5.08640950122637,0 120.181541742566,-5.08588496412856,0 120.181711458157,-5.08546385932078,0 120.182028661412,-5.08515016874044,0 120.182332326672,-5.08476050705152,0 120.182404899607,-5.08427359951849,0 120.182517849083,-5.08389335873675,0 120.18272278218,-5.08342116442152,0 120.18260861624,-5.0829337360977,0 120.182756183532,-5.08250966334466,0 120.183041628119,-5.08211627542553,0 120.183330022498,-5.08168687661838,0 120.183708067858,-5.0814613027728,0 120.184117808634,-5.08129457202135,0 120.184345379572,-5.08083746685509,0 120.184429245835,-5.08033309073256,0 120.184592256578,-5.07991125696978,0 120.184939201274,-5.07945851933955,0 120.18532921362,-5.07931606210172,0 120.18529664192,-5.07884149825248,0 120.185264675994,-5.07837298316627,0 120.185483713823,-5.07789171935243,0 120.185987850875,-5.07743549489394,0 120.186463678129,-5.07739641515241,0 120.186997753583,-5.07777726106881,0 120.187516898856,-5.07778056392619,0 
						</coordinates>
					</LineString>
				</MultiGeometry>
			</Placemark>
			<Placemark>
				<name>SUTM LAMATTIRILAU / REC BULUPODDO</name>
				<visibility>0</visibility>
				<styleUrl>#stylemap_id190</styleUrl>
				<ExtendedData>
					<SchemaData schemaUrl="#Data_Jaringan_UP3_Bulukumba10">
						<SimpleData name="KODE_HANTA">SEGMEN TG. LAMATTIRILAU.00181-TG.LAMATTIRILAU.00245</SimpleData>
						<SimpleData name="begin">TG.LAMATTIRILAU.00182</SimpleData>
						<SimpleData name="end">TG.LAMATTIRILAU.00245</SimpleData>
						<SimpleData name="P_EAM">LAMATTIRILAU</SimpleData>
						<SimpleData name="NAMA P.JAR">P. LAMATTIRILAU</SimpleData>
						<SimpleData name="J_DIST">P_LAMATTIRILAU</SimpleData>
						<SimpleData name="LENGTH">3510.75</SimpleData>
						<SimpleData name="P_UP2D">P_LAMATTIRILAU</SimpleData>
						<SimpleData name="LOCATION">ULP.32760</SimpleData>
						<SimpleData name="PANJANG">3.20</SimpleData>
						<SimpleData name="SIZE">3x70</SimpleData>
						<SimpleData name="JENIS">AAAC</SimpleData>
						<SimpleData name="FASA">3</SimpleData>
						<SimpleData name="NO_ASSET">4691677</SimpleData>
						<SimpleData name="KEYPOINT">REC_BULUPODDO</SimpleData>
					</SchemaData>
				</ExtendedData>
				<MultiGeometry>
					<LineString>
						<coordinates>
							120.17726179724,-5.11097108157356,0 120.176799624215,-5.11078667749003,0 120.176473565125,-5.11076713771904,0 120.176100377224,-5.11091695377449,0 120.175557087902,-5.11078317936663,0 120.175007070931,-5.1106475145302,0 120.17471143048,-5.11095579691396,0 120.174117569146,-5.11089098280305,0 120.173667871642,-5.11079696253385,0 120.173321414726,-5.11073082648766,0 120.172902293577,-5.11057917869245,0 120.172589057037,-5.11047291276084,0 120.172189904137,-5.11025163326026,0 120.171735170808,-5.10990574321392,0 120.171416822768,-5.10987666827862,0 120.171055508782,-5.10996303677159,0 120.170403420004,-5.10962978118191,0 120.170040369621,-5.10940402385549,0 120.169837619648,-5.10898512007214,0 120.169493707857,-5.10874538354431,0 120.169014691879,-5.10831185974647,0 120.168650599031,-5.10798078107577,0 120.168329487938,-5.1077711917173,0 120.16801565445,-5.10764250658797,0 120.167653937782,-5.10755182875204,0 120.167276809749,-5.10720667491357,0 120.167230287812,-5.10667532107075,0 120.166837057002,-5.10618221081815,0 120.166910371492,-5.10566638978507,0 120.16663922825,-5.10516090420576,0 120.166212014248,-5.10488417236006,0 120.165837340356,-5.10454322985077,0 120.165522347958,-5.10412544967321,0 120.165228819908,-5.10348711941659,0 120.164950700981,-5.10285350529361,0 120.164103730717,-5.10251750329159,0 120.163597332736,-5.10244478178841,0 120.162941056925,-5.10251945677235,0 120.162417198219,-5.10254426709722,0 120.161792882779,-5.10231566937227,0 120.161321135046,-5.10253556665808,0 120.161090825229,-5.1029528501474,0 120.160840685538,-5.10337108477206,0 120.160669639832,-5.1036720040845,0 120.160475923024,-5.10410227123051,0 120.160307829649,-5.10459243400491,0 120.160047051924,-5.10508359812476,0 120.15974101478,-5.10545860715992,0 120.159518091762,-5.10579259406146,0 120.159319683182,-5.10619070070217,0 120.15919152205,-5.1064458802866,0 120.158963583412,-5.10675035868579,0 120.158756925659,-5.10697087862179,0 120.158328843247,-5.10734182383227,0 120.158033679801,-5.10717570967733,0 120.157770698757,-5.10683911071183,0 120.157606477439,-5.10640769538914,0 120.157508008944,-5.10601629923859,0 120.157416578053,-5.10537794176332,0 120.15722637752,-5.10482003069088,0 120.157226109255,-5.10420275278451,0 120.157302318157,-5.10359194147278,0 120.157342939485,-5.10311566484844,0 120.157256696012,-5.10274763899024,0 120.156750624128,-5.1024878668215,0 
						</coordinates>
					</LineString>
				</MultiGeometry>
			</Placemark>
			<Placemark>
				<name>FCO BARANG</name>
				<visibility>0</visibility>
				<styleUrl>#stylemap_id190</styleUrl>
				<ExtendedData>
					<SchemaData schemaUrl="#Data_Jaringan_UP3_Bulukumba10">
						<SimpleData name="KODE_HANTA">SEGMEN TG. LAMATTIRILAU.00245-TG.LAMATTIRILAU.00245.R0110</SimpleData>
						<SimpleData name="begin">TG.LAMATTIRILAU.00245.R0001</SimpleData>
						<SimpleData name="end">TG.LAMATTIRILAU.00245.R0110</SimpleData>
						<SimpleData name="P_EAM">LAMATTIRILAU</SimpleData>
						<SimpleData name="NAMA P.JAR">P. LAMATTIRILAU</SimpleData>
						<SimpleData name="J_DIST">P_LAMATTIRILAU</SimpleData>
						<SimpleData name="LENGTH">5804.32</SimpleData>
						<SimpleData name="P_UP2D">P_LAMATTIRILAU</SimpleData>
						<SimpleData name="LOCATION">ULP.32760</SimpleData>
						<SimpleData name="PANJANG">5.50</SimpleData>
						<SimpleData name="SIZE">3x70</SimpleData>
						<SimpleData name="JENIS">AAAC</SimpleData>
						<SimpleData name="FASA">3</SimpleData>
						<SimpleData name="NO_ASSET">4691678</SimpleData>
						<SimpleData name="KEYPOINT">REC_BULUPODDO</SimpleData>
					</SchemaData>
				</ExtendedData>
				<MultiGeometry>
					<LineString>
						<coordinates>
							120.156750624128,-5.1024878668215,0 120.156890864866,-5.10199900704584,0 120.157004638042,-5.10141640252235,0 120.157206221078,-5.10088612711776,0 120.157477712195,-5.10036267550041,0 120.157372446708,-5.10009873996324,0 120.157128881027,-5.09963268379362,0 120.1567579933,-5.09943587164751,0 120.156427968582,-5.09887608860823,0 120.156077890002,-5.09861741451118,0 120.155906839161,-5.09809715388445,0 120.155513577532,-5.09764209935597,0 120.155206744847,-5.09741491653086,0 120.154726024655,-5.09712695514981,0 120.154407191202,-5.09687406922631,0 120.154058191052,-5.09661186372151,0 120.153958548209,-5.09629389247033,0 120.153732732107,-5.09605631986018,0 120.153522637408,-5.09577660965957,0 120.153361576269,-5.09526383043425,0 120.153256836901,-5.09511461516282,0 120.153125156426,-5.09481042854174,0 120.152984812907,-5.09446762871234,0 120.153114503132,-5.09421558885903,0 120.153332760929,-5.09385349900947,0 120.153583879558,-5.0932701423196,0 120.15374359599,-5.09297603001868,0 120.153861349844,-5.09272707753362,0 120.153976951887,-5.09235764994213,0 120.154146257599,-5.09181521372372,0 120.154342962318,-5.09139832891041,0 120.154543612248,-5.09099746433192,0 120.15481340188,-5.09052465657476,0 120.155072654447,-5.09001502915295,0 120.155201846202,-5.08951192594132,0 120.155369833414,-5.08893837026887,0 120.155437770788,-5.08828795483055,0 120.155221670411,-5.08775551394406,0 120.154791597832,-5.08724170714681,0 120.154423455889,-5.08664793992814,0 120.154132970113,-5.08619636908092,0 120.153903971687,-5.08587486812066,0 120.153636006988,-5.0856186077101,0 120.153402723425,-5.08541394662559,0 120.153206241463,-5.08517380592866,0 120.152987288362,-5.08468648259033,0 120.152801372434,-5.08429579208872,0 120.152939732222,-5.08370803271632,0 120.153182942646,-5.08334060661161,0 120.153168009249,-5.08296981620546,0 120.152546216803,-5.08312384097097,0 120.152066240149,-5.08328213563237,0 120.151677507635,-5.08350033856614,0 120.15119033039,-5.08377295755716,0 120.150989010075,-5.08419935169307,0 120.150808948864,-5.08455833125062,0 120.150537289716,-5.08489419633988,0 120.150162883161,-5.08516143354108,0 120.149746058462,-5.08517630459615,0 120.149240006168,-5.08490902057213,0 120.148723188984,-5.08473789158064,0 120.14828779714,-5.08470534135489,0 120.148038963737,-5.08434252887749,0 120.147569489531,-5.08426752438399,0 120.147184732908,-5.08414706140162,0 120.146861071111,-5.08390646217705,0 120.146467191442,-5.08355683132122,0 120.14627712231,-5.0832925993246,0 120.146060834835,-5.08275584657791,0 120.146200848161,-5.08224174432561,0 120.146156688353,-5.08190202474793,0 120.145820518818,-5.08163958269499,0 120.145544333427,-5.08115845034415,0 120.145435041561,-5.08031006066761,0 120.145281813501,-5.07969515054115,0 120.145180733823,-5.07930386266307,0 120.145234454467,-5.0787737357089,0 120.145290829125,-5.07840988088717,0 120.145501545241,-5.07795849550328,0 120.145831656458,-5.07774524952213,0 120.146197613132,-5.0774964144972,0 120.146552890421,-5.07713729704482,0 120.146725760733,-5.07663927521401,0 120.14684771603,-5.0762490946181,0 120.14683332192,-5.07578583633658,0 120.146692596034,-5.07550724865475,0 120.146507708461,-5.07511841867652,0 120.146121824154,-5.07467793064788,0 120.145758933345,-5.07413759498493,0 120.145471658583,-5.07360452819871,0 120.145278781757,-5.07306226323454,0 120.145179297967,-5.07254097147846,0 120.145134993508,-5.07204907949511,0 120.145106171661,-5.07154147908346,0 120.145077876896,-5.07114970110072,0 120.145059883895,-5.07068556026371,0 120.145050878142,-5.07027055409578,0 120.145177672321,-5.06961437149763,0 120.145264933614,-5.0691604937642,0 120.145395932171,-5.06859258039991,0 120.145546202001,-5.06797138673123,0 120.145494548429,-5.06746371785025,0 120.145179606244,-5.06726357370161,0 120.144914070197,-5.06712791217231,0 120.144592318245,-5.06704052815775,0 120.144320403713,-5.06694811035577,0 120.143838301032,-5.06671890450404,0 120.143498807382,-5.06653118040665,0 120.143168556597,-5.06633873329413,0 120.142747581,-5.06603679161328,0 120.142232164166,-5.06559572781094,0 
						</coordinates>
					</LineString>
				</MultiGeometry>
			</Placemark>
			<Placemark>
				<name>SUTM LAMATTIRILAU / REC BULUPODDO</name>
				<visibility>0</visibility>
				<styleUrl>#stylemap_id190</styleUrl>
				<ExtendedData>
					<SchemaData schemaUrl="#Data_Jaringan_UP3_Bulukumba10">
						<SimpleData name="KODE_HANTA">SEGMEN TG. LAMATTIRILAU.00245-TG.LAMATTIRILAU.00289</SimpleData>
						<SimpleData name="begin">TG.LAMATTIRILAU.00246</SimpleData>
						<SimpleData name="end">TG.LAMATTIRILAU.00289</SimpleData>
						<SimpleData name="P_EAM">LAMATTIRILAU</SimpleData>
						<SimpleData name="NAMA P.JAR">P. LAMATTIRILAU</SimpleData>
						<SimpleData name="J_DIST">P_LAMATTIRILAU</SimpleData>
						<SimpleData name="LENGTH">2465.23</SimpleData>
						<SimpleData name="P_UP2D">P_LAMATTIRILAU</SimpleData>
						<SimpleData name="LOCATION">ULP.32760</SimpleData>
						<SimpleData name="PANJANG">2.20</SimpleData>
						<SimpleData name="SIZE">3x70</SimpleData>
						<SimpleData name="JENIS">AAAC</SimpleData>
						<SimpleData name="FASA">3</SimpleData>
						<SimpleData name="NO_ASSET">4691679</SimpleData>
						<SimpleData name="KEYPOINT">REC_BULUPODDO</SimpleData>
					</SchemaData>
				</ExtendedData>
				<MultiGeometry>
					<LineString>
						<coordinates>
							120.156750624128,-5.1024878668215,0 120.156374630377,-5.10233879465787,0 120.156141547361,-5.10226313204289,0 120.155758048886,-5.1021375165648,0 120.155360856239,-5.10202977724624,0 120.154850439484,-5.10187580053795,0 120.15446829091,-5.10171665314212,0 120.154014634465,-5.10141684398627,0 120.153773956391,-5.10124664287797,0 120.153366034462,-5.1012572265633,0 120.153367130874,-5.10128723375967,0 120.153198219717,-5.10123116003157,0 120.152754941147,-5.10128989729434,0 120.152341514344,-5.10131490815701,0 120.151632481689,-5.1012029900518,0 120.151390051098,-5.10092685134793,0 120.150938782182,-5.10068108171586,0 120.150558693892,-5.10052265861038,0 120.150117132134,-5.10038488762421,0 120.149280915061,-5.10031544663289,0 120.148826175179,-5.10056096836989,0 120.148053612437,-5.10052852861144,0 120.147728989525,-5.10059375176356,0 120.147297847883,-5.10072000479126,0 120.14690649878,-5.10073987344795,0 120.146555274204,-5.10051052636134,0 120.14622645211,-5.10055925138292,0 120.145845550493,-5.10074067925273,0 120.14558244399,-5.10083673058435,0 120.145213849902,-5.10083204548191,0 120.144735975118,-5.1009557313479,0 120.144435979172,-5.10091831512787,0 120.14410002826,-5.100828608485,0 120.14351662224,-5.10073897695608,0 120.142982230188,-5.10088694817938,0 120.142565347149,-5.10050624161387,0 120.141830290139,-5.10018354662935,0 120.14122194461,-5.09955855173106,0 120.140457942711,-5.09926110661011,0 120.13939969403,-5.09903338632268,0 120.138606953032,-5.09926087142131,0 120.138017745046,-5.09930751019,0 120.137742515432,-5.0986619454806,0 120.137206698262,-5.09820953335658,0 120.13660329591,-5.09792148481761,0 
						</coordinates>
					</LineString>
				</MultiGeometry>
			</Placemark>
			<Placemark>
				<name>FCO BULU TELLUE</name>
				<visibility>0</visibility>
				<styleUrl>#stylemap_id190</styleUrl>
				<ExtendedData>
					<SchemaData schemaUrl="#Data_Jaringan_UP3_Bulukumba10">
						<SimpleData name="KODE_HANTA">SEGMEN TG. LAMATTIRILAU.00289-TG.LAMATTIRILAU.00289.L0176</SimpleData>
						<SimpleData name="begin">TG.LAMATTIRILAU.00289.L0001</SimpleData>
						<SimpleData name="end">TG.LAMATTIRILAU.00289.L0176</SimpleData>
						<SimpleData name="P_EAM">LAMATTIRILAU</SimpleData>
						<SimpleData name="NAMA P.JAR">P. LAMATTIRILAU</SimpleData>
						<SimpleData name="J_DIST">P_LAMATTIRILAU</SimpleData>
						<SimpleData name="LENGTH">9304.13</SimpleData>
						<SimpleData name="P_UP2D">P_LAMATTIRILAU</SimpleData>
						<SimpleData name="LOCATION">ULP.32760</SimpleData>
						<SimpleData name="PANJANG">8.80</SimpleData>
						<SimpleData name="SIZE">3X70</SimpleData>
						<SimpleData name="JENIS">AAAC</SimpleData>
						<SimpleData name="FASA">3</SimpleData>
						<SimpleData name="NO_ASSET">4691684</SimpleData>
						<SimpleData name="KEYPOINT">REC_BULUPODDO</SimpleData>
					</SchemaData>
				</ExtendedData>
				<MultiGeometry>
					<LineString>
						<coordinates>
							120.13660329591,-5.09792148481761,0 120.136366132244,-5.09823558731093,0 120.136324891305,-5.09871045310476,0 120.136235869236,-5.0993031829355,0 120.136137596493,-5.0998421775354,0 120.135943036399,-5.1005197061945,0 120.135478335618,-5.10116744865731,0 120.135474777734,-5.1014486213697,0 120.135512025511,-5.10198779406825,0 120.135635336915,-5.10251210284551,0 120.135456752327,-5.10294696817367,0 120.135271587042,-5.10348704760819,0 120.135150197257,-5.10395556329387,0 120.13494999204,-5.10427007252824,0 120.134651265711,-5.1046815369597,0 120.13432512339,-5.10505592587148,0 120.134067328539,-5.10554636065316,0 120.133762241259,-5.10594385551358,0 120.133234466184,-5.10600525680251,0 120.132730093264,-5.10593220002339,0 120.132484376902,-5.1060921075418,0 120.132315075751,-5.10639299804386,0 120.132354050487,-5.10682161424107,0 120.132186787702,-5.10725961842383,0 120.131620373195,-5.10716623304062,0 120.131192753957,-5.10738569074258,0 120.13086862757,-5.10787739858448,0 120.131206463534,-5.10827311289595,0 120.131483363908,-5.10869436145853,0 120.131679738998,-5.10906472560005,0 120.131744284687,-5.10967630057924,0 120.131605954429,-5.11022058263593,0 120.131350502233,-5.1104937041512,0 120.13096873001,-5.11093214928904,0 120.130680213065,-5.11129358108416,0 120.130381208003,-5.11168688959706,0 120.130021531698,-5.1118501137173,0 120.129647414258,-5.11212938136372,0 120.129663765512,-5.11250413152418,0 120.12987194656,-5.11293830752705,0 120.129907975542,-5.11352329325788,0 120.129782275455,-5.11394365958488,0 120.129558043623,-5.11471842463911,0 120.129393700988,-5.11517739131179,0 120.129080213679,-5.11527505803022,0 120.128976642153,-5.11571991274229,0 120.128940702754,-5.11609615933559,0 120.12874294077,-5.11659316109536,0 120.128624821681,-5.11719507252861,0 120.128940620648,-5.11759678673005,0 120.128760676341,-5.1180489600018,0 120.12868817946,-5.11841002275483,0 120.128652123012,-5.11877923824278,0 120.128496758556,-5.1190938004214,0 120.128315037894,-5.11929932456535,0 120.128149617897,-5.11932455622889,0 120.127594133149,-5.11933664539925,0 120.127398414686,-5.1195664858091,0 120.127202207105,-5.11989642323148,0 120.126957805134,-5.12043561084441,0 120.126529284859,-5.12079530399537,0 120.126050015143,-5.12109286808639,0 120.125459014235,-5.12153565919059,0 120.125043686853,-5.12116890922085,0 120.124396925673,-5.12139021154627,0 120.124249631574,-5.12176473246919,0 120.123721703995,-5.12165496699065,0 120.123043693995,-5.12172396202793,0 120.122261992165,-5.12201214965982,0 120.121747406321,-5.12218768128629,0 120.121071226494,-5.12220625307683,0 120.121084831689,-5.12161044615264,0 120.120587996733,-5.12126640007921,0 120.120046343627,-5.12112906826982,0 120.119590093336,-5.12110114984801,0 120.11908171246,-5.12096310432812,0 120.118658478567,-5.1212136914658,0 120.118338644804,-5.12137299732936,0 120.11789030083,-5.12122830754824,0 120.11740105152,-5.12100975124171,0 120.116984413613,-5.12087482516257,0 120.116424338703,-5.12034166351173,0 
						</coordinates>
					</LineString>
				</MultiGeometry>
			</Placemark>
			<Placemark>
				<name>FCO LANGORI - FCO TANAH TOAE</name>
				<visibility>0</visibility>
				<styleUrl>#stylemap_id190</styleUrl>
				<ExtendedData>
					<SchemaData schemaUrl="#Data_Jaringan_UP3_Bulukumba10">
						<SimpleData name="KODE_HANTA">SEGMEN TG. LAMATTIRILAU.00289.L0051-TG.LAMATTIRILAU.00289.L0051.L0052</SimpleData>
						<SimpleData name="begin">TG.LAMATTIRILAU.00289.L0051.L0001</SimpleData>
						<SimpleData name="end">TG.LAMATTIRILAU.00289.L0051.L0052</SimpleData>
						<SimpleData name="P_EAM">LAMATTIRILAU</SimpleData>
						<SimpleData name="NAMA P.JAR">P. LAMATTIRILAU</SimpleData>
						<SimpleData name="J_DIST">P_LAMATTIRILAU</SimpleData>
						<SimpleData name="LENGTH">2718.47</SimpleData>
						<SimpleData name="P_UP2D">P_LAMATTIRILAU</SimpleData>
						<SimpleData name="LOCATION">ULP.32760</SimpleData>
						<SimpleData name="PANJANG">2.60</SimpleData>
						<SimpleData name="SIZE">3x70</SimpleData>
						<SimpleData name="JENIS">AAACS</SimpleData>
						<SimpleData name="FASA">3</SimpleData>
						<SimpleData name="NO_ASSET">4691681</SimpleData>
						<SimpleData name="KEYPOINT">REC_BULUPODDO</SimpleData>
					</SchemaData>
				</ExtendedData>
				<MultiGeometry>
					<LineString>
						<coordinates>
							120.128315037894,-5.11929932456535,0 120.128258295021,-5.11964680835288,0 120.128317884203,-5.1199239101455,0 120.128442855601,-5.1204443706941,0 120.128448212117,-5.12117118214174,0 120.128830784441,-5.12118044384077,0 120.129261965406,-5.12104630311776,0 120.129671575787,-5.12102001986089,0 120.130194886085,-5.12111099703676,0 120.130577605231,-5.12133739827813,0 120.130891785262,-5.12179464111595,0 120.131088118274,-5.12200284345749,0 120.131431741052,-5.12227909074639,0 120.131727672151,-5.12267795639535,0 120.132001056762,-5.12300547417926,0 120.13244373204,-5.12342051383045,0 120.132872374978,-5.12376760866021,0 120.133237041658,-5.12415483916296,0 120.133546418048,-5.12453866156389,0 120.134137874696,-5.12480465605535,0 120.134683316759,-5.12498172791197,0 120.134811919014,-5.12524115891872,0 120.134851805303,-5.1255865848598,0 120.134862642206,-5.12603963342225,0 120.13488420613,-5.12647336572645,0 120.135114706709,-5.12683264200635,0 120.135469088747,-5.12725688383193,0 120.135781808955,-5.12730793131767,0 120.136186066867,-5.12776394778715,0 120.136737053652,-5.12817804039279,0 120.137330076928,-5.1281695809638,0 120.137867281596,-5.1280663227943,0 120.138166358574,-5.12798255024338,0 120.138510249652,-5.12792028169683,0 120.139101717351,-5.12775284711806,0 120.139250905679,-5.12776672625922,0 120.139646222308,-5.12774238233318,0 120.140019735233,-5.12770895113537,0 120.140373501226,-5.12754153954987,0 120.140935006213,-5.12748772504118,0 120.141270420521,-5.12759383403468,0 120.141760557327,-5.12785213143086,0 120.141970253327,-5.12812502108149,0 120.142386643179,-5.12879064470973,0 120.1425086661,-5.12921192682697,0 120.142503537152,-5.1295984247456,0 120.142640945196,-5.13043899366701,0 120.142948835091,-5.13081967361176,0 120.143323725895,-5.13099330520654,0 120.14362934618,-5.13135447752628,0 120.143873203322,-5.1317408406943,0 120.143894352959,-5.13213165678514,0 120.14409549293,-5.1325598715596,0 
						</coordinates>
					</LineString>
				</MultiGeometry>
			</Placemark>
			<Placemark>
				<name>FCO LAIYA - UJUNG</name>
				<visibility>0</visibility>
				<styleUrl>#stylemap_id190</styleUrl>
				<LineString>
					<tessellate>1</tessellate>
					<coordinates>
						120.1164243311275,-5.120340987752138,0 120.116132682085,-5.120351799941124,0 120.1156028309876,-5.120456266133769,0 120.1152457874265,-5.120537041418411,0 120.1148657609477,-5.120552777069697,0 120.1145051021457,-5.120795357642873,0 120.114420860086,-5.121272842980249,0 120.1142926247163,-5.12169968950611,0 120.1139409231236,-5.122071217364649,0 120.1137178389842,-5.122432198035495,0 120.1136553276362,-5.122835980440809,0 120.1134580555656,-5.123320026691036,0 120.1132466675556,-5.123616182728193,0 120.1132483519385,-5.124042561595743,0 120.1130623862501,-5.124381632995759,0 120.1125854734579,-5.124251233884515,0 120.1121524339432,-5.124070111909547,0 120.1117208613651,-5.124080113962239,0 120.1113990146971,-5.124259558383511,0 120.1112671482631,-5.12450388090902,0 120.1114218652928,-5.124987022423941,0 120.111325141953,-5.125495491052013,0 120.1110621050615,-5.126002825535387,0 120.1109878405887,-5.126361026548204,0 120.1108584416444,-5.126774609332972,0 120.1106086673605,-5.127231707589687,0 120.1102019062097,-5.127667581768084,0 120.1097529048173,-5.127782103273863,0 120.109431764406,-5.127936220250692,0 120.1090599570504,-5.128117091613261,0 120.1088273125648,-5.128229562387568,0 120.1085866074557,-5.128486327213873,0 120.1082141518333,-5.12885736109901,0 120.1081052957905,-5.129275077890878,0 120.1080411418235,-5.129642724542714,0 120.1081683793687,-5.130153551451013,0 120.1081505590159,-5.130429507124284,0 120.1081168264119,-5.13079167262282,0 120.1081150009164,-5.131190609715017,0 120.1081656726822,-5.131518156774216,0 120.1082502044276,-5.132044839394358,0 120.1080962693892,-5.132433015978613,0 120.1078723197619,-5.132906575615983,0 120.107458005079,-5.133147206111726,0 120.1071019037735,-5.133374650658291,0 120.1065504910808,-5.133494727783189,0 120.1060507763302,-5.133626807851372,0 120.1055384100488,-5.13366292833387,0 120.1051468075052,-5.133676841881776,0 120.1048262840861,-5.133624178953292,0 120.1044143406767,-5.133383699307988,0 120.1037381740212,-5.133601009189912,0 120.1034558417166,-5.133877333191925,0 120.1033660167701,-5.13438692529364,0 120.1031725983288,-5.134503237168648,0 120.1026365047626,-5.134524207072542,0 120.1023861365545,-5.134940171903147,0 120.1023230341716,-5.135363625831128,0 120.1022254492029,-5.135652832104076,0 120.1019017650398,-5.135721590685653,0 120.1015840631857,-5.135603834225285,0 120.1013024040256,-5.1354911957465,0 120.1009105307306,-5.135480533687404,0 120.1005177422662,-5.135640035628022,0 120.100040776766,-5.135853507872619,0 120.0996303183113,-5.135970575756019,0 120.0992853587947,-5.136024059735229,0 120.0988870941431,-5.136026351152256,0 120.0983607241337,-5.136324823419312,0 120.0980663057956,-5.136212768496619,0 120.0979884668246,-5.135861822928501,0 120.09790837674,-5.135493172127013,0 120.0975127281852,-5.135302069137178,0 120.0972185067514,-5.134618506911972,0 120.0972734596689,-5.134239139206907,0 120.0970302671447,-5.133950634871363,0 120.0969872888799,-5.133536669867942,0 120.0969589838275,-5.133187437476845,0 120.0969303888233,-5.13280828804363,0 120.0970382972003,-5.132392671505362,0 120.0972217347734,-5.132043829144779,0 120.0970562986325,-5.131655621464162,0 120.0968157824641,-5.13156287742794,0 120.0965220121221,-5.131374219985255,0 120.0965478620342,-5.131079395453155,0 120.096933847166,-5.130759297954643,0 120.0971164258068,-5.130324779982304,0 120.0970626463438,-5.129977252888355,0 120.0968465298798,-5.129701110988723,0 120.0964275159163,-5.129252097317663,0 120.0956300921969,-5.129186780583576,0 120.0951619706453,-5.12900716751112,0 120.0948566695838,-5.128360297344797,0 120.0947822702488,-5.127726506431451,0 120.0950074013564,-5.127179088336779,0 120.0953244437963,-5.126774960114391,0 120.0950119817108,-5.126594898918911,0 120.094815181649,-5.126735612955239,0 120.0945438279791,-5.126946017564748,0 120.0942468147897,-5.127143055767124,0 
					</coordinates>
				</LineString>
			</Placemark>
			<Placemark>
				<name>FCO LANGORI</name>
				<visibility>0</visibility>
				<styleUrl>#stylemap_id190</styleUrl>
				<ExtendedData>
					<SchemaData schemaUrl="#Data_Jaringan_UP3_Bulukumba10">
						<SimpleData name="KODE_HANTA">SEGMEN TG. LAMATTIRILAU.00289.L0051.L0020-TG.LAMATTIRILAU.00289.L0051.L0020.L0010</SimpleData>
						<SimpleData name="begin">TG.LAMATTIRILAU.00289.L0051.L0020.L0001</SimpleData>
						<SimpleData name="end">TG.LAMATTIRILAU.00289.L0051.L0020.L0010</SimpleData>
						<SimpleData name="P_EAM">LAMATTIRILAU</SimpleData>
						<SimpleData name="NAMA P.JAR">P. LAMATTIRILAU</SimpleData>
						<SimpleData name="J_DIST">P_LAMATTIRILAU</SimpleData>
						<SimpleData name="LENGTH">487.90</SimpleData>
						<SimpleData name="P_UP2D">P_LAMATTIRILAU</SimpleData>
						<SimpleData name="LOCATION">ULP.32760</SimpleData>
						<SimpleData name="PANJANG">0.50</SimpleData>
						<SimpleData name="SIZE">3x70</SimpleData>
						<SimpleData name="JENIS">AAACS</SimpleData>
						<SimpleData name="FASA">3</SimpleData>
						<SimpleData name="NO_ASSET">4691680</SimpleData>
						<SimpleData name="KEYPOINT">REC_BULUPODDO</SimpleData>
					</SchemaData>
				</ExtendedData>
				<MultiGeometry>
	xú‰ΩiØX«ë¶˘Ÿı+.‘¿†∞®‹óµÄKâ%”¢HÇ¶zæ*õpk¨≈ê‰ûÆ?Òƒ…» ã(±(K’ÂÇM^∆=KûÃXﬂx„Wø˙’Øﬁ}Ÿó/û~˚ıg_˛·Ω˙ï˛ﬂªø˚Í´ØˇŸóü~˚‚˚ŸØb
wb.m‰[ØÛ◊o◊;1ï9bO}∆8˚Ø√Õö=◊8GoK®ısm≠ÃºÖj*"YSHK®Ñ4KN•ˆrÑJ¨•Ö<Ïv!µú√ÏeT'Tf,!Ü|	Â⁄U∞«ËÑjü°ç0 äuÃî‰!‹›zô-ÑúÎ%ì∆-˜0˙pœ=GìŒæ)…EÂ¬Ú˘µÍrÒæÑr(r]Y©0è–lU~>ÎXB°≈ëfù≥¥-‘ã<„Ãi›-éZcË•F}$˚`Ô¸Â{˜ùÔ~ÿwﬂ˘¯œü˚Ÿá/æ˙‚≈∑_ˇª˛›w˛ÈÔ^|ÒÈ◊º˛˛Ú_ıÓóü~Ò‚Ωyˇ—ÕÉ€˚ˇ˝ˆÊÌõªO√x;î˙Ó;˙Oó‘ˇ¸Ïõœ˛Ì≥œ?˚ˆﬂﬂÔæ„˛v˝Û7ﬂ˛˚Á/û˝˘{ˇEˇÙ≈ß˙‰≥ﬂ«)¢˚_.¡{ˇÎ€_˛˛≈Ô?¯Ù€OÌ=û˛Ó»oìõoÙè"˛ﬂﬁ˙/¸‡ìﬂ~ Î}˙Â'œÁOÓ˛˘Û?ˇÒœ_¸€ß1ºµ∑Ú”œæ¯”Á/Ù∑yﬁˇˆ÷Gè>∏˜…on>ª}ÎΩß˜>¸¯ﬁ√õgﬁë◊˚¯ˆŸ≥˚OÓ?∏}~'Ñ4Êù!Ù˛∂¸„ﬂ˙∑;OÇ¸œªÔú{¸Ì€˛€ã?|ˆÂ[Ô}ﬂ’‚´]MÈ˚ØıäOˆ¯ì{∑øıûø‘´˝‚C˘çõ«w~{˚‰≠˜øºÇØvÅﬂ~Ú¡˝ßœ‰ó?˘·ø˚‡ﬁ√ü˝Ê≠˜rIwjy’7}˛8}#Ô˜Ë˝€g˜=|ÎΩÁﬂ…©∑ä7Ω}¯€€áæı^∏ìÎ´˝ ”˚ˇœ=y≥ˇ’_ÒøΩ˜˛”∑ﬁªΩΩ}ˇÈ´˝∆ø‹>ïÌü_Ò;?˙‰ˆÈ”{Ú°JõQT›´˝⁄G˜˛˚„G˜ Ø=π˜˛'wü?x˛¯—<˙+ø,?⁄g‹T’_jÇwˇR{˝@Î[I%Á—ÕRÑ\bkb´bﬂ∫;∂îD£ûUHÏX,£L1Pu°0s≠≠+≈YRÔ"':9°X™\+ôf®é⁄´ªRΩÊTC_B£˜äAô!î#‘fOµñev„h9ˆPsnΩ°,?bM(»˚äÈ´vû© •0∆Â2:Qû•µ9Jq˛# ;7èÔ=yˇˆÓÕS9í˜>π˜øÖ]ô„o€ï9¯Ô¯ä∫‚˚Ï uµˇªÚ√ûÏómWÜÿïÚ™*˛lW˙ªÚäøˆ3¥+Q¥q[2V‡Pk»≠H2ÚQœ¢ü%ÍhÚû&‘ëT™—	I4–≈Õ’!ø”{Ól!¢õ¿ÔØË¢˘ï*AP.«å…NjcÃb2EÏUíávÓñÜ\Jbµ≤Ó÷Êƒ“Hò2‹Ö¶ÿëæ©KÄ%FÜ∫ªµ⁄bëX+–1éÚÿ-6'4’ ¶æû!AòX◊)“”	yÙ,ë⁄≤¥≤.yÊÛLÚ1êY~v	Õö≈pähıÂ"´V√∏¬P±p6JD5sÃNHÇº™…‘ë%,#d'#_VÃΩ¯KhŒñõx	aLw!Lπ<√µLrèëGMÚÖcsWJ±î,é¡%$´é˙ásOoüâ¶˚ˆáò€ﬂø¯Êw_ˆßo?˚ÍÀ˜Úùñn>˙¯ÈÕØPøB©|Ò≈ªÔxë_∞ç˛+÷YˆˆÎZ‰˘äz˜oXayµÂØÌ¸íÌo	µﬁ„ó`ÄÛùÙäøÚ¯'∞øØËE¸¸ÏØòΩ8H^j5Ãﬁ:±ñ(◊y2i•ãÊÂ~Ÿ±@‚räämŒì&,bo{ú=öP›ﬂÉÑZ’	U±Nb∫ \Bì<a‰vNH©-π¿%4Â:â¯≥6'kπÁíW–‘Ë8ñ<ì(K“Êe~DH,*∂/‰c6Eh`°∆≤,ry7±~≥◊qÑƒâeù+¯ì8êtbÊq…	H±ˆ\ "!YÂø≈;9BY_•gª]àÚ£∆ùO€=¬
í%™ï8π»rñ‚d0Ã)Ÿ›‰¡Kª‰ÖèêÿH±»Ω⁄Zñ)[6»ÉÖ≥LI~òp'⁄
e6YÖt<'≤ÀkK∞k_Æñ".J©%z!Òq∫|¨f%„]»÷Ò´ÉƒÈ#çf[.À
’&æƒy9q∏ﬂ¨ıj≤!J+c»˜uBA‹Äé£t	â70íxJ'j«mîN§∆UF.ôe5≈m(gƒ.ü3ão≤ˆÆ¨ õâ4Dˆwã≤ yÆG*M3Œ≤ ˝Ï“‚æ;ÚU≈Q¨I‰^˙∫‚ué:∆%Df\<`yVøñI¸9ÎBÚ–ºæx≥.≈-†|∫R√z9q˘dªÀQÌ›	âk6ªÓ¡u•I6øÀá9+¿‚≈.~ı∫†¸EŒ¯Ò¡ƒ€*ÏÂj_.◊ €àC~V@ˆQrÑj∑ó+≤e±S=˛l‚!‰	z∑+ï©˘π‘πí¯§≤íTí≠Ñöé´ößZæx_z 7ºÚ&wœD™Fñ∏≠Ωõ≈EÂ‘ovò∏˙uÿÁ&≤=˚—Ñ≤- ú≤√ö›MÙ◊Ö"áÂ\©¢:BΩµÆTd{ETZÍGHˆ™¸ºŸô+Ú•SÏM∂a:BÚ?≤}l»rÀvíıMÁ§¢Òì¨ü›çÕù8xGàVî®≠ÿzÀ>
q§ñŒ)†"%
Db"€rrHÌ·<E—gÔ¶)—í<P=zóÍMØ≤…◊#…m‰h©À˛πY«1◊·ïm+õâçz‘Æ<∑(YÒææúÏG¥¬êâG®»>}eZ'ty—Á9∫}"[Y~3∑∫ûI‚QûºÓÆ·Dr…à2m`e‹#E=äs^[`ÃHJ4ö‹R≤ ¢{\B∂h˙‚∂Ä(˝,{07ära—=DëgP„Áv;˘LµOJYn«……óg∏rú¢EÉK®(˚¢ú…ı‰áKHÇ∞ƒÛsÑƒ< y„\\B¢Â9≈•≥„8î¢ê—*$ß∏Ü*á≥È÷˝	C±ènü‹~¸¯π¯í7oﬂ<ˇÌÛá˛ÁŒÅJÛ◊„+ânbòØeYîÙäﬁÏﬂåµ˛∑®ûâlwÍ+'tˇëQVΩSﬁ|öÛ'à≤^q_˝¸¢¨Ô”òKH¨Ω∏©&#ñ@‹âVÅ|e≈√[ØâU--~±3"%n≤Ñ_&îƒpä;WO“M\ã≈–$≥]πÜ€/wpñ5ëX-›Ñ‘8îË+lbß¯7rG{πà√¿ÉúgﬂMú¬!˛ì=ìò‚!NB:÷7á$Np6ﬂYIB		M≈OÜ§w1ÃÀh6u§≈¥èSœÖ\î8Jv∑ú‰‚Çı„Öß(^PG•¨eí»@ú>Ò‘ÜÛ-Ä≤à%+¯v W$Xÿ2ÅOï≥›L‚ñ.Ó¡h’ÀàMç÷âª0ƒC¨‚•ûdÈÏ∏ú‚,ô"é≠D‘TÕñﬂT–ÚÆ≈œ◊N‹ÉÓJûw_º“ÛÆ√ìm!ëêO^ÎÚá$∆o*≤3èª+AÓd‚◊nìò@C÷[~˜»p2≈õjÎ±ÂÌec2{≈œKdÃ„Údá¯ÉøY¸-_>§»%_Bù3“:æÏ©¬Úç·ì])»#©«uVIûQBxyﬁµoÂNpgç»]—óD≥¸≤E„ÃÓ™
Tó≈∑⁄;â‹ÑƒMÚŸÊ…©KÙ!aœ∂ÑdSÍÂÑaë3!1o^^™úbâgÂŸ{vYn˘Ê‰Mƒu^B‚åìTH∏m[(à≈π7úóô∂PœsgπJ≥›_4˛°TÔ2Û‰Y‰£‰iGDv–Rß6—q¢Àäugw%	¡≈	nÕ÷QæPGkå˝ä`—$^ŒŸﬁK‹Â¢5'qdÛÃÁ®1C~yy¢&À8≤-P‘¸≈åÆú/Q{Wmöˆ›‰õ ^öÁ{PÜ°|—MÜùÕá'∂íxÉÏÅ|ﬂıH®˛∏®È#$ µlG≤UîçÏRŸ„[h»‚í¥J[IVR(¢&Œáw;∞∑-q·‰´Uâ[éê‹*®ò_xvÍO'«¬Ìà/≥ôÄ)Z%êøËßÚàZ%∫ ¶∏ÂT‹ìÖiNHluùµ∑	—ÿ$'‹hïç √¬¥JÑX$vtBIˆ—∞	…'*≤¢”Ö;§Ø»‚Y^ íÑìô«r…ﬂ Hf∂‡8íó P 'á(V6ÑZπ%$äEBd^Á\©£Œö¸∂Â$Ö$ª≈]Hê
3—⁄bÒ*•º#îPÔ;-@èíÿj$≈û≈ï;(ƒ§bŒjrﬂ§…æån√¢yÙ°,Cq+)èî"ªu…Ä≥D=Ù»Ñú0ÊΩZÓ@é ëú‹p9„;îı‹e»….ÁÒèêÏA*ñi#@˙™c*∂ô◊FúoWb ”˜È^N¥~.¢vÌëDs+gÂ‹çîçÌí 5EÁã>ÖL≥¨ÚXÍD\˝írƒ›
$9K≤R5≠ej“Ü&=YŸ}Y6XìO∑ÑFËˆ‰R∂ÅsBVgÂ∆‘ñëñû√]hÑBé√rë‚⁄»üE'∑£ï≈¸ôZ≤s"˙O[ˆÈqÒB§åúı‰¨D+vªRuOq"ﬂr•»eq+·˚Iìï+¢NVÖñ“+:ñiMGH¥ª®éπj‘o◊Ö:ÓR+æI≥<zèGºYÆ#§â∆πr˚d{‰"¢Å‚ÿN.izy˝ìÂµßû≈ÕÿG.†Â†ÃX≤•—±rÑCtBÚ:¢s¬Àá‘P≈¨πGoIÃµ])i	ù,¯q©ÄÂàÒñ]Ω^N9W¥Ã8	é¿Âø.πJEW<ZP+,áº‰u7—àrÍ+∑gßêüY2b¶U«Ùù>Ÿ`≤È´-w≈ Í;îqVRû∑‡@-ÃöÍ¿Æ«$üUÍ¯ÆXH"â-∂ö‹◊ƒ&~Ê\PqÚp(jywªÜﬂmmfDÉ˜:°D
~û• ÷+:∂Pï/…cÕU∑êΩ>p Q"Dp$õ˚£TÇY¨|ûIn‰∞ß‘¡ÓñGÍGÈH"Ïëu(≈=ì®Oåx	ˆLü±·dµ‹ï@	äõîÌ≥≤ˆ‚û|4	Q”
j"TYlú{ˇ‡r
≈€ˆLU∂{∆AçÒ<ì¯r îKì.ÔﬂRr2ú\ÇÇKFn’í÷Z;w£h\qÌπ÷d_∂x¸ND
πÿR÷´uö
≤úÚóﬁ_ﬁcbQV5≠ì∞Ïâ
€y±ç˙¡¬FÏ¢h¿)ö£ªØ+ﬂµ™˜∑n7(ò®À^›"°©$àYΩ‚z4êÿ"∑-q++»‘µ ≤qdaq!Ú9súB‹ˆÀ!¶àÉ∑áYw˚’,mÆ#._é‹˜Ô"¸ÑYÕß=˚¯;≠á2˘◊«Ó›àçxMh…_§9ﬁï˜˛Ê≈ÁüÀ˚øﬂ}«˝Ìü˛fÑNh9æiÏäZßP{Gãî®˙J∞ú∑ò¯¯Sc˜Ìﬂ!V3%_~ââ◊*æíZ¬-%*Læûh°`%$"«@9ª©°¸ßøıQˇ‚õæ‚Á{˛Ù˘nÛ˚OoDÁ˝gAâÆ˚+ôkÒ^3g˝∫¯‹W~Ç_v∂Z"Ô;·”ÆˇhLn˛Åê†WÌ˘)ì’˝UkN≤˙{ó˚' V_Z3ì¸3¨G∆Ëˆ*·L›YQ¡EÛD¿hRDòdYáSÁÉÏ-Äü	ñ%Lk| &Wtrßœ—ÑƒÖ!∫8pS¢Mìá›n–I(O9wxë(_c≤k±X†éD!+a˝ñ&ü=z¯‰—j…j>¸z÷õ?~ÒÕªıÌß7?"*Óﬁ4‰‡2&¯âF–ò≤r«Ò/''î(õS¨éW¶^§ƒs•ÃO¶—!A"ôA|≥∑é`É¿zKòËƒπC¢c·ñIãIúÊÙ®
q˛ŒûjÏ∆ŸpÊ¡dl1q&2Häï£Å\ôØ‰ (]ˆÿ†‘>≠ï|ÑÏ/qpDì»≤ÕñÀüƒGÂu2.ˇYèF.[˜U'AlRJö:8b`x»-@;i.,Prã&1:ÄË›Nú9kâduÀÆ$[ü%]EÍ0(®≠Êp&r÷‰íy·C®ÈDíWcÙÏ "UúxËih}Ú\ÙEÍlº>NzÑ◊+	Œ'U$âO<≤Åc.;«æïËòFNÉàÿ=õû£/ú†Ÿ24öá ›e%}π|#ª+QC|	„"ë'—ê˜ei3^ÄÉúÿ$3"^ËZ^q.+u yﬁËÍcöíÛ`RÚ›´| ŸM›#]¥NÆ∑^¥
f¢πákïÑçúØKLúÂ	6åd_˜W£0&_g}+˝úd•z:˘(Yè»P÷ÿÆ&Ou<¶,“@Õ˜bè&œÆßñ¥∏G" ]1ªàRg‰(‘"¸h?˙›w˛Â´œˇ‚k˝Û˘„R§è?yv˚PÃ* èˇ˙¯˛√è˛Ÿ)‘øØO_—?øyÁFµıW¸„ß?⁄WßÀÁ&ˇ+J˙Êü˙Âˇ˚Èó∏˘?o‚ùÿP‚ØÓ¡ã™˘ª≠˛5æUZ¶ÛÎÇO÷u^◊ùˇaOÛÀvÍ≈ Ñ;Øﬁ”èÙÍ„ù˘É (ÈM{ıØ∏ÕæAyU\Ãœ–´Oîˇò´ ≈„ b¨V{‚âBËˇl>Ú’@±ùHã@Ω}ÂÓƒú≈Ÿ=EâÂ^c≈2-!Ò	¢qJT"D>ëÏˆJïéŸ∞«bÏ∑Cü@$„/.åÆ`	aóiE®íÙÓ±ñù˝âu>2d≈o-Îâ(,jù©Ô‰m¢\XÅ	≤©¿⁄Û¢‘ü≈÷^UZÖÑã…ßÌGâ*O)ÕrÆ§¬Cﬂ7å·Ñƒ7ñ(´;éJMl‡>¬º$‚,yÃ,/…)¿J§ÂÑ:ﬁfy~Ë)‘ã3r¬, vaê„)ˇ9†Í~ÑH©uñê|◊>ƒWãn–åGuuyG⁄ƒYƒƒq?BJ‡∑RÍpƒPT(Óªâ≥*∑Ê~óêd<O˘ëªåx›@òÚz Eµ¿≠ºùËwXñr›PÃ¿ïéÓnd«eeÌ°ÂùHV¿<NàùQ∆¢ÿ+V•ÏÀ&ßHÛ’KHB"RﬂN®6˘Êu}∂_éú
yπ‰d ÄU•ÜeAºGNIqª∑Sú”∂*t¢Ö`÷°ˆU˝›dÌâ9l/âC+e“≥RÍ–˜£èn≈_{rÔ„˚œ?æ˘ËŸìõªœã˘ÁÎa}’üˇÌÛ7ø˚ÏÎﬂ˝˘≥ooû›øwÛ‡˛√{7‚~(∑˙?>˝‚Oˇ◊wåÎ∏\ˇqIo˝.ËáæÀ¸'ıÏœ ‡ƒÜö∑òƒáu{ÎÓÀñ?<Y%Ct^ıW´V@∂^IÏ3@Ü%V´28U
€NGEn[¬kÄ 	Ã‡¥Å1pïi7%fï≥$±vuJX.à…˜’‰$k€C.Ó 9"teit∏6¶hõ@˙ËËF¶û⁄ﬁä–©…Nr
/È∆÷Z§™ª˙1`˜(°k‘ùDZºÈÀŸÏ§Ç"úvÏ]Vó¢X4ˆÌBöÙå•£˝A( aŸø»á"yê©N±⁄Â-ÈR^RMtz´ù∆+e…í€‘∫s$kh894¿õb`‰ì¨ã&îO"!7ıπ#VIc»Œ9b≥JdˇæÄÑâ|oQ}1ïã®Ò.!ıHnG“ÔßY¿f¸Yr{˘∏bRﬂöÀÁ ∫f•∞–·J‚úg£« G‹ç˜
	K‘P„Y‹¨=Ù‚KÑVMLûX…«$dPôX˝b!0-˚
DÀ í¿,t>…3≤âªbYbnNLB‡§e]„ù‰”–âqDS^‚—åaiû:∂ùôX˙ÜH†N∑lô“π®q´6)[≈Ú…N›b%N⁄˛ jÉ„tä¬ë≈Ü8b4‰t˝íñJ∞∏ÅÔ9.PL÷∆∆NäX&aï®Ì¨G•´+–%g7•1
NÑvzœD§9¿–MèRÓ,Ô~Æ÷ Ù…µUìímî9•ÓE[%∂/Ÿ=ìí à”ãcSÒ-ñÉÁM
NG¨ë-£Ço´+~g´SÒ7Á[5îbDÉÿ’äx–Ùí©¿¨ZˆÉ˘cm#°“©æyÉGfï<ºY≤àt–¬tÙ;∏9Ó¥√.kë
€UT|+Gß—ï+ée1bA1*@ÙNC&J.98këËÿïK±´é8=‡Ã&5`(ÑÙpúçM•S‹,VÚù/…»èE—-«ç¨¢úrÒ€⁄Ÿá∏◊r˛D•õ«M+3∆^, å~-ÿy´3Sò—É π£ø%0H	Z¬V»Ωä/Ø‡∞c_ìvtœdÈcq|5ﬂÎ|JÃ5PÀoí}Ö=Qùs´≈û(?d4™IàJ ⁄–B⁄∆<B`˜Y4ÁFD»+=ÜV5êSJ“mıZßÌ˚ràw=|ˆËÓÛ∑˜H#>z"N„ΩêHtW\ó|rÔ˝;7?¯Ïﬁ_ª‹˜ûﬁØ˛Ù‚KNï˛Ôı£Ô®ãuü{ˇzˇ„õ∑o‰v7∑Oüﬁ|ÔŸ≥Á?î€˘ª}ﬂÌæSX∫ì5'yÛwÆ˝öƒ´í/æ˘Úìˇ¸ˇ{˚O˛Ê¸È≥/©ˇ}Wù¸’ƒƒ˜(îøùπ†a9wzÀï Œd ≈Ä–≤{å%b∞πI€ˆ/1	~õRêVuJ`C0ãÑóêŸî	Ê∏Éc=Iç°,»:bxkz&«π©ƒWΩ•]⁄ÎU Ê¶ÙS
X2q:CÍ&&äH{¢ΩB˛˚jE¡cÚj€ˇ®Ä,ˆrπ9È3uS5˝à:Áwç’_ﬂçãmÓ¡›ß7—u)áÈÓÌìÁ≤â¯ëáø/ãhG%≈!ëwÛ79q˛ŒNoz6c,qm	1/‡íH™`£‹X„Ï[”ù…Pà;b‘§S5µüµ©ﬁ¡éwª≈∫àßu©‡¨2tXT»{è¸‰M.∆r¥ç“T•ƒ›tà·j´§uS	
'$M 9ß{∞rÕı¢ ¸‰∑$<ö¡IöHÄo≠›:9TôNà”÷⁄Péá‚≈Ô$bbI%@(ÆE§¯.éÎ∫ß<}+∫ ±ù≈%|¸}µ$I®¡ŒXûN'P∆m§ÃÜI—GS¥ó>ú≈ ~ Âò/ßvdYlæ°,)Y˙§c]£07±ŸÒ-kÛ5º}^ï4®û3m$è∂„¯ô‹%µÖ≠»POH<≈ÁÃí€îK¢ªv•4#Á*™Ït∞¯'H“◊≤§ï—x‘¢y
T≤!ÏbSCŸπeEåp4Å’]ÀÅ[S÷ãPx®◊ã¶&æM88g⁄
`q«j-‹”ê~∞SœMÈ#¢lm]-√Í,œAÍÙÏÅ,∑Q´∞—ï†D"Ñ<›M„ >∫<åL ï]$Ô;6ß %hö˙µcâ…Ê.C!¬…âA6¶Â—µ∏ÍyVP‡Á(É ö•’çExSŸ¥Óé≈äæŒ¢«!`ñœ+ø
1G?b‚ZAÑ∞– ¨î–ÂÓÆñj”÷â˚&øFT¨O=RÅû+p≥ÎÉä∆;I¸l¸B®‚ôÀZç.1z™¶⁄ÿù-Rv7÷§ªQ≠lJñmÔé⁄…Ë¬∆1Ì—$0#uˆ∑®BŸi\¬.&ãJ"jBt§]ö≈:/≤&∞≈ƒW¯Œ≈dÛm€HÎ8%ZgÀÈxx≠Ñ¡Ç∞”X+˚©iÜn£Çr≠C¬æ7Æ2;à&™£;)¯Ó†oÎ—DÁE∏`f=ÑAû\Vö`hΩÁ “otF’”ArÙLZ™O"_¸≤eûÔ$_H~/ÎÒ®vöÒ9éT‚C…í/"ì„„ı“é≥T°P©∏D¨S˘ê”(js∫Á'ÊÜq‰zM<zxAhÄ<Õ¥t–3B≥ÕéRŸßâB{Di!≠√.Üè@ò<‹Wo b≥¿"÷aù!ãw "VqvÄ¨ÿ’†5äp±DêàM®eËºî≠∞]9ò@éô≠ Õqœ÷aÁê\¨&9∫#@¢≤Ù∞hk»kbU	/˜°ƒ8@ﬁà÷ZbÏmæ˙i·a´ÃiZ=¡Œ"TπX^øp“E{2rúDp=Üc~dµDıÅ∞YW”TbêwùÈl€tN¿$=∑ƒí¬sp:£”ÒQNO‚±>È;HàùV&QGÔ·B±íÒÿé"M·∫‰j˜$w)À”……1Ÿﬁr~bÔsã¡©¶Û¢‡õ–+/ô±MdãE—'∑lYõ§eœ¥ıØÄ˝ì<tÊòg/tp€’‰ºÄ™¢{ﬁââ6ƒ±)√ƒ 3ıÆI∑cµÂ‰ÒÿGkKj˜,J.ã?–UÎü´Añ”59Ô^AN'«≠ì¡∏ƒyöõª3g÷¢u–⁄  nƒëΩ‡º“Lú„∂nJm™–DF∆≈9àö´ãHƒ¢lHØ∏VßFÛeá‘Må‰?Ë°1^r^eÖ)¥Æ»MHëVö9uR∏~Úv‡…xä∫¢’€π1]>5⁄ÈJ\3CˆÜÏ“‘ÁîgIˆG¥G”∑$/ y¥AZ9Jå∂úy˙⁄Ê$?œÍB);©äóuÆ*˝cWôÛùËòö∑e}yÍØÙhÜ‚¬¿FÛ+úOsEãEÀÀdúg≠Á\M8TEÂñnW´ﬂ+Tv{Wvzı@Ã,Ú\m∂3…Ëû]… ë≥óµn≤ÁAÜQhﬂKéGÍÀñ˜
)J—™–õ
*wË(a$)â◊…l¥˘z‰OêÀ∏VπPÁà{ïÒ®ú≥ﬂµuS€„◊F¡SQ¡Œ°R-§ñ”»É,!\zäu©óLeUØı‘°}ß≥dº	¨≈∫.¡<qg7âæÉª`€&‚K+?cßÏqƒ≤ÚHj˜´äM:[a¶ÕÍàUÿsYu˛‰7}„(Øw~Z&JB~ÜÀ{DÇ€êS≥Bµ
üƒÄh@õ`MåÏ.À∂Ú¿π™⁄¬:„È	$iï∆∞@G9DÖu∏W Ï•c§áxéìH≠ >ÎñI¡Ró§t¢·^):π5zV°ƒ≠fR_aº©#H‚ÓÌ≥Á?˛ËÂõü˝¡√/Üd≥tã” û$F+Âc<îê6ï≈”@◊1<2âwv∑z‚Ö«hó_%¶°/∂ÎlW5ØﬁãBâ∑òv•ãM(Ê‡˛¬êÒ∏®¬Sáã'LÄ”Cöˆÿn19d@≤”∞¨‡~∑6&§
-c°∏±§ÜE—ùcØY{ÂÖXQ‘·b≠a €Bq@C jåÕ<QÀ ∏—éU´Ùw»É)¸£x8ïl∂ú◊ÑtéÄ∞ÿ≈∏eú‚HHΩˆıíƒ-t€Oºã#Ø7-‰#°FÆ˜tQ>ƒ8Æ[6l%»i±ˆÌà±	pcóÔ,a&Ï≤ª•#EŸúû∆u«¶≠∆J®y≤À(MQLÑ±êïDoø"ﬁÛd‚: v°€¢Yh>yDÀ±ªö&»õ&ö.±JLD)´n±+OSÍ¥••Å"`Ùe±4}’U ™‚Å<AﬂI 8-/&äÑ©œì¯†#ü^o>·#]°∫wã»Ö8áÕ-‰-8ñ4[l)™thÈû÷Ú+=.ùÍ˘$P®˜u∂”;ü$üªj…pÉ=ÿ<d(*8∂%F(Ÿh/)«Ô/\éb},Î·Y(¥–ïEåL—Ø}¶tµB˜;;[l2ô.ho÷ä) p@¢‡°Ç⁄◊‹û≠áBøö˝’"KL®•Î¬Ä≥Äı9HO\_qsõ%ˇ ‘—·=›ÍfêÛT 
6†ÌmêÑ áIÁk“F˙•¨–ñZ£8‹Z!NLQ!’iWÎCÅÜ|´≥Ö©4ﬁJ&•]˜tòoµ!€	$[ä;«)Î2‰T¿?Ú∆jÿƒ˚Óˇxì®ÿ3äOÆV±P#«≥3â§ß*‹L’ı∆H^]Ÿ≈vÓ:Ç‰p*AúZù,aG]ïV%»Øm≈B9ëFÍ*g%GQuôÚ¢†í√ñ#$dáw‡ü”íH‚≈‹≥Ì»{Aqä˘ºÅFôú}Îñ¶Ö_¨ù:¢c≤°J≥¥ïDcU	m›≥r5•f[˜Fí_<« pôÉZMå^ƒ\·hâòh@|Ë`âwÒπI<5 z˚¿ghDpk≥åIœñº„a{ ˙W6≤ﬁv
0,\Ì¨êä0®<≥¢ª°¥»g %7µ)=∞@§§)xı¥À*Ú&fœ Wn©9 xÀÚäÕ3î÷öíçX›Ç@D&ˇñMå!ëçD[=Aw!˜‹ÿÇ¶O;Ï”ÿÓ9˝£ULm¡2µ ;ËË›£¨N0Ï∑ZX;»-iY„çÖøèoüﬁrÛ¯˘≥˚øë xUYÔ¬l{˜ˆeB€¶Ç⁄ÀN˘ÕœPˇP\ÀJß∏å∫X-¶(ë˛…q íDm}EO„ÈÈZw˘78ü#{ÃÆ¶B%ó˙ÅP{#Ò÷{ ¶ 'r“!‚ø‚Î\FJ¬KN\r{∞ÅBGçŒe^aV!¬!πZoVä#Pv1hÎeka¿]
Tˆ9˛Ω]
£G" ∫Á#$/Œdü∂*I"÷îî∞è‰Ø≈(∞Ò\§‰Ï’◊ﬂ≤˙k°⁄’¥£Cá'ñî/<ö[ã%ßW‡–…–jÆL)∞œ§ŒB‰ªL˜h¯¯§õÌ®8Q;¡õs•ﬁ@∑0Ë¶bå¡–[Ê‰‰™\ Å)qπUæ™Z;]}aMgJµZB¬X@Ò¢1'™ò¶Ì" åf	‚3Ÿ}ßÚ#K/ø»∞A{¨F⁄û{G™D¸¢-Ài©@+Ù" =Ò¶,5„ûZÜYÈ¯Ø:G©∫™ëweñ7!ø)£∏'ÎÄÕà@W Ü!Aë£Ã©]Ÿ≠®r˜Ω¸†*Í€â·—±c⁄¿»„¶πª2Â˝†¿È}N∞†4Œ‘·*DÔ¢R3⁄’2ﬂ¨Cs’+∞8,˜‹o:¥'ª©/π≈¿gÌ61“π≤ˇGu≈»"X~B|ib¢O|ƒ –‘îÛŸèL)ë»9∏J≤÷6«>*P
1Ú≤πA’H#µMô6πÅè˘YI ¡T’†}Êÿ‰ÚY”QÏ§Äí ÷¶(Ê§D)¡Hfä‹9 upœ'†Lùï+  '
ﬁmLr9Ö{ç.Â+Õ5ÍÑÏ§V&ÂôÛöå?˚⁄Fπ`+!2´.Ê†»‚Øœ¥è5≠∑Oˇl:ÑﬁÉí@÷áfúuæTù8†»‹úãÅÇ¬…Y‹Hu0Kƒπrî:¬ º‰,⁄FÁ9TªiÎ	ÛrqW£oéiÛ0Ò_#•KMüú¿_¸^˘àJ,tâa∆‰t√6w|Bò#®V”jMwÂ§¶”\!Rg$x≥´˜àNÉÒxøÃ:ï--öyn1Õ⁄R97ñ:‡4d«U©Í·X çê≠≤∑ëú¥Póháë&≤'cLf·óÉ‘Æ¸âÔµ683?†5x\ΩFa‹E1ıÅ/Äπåá^2¿Çâø◊,+î»îê?M„∞5ã:$-ó!_03Ω'Û∫K~¿y›n©¬`M∏{)jûÚO¡`á¯I…⁄™b+‹Éòú¥-}`LJÓH…È∞ÖÊÏÒ‰@Á‚S	Ñ)ï6Ω@=ûd √êuh∞˘∑ÄTâ.Õ¡P°§Âlbö–énO WV*FÀÈ'|&r(ﬂ˜#˚AO„vúî‰Ñ@ä>‘í±∏`©£8*™K3ëÄë‹6∏Ñaôq"§œ=·öï+éj´[‡ü–^—‚C®ñ–ÛŸä†@Ê¢fÏeÔ¯¯¥$‚Î—≤2qÚ'éÕ
¿Ù3,MOfõîÂwãû)5á]¯(—:NySõCq"Z]ØêÅÇ2Sq∫ã…[¡Kò4 b÷¯‘9YGL∂e•6jñèÙWIÍGú§I&ñ§Ç›WµÉ\Ä|@m±FlJ3–Ji≤0 ›üÿ(3¨π¡Ë<∑ò
Ö:πH+sﬁôÆTWRñµ¿™Ã)<Ø OäÉ	ËS=éænΩokΩà-ñ◊`+ú˚ë+s¿‘%_˜î˝Mu®¢X‹µ¿° ıYÉ∏p Ãœg °¬ØSÁ<]b™[πx>Ûf∏Zº~j¯’Gw¡«©W”v€·∏∏∞„µ¯ExÿtÎ˙Ód Œ6ﬂÃ›ìèßlè◊'à‡•àk4gÏ.÷.ØÂnqŸ°Uw˚Hë ¶fΩ¸"Ê0Â+¯˛b¥w¡≤bˇ®≥q˛º#ÿÃU[˜:8íK¨·ù‚=ˆx¨KÜjX∑¸\W#ıÇèHÒ¨±îË·æzb£n#¶‘µVêeb5)&¶DË ÛsÆñ’kÜÙ3ÓõR5ëêÃÅ7…< 9ójy41!bo›’(ÌA1dÉ•¬,=‹ÍfR:ﬁaI)p&A‰Ô73ÔG÷cei"àñDæ´ütîò-{îE`+Rô$H†0˘íXÅïº¨·®Yı†ÛÁßä[	À…¢L§Å)?:K⁄∑q∑ƒäR<io»Q
ê∏‚8ˆe–ÕéÅ≥; ∫·TX·3^Eå¶ÆXqb8ê∏TÎjâDNÈ¯¶«-B˝l5”Då®®ﬂÅ7ÍûÃWÊ®Ó™:HÈÍ“/Öªml€å∆ÖSZ«œ'˜ŸœGËæ)Ë◊)pÚòQÀî—©/·5&”Øáí˘YóÅ ˚¨|¿˝V£›R<πıEa(J‡qÿ˝{vıÆóuTJ\≠2Ñ·î$˝ëP
/¬."˛ÜyÃ°{5Ø≠ê≥ÌÃ!3ÚîµæèQ˝˛P†p	´⁄§‹˘Sj.ê–ÏﬂŒ`ùXΩéÑ	Ωtﬂ#T ˝íF<0Ü÷vì‰-UÜ°DΩGLî|UıπÆW[ó‘ﬁ√∞|7ew≤x›>y˛1Ì5Øì«+wR˛Ÿ◊◊Yz8X±z{È˚ÖÂ'∫$ÄQì“W[‚Ÿ¸ÏŒ-a√M%åK(rÎ•˙ú`∫ÇÇıc–¿ÂgNg0IfÑ5ÍÅ$ìN˘ïîúÀTÈ]•Xl˚UîxßœÇ¢£sôîjVßü.1úËŸ≤ÎS†uÅî3ñà1å∏∏Œe"Eﬁ”XRu∏Bò{≠n4e5Yããï®zü\#@2œºåÖBô©‡3´‡àÍ-‘ñÒ`ê3b…yQ—8∏ú∫}5Ì8öPRm çi9≤Ú›ìù•àtÇ$8R ó1 ô*x$‚éXapﬂ,…æÏr±ÈÆ^¨Ω5ﬁ˙ıA≈'≥)_ÿ·¸ãBuâµm´UT2≥6Kp5	¯4&`¬ˆ{◊´wˇ∞¸ù9—¥¥`bù°6LX.¥á·…¶Å(5†À‰sWi⁄;æ"˘Iß#Æ·ôàCçòqôKÌ)hS‹™p∆*Â—pøÕ∫'a4¿]¡X´€¡Ä≥Aù*†”e
®H7úª£í÷‘´u¬≤¢&ØÁß6œ\ŸÜi;b®KjÜq /ßp)≠»é◊
\Ô%FK’gØ…ﬁI†æwëâ<∑O™†–({Õzπ§H1XØ—%2-¸Ù&ôÿÑ–æÎ^ui|"Œl˜§≠~Í¬ùEœÅÓ+ﬁÇ°‹ §‘ÓêÈP2ÄïfêäkH¡#-Bj´ôXe I”Ÿ≈G
?M>T\…¡ 8TÓF:–-Æ¸&≠∏Fëû·ôÖ0:5óñj‘s„ÿ˙äND>¥‚†2SΩ7îÈæò®&êáÂ0®¿FµHaÊö»é„®Å¡£>*™†e{únZü1.Îa+÷ßÄ¢;¢1…·ã:$PcM¥R
fójŒ‘!öR÷	õñP 7¬ûÖ4ƒ%{5-ß@É-¶úÃπÓº™#qŸ]¶L°Ûêˇ‡€{1e“ZbåÄSÁÓ3˙U∑ÓXL≠∏ gú≈©Ê å0∫>äÈ?EZiâ◊7≤VAu9˜’::pÍÏÂsµ
’(J}ö˘v`¯≤ËÆ§Í\1ÄıKå‡üßöÎÂ÷›»ÿ¥ü¡ıiZóLÉYn¯AòıCExK…6áp›R-(P$?-Cßxç#Yb‘)¢6@∫/,˙≤ØFÇ∏”ÑXè’PlãlÈ±¶¶,1»3ŸºG‚0π≤Œı“))˙nÏ Aø%É¶™îõ¨f'¶@ÿ5É%C”°cŸÂà∫¶å ÷7jC€SÖ¬¿áÀ“-^r5 BÍl9.„Ï5&ÊP,∫mbòJ¶Õt´Ô¡Hç∂F≤1≈öìÏæ§0nñ˙Œb¥r◊>G◊ÄÄ„@âp1÷^Ó¢∫˘R	Æ%ù≤Æ⁄câ•©Éö °vÕä=´èUÆ∞± ‡9*≤Á%5	OQ)€ÛÉS¿f∑RS&µÖÀƒ»√6f@ÃóÀÀ±\∫ƒÜ˘[ô}ΩPA)*L¥Øé˚; áo(æQ´âQ(¶j›'®Ï)±òóò´MﬂÀì®çﬁqXMåÌIÿ4öì Z™Ï´Y∆@p@,ìk)iU« ıÖGåúUè—◊¨òb´(¶Ç∞ù›ın“/·Ê∂U{ö(2˘.˙4OnoPu≥l¶1\»T∂"⁄Måä∆‹çÜ0Bëø,å%6îâ–wÅtMÃØÙê2–0›™–¿yæÅé©úÏS1
üãZ‚ÎÙP“ºø(ΩÑÏ˙§üÍçA’,Œ|Ω@3∞ˆ◊©kˇ¡àË¯£sŸó‚VîrÚ•ù¢∆mß3ëSåwCÈ1ÄdBˆÈb6çŒ—©'s÷#ôùf;ù &@‰#¶”(	äÏŸòyI_–è-{‹›m"&\°xF·—Ù¿Ÿ’ Œ6ÁEàË⁄;H„—Ù–Ìb¢Œ
îÑ.Q$ﬁÉ<ÌÅ≈N4®ø®¥pßZ€u¸)ù
˚§¢ëñ]ˇ!0a«Œk∞Æÿ¢˝ô^»d˜ E9ÉªŒ'®§Öò≥?ç˙4I·F1jEÅ1&FL≈Œaíy√ô)EÃ-ñÆ	g«,ìK¶z8“ÿÉäÉòœµµÚé–û1cqãUù_6\´ìTX¡VI≤˜‡ı†Dtﬁ Ω-/⁄WÅòœ.ØA‚¬x`≠tr¥O≈ñ"gÔû£ÖKÛ®€ÍRÁE#«ÊƒËUm`zê*;mtw∏7¿è†’zªP‚yBŒ≈Y∂!ﬁ’ﬂ9ÕõIDœıw5≠ïu◊Ê®$ÕÁ–ÏvÍÑÃ®ÇŒ/≠Iñ:dR°(J)qƒ‘◊Vms°ä&‚un ìMRÏÊCQ≤√î2•¬§®ª	6É»PW[Áëb˛PTŒ}sOIä¬Ø◊N\2(}o5sÓòÏ¶îá¡5Î&í≈v√t\Ç?bkù¬ÿ™Rt§Åâu2>¿¥ssb‚h·÷˜’t&iaÆ—SX9™Ãƒ¥ËS—>'M5¥¶«pèb^=ú±r>ËH∂häµÔYIÛ∞õOJ@ÑàﬁmõÌ4∫’I≤◊Öc¥Èt∫≈Õ•Toó	£Á;%©§Å ˆzÄî3¥¡¡IaêÂÛ¯úÇÆì-ã_å¿Ëê’ŒLs }ü	Ÿ”Î	—1g,-¨
†:9Lõ¶èÃΩÅ¬±‰_ó1†◊V˚†õ£#J—Hv;≠gSóá˘Ñ@Ã∂Í˛⁄’aØmöx9ûÌ≠òπ{uâ5eÂ£⁄vÇ&6®ÕÔ⁄ö$Î9™[YY¿––ù,1h"ÂA»Î81:ÙªR…¨uK «páøPbå˝±hÙ…j#‹’*ueàNÊ÷dpô7p¸;–^KÂL-˝SËÿÅQ˝§ÊµCöˇ‰ Å¬Ä¢@ÄM€ëâÏ6&∂cœF”PÎb¡È#˙ıJ>ÜäÍb‘È;îW’6fw1(ﬁ–EikÊïìNLﬂRL¬*=1≤n0‘^Ã≥¡)µÇbY3!≤¬gò¨¬ã7⁄xë>˙øo‹ZßzÁ–ëµg≠∞÷ ˘âﬁÇv≈>t>¥æ“Êtâ)oM"˝ÏR®:ÁÆjSï°%»]ëß∑ıàï+S‘≠©ö%⁄!@«óTÆ¸óX‰h;É´Æ+∑Œ•;ñÿ5Öö˘∂ÆRå´F˛ø/≥ê¥ò·=)&w5Ñ+=^ó‹Ø¿Ø*ò≈ùdr*Iko£O]◊X§0ct’E'„°AIé‚R›Í⁄—˜-q·jcíO[)U4%≥
£®ﬁÆCÖí√GM?0¶˘:ÖåçÇB\»∂îxÚcëDêsIj‘°Ö<bEπ^Í“Ωj¨ t≤ˇÓjpP%]bå∑â0M◊üYh|¡])´ñuzJ∞·◊d£Ï¶D±5u]ﬂc,u†´· fßG);‹’òC„ ﬁ n°Ø^dù«,_hıîEÙÆ·π†‡YQ2Û∏•äÊ[pz¥¶(Ÿòe±·¥∆{QÛ#¡ƒÿÑπº']®Ä$]dqÑ˚¥≈%±U·œØ«â* ÜƒÇcâAl3í∂ßü7®ZÜ+1ƒ°W-Ólˆ˘ÄÛòáæ2j—2#∆RvΩ/∏gÙ-Ùp$ãôï\694!âﬁ©uªVV |]ï.-u«iªÉ∫”•⁄ôJÆ3ìÜˆöy±¬ÃÜ?k;.iãˆ „~¸Xjnì◊4ÖÖsºC	°]3*ûEªΩ¥ı⁄…`¶∂Ó£r‚EªXpî5{y6$ìØ@ÂåæóV¢%B-À≥^@˚Ï:¡†%ΩÉË“∫	πñù|9⁄∂µÒÛàa¿·ì28àñ™HıËêÔ∞C3à|⁄7 æe˛(,\æÌY‚≠é J[LEÒ,‡sŸbƒ‡2R∑õäm°®óµeãµŒp±πÙ∑<Z◊í sóœz(∆ñ –Íb'L#±Hp‚˙û)“\ì∂∫
ÏêﬂŒT:€4∑˝†—1[®Ä›ƒc6lm0*(õŸàÜA4’AK≥◊|©HÉ'ÉEX…Qƒ»Ã√,ÙRQ÷‡†,ªNLv8c£]AN}*&”õN
ª†ôG¨∞‡@ˆ{“Z//·âïLW˘©Êﬁí‡ª‰s:Õdx¨Òº¡ºFI\≠ä[åÙ%ãkH•Níπ(Õ±¥ÚDå∂”XÊ®ª@≤¡v«úÖO rﬁö\Ë_´ˇjÏÓÉjM–Ïª≠GQOPpƒ@7∏m∂éSÆéÏRœêdAßeÌã:wm––7´Á”kW]:öÂ5A!ú¶üì{Vc+œó∂f„j 4È,7I~Ã~»˚¶¢^„ ]Æï\ì±€v√∂£óÈŸﬁbxF∫f8õ•0¶¯®6— Lz+a+⁄·PŒNµ¡#®V4O¶.ŒJ—Ójt61-yc	;„î~„p¢wC	NÍ›I!_Æñ¿vÎD¬Õâ1Ô4Ã´Z‡F≥≈:éõËò¢ J$mœ/Áñ⁄¡…a^õíó≠øItDÌ.˜°xeÑ€Œé¸ïY	 §xƒHs*∂ußR£=¶«eÜ÷}?7œÃ‘{?¢ª)‚Pggÿa°FÆæaæ—˚«∑Ôøˇ·kÙÉ◊;Ò°Ã»JUêíÌs˘l”9ò°…›Ì§dù‹0œ¿ö§7îñŒ4%„n çpG>§≈\zMöÎÉ4‹M©ü7B-1Z;Ëˇ´’‰£R¢+?ÀSJ# √Ø∞Ò¥ÂŒV ï∏t∞kf—R‹eáƒÈùlÅ√ó„ÍÕ©BKåaD(ïÍàF≠u_∑:Ì≈ †‰!¶ª' |x„¨sêëD
\—ÍPï´%zâ¡c:tÆ◊	µåñ„ƒr„öÑ¿ëôNåÓ%ç[Å°¸v/å√Gí&πˆ©ún; Ã4;@·‰ƒ? ïc¡hk ?·^5∫?t.“ÓegWt‡<9≠§=7ïÇõE¿.∞dáë?–◊⁄»“ì†?mºH÷ë4≠¿∞†[3›ÊÆlèFçc¨W¥(à"UÃñ≥£ aAîoﬁè§ºæZ–pê_|yI¿≠ù$–‘À1+ÓVRI≠¥≠≈¬"àIéòÿC IŸ:æ.∂¿·0‹ãBÒ
ı˘nà°{ﬂmÊ„~∞±∂ågXbª”S2£'°io¨¥"m™ë-UÅ≠ï#Ç¯”⁄ÛÄ!»KÒ3˜8∑ÈÀÓ∑Ï†6ÎK•:áÃ®ª±∑ÇÖxÈB”s»Òá›2J„¶xüP∞ú7••–ÃY	—îæÈg——µ˚—d!ƒ¸äùkß¥•ïátØ;≠R€
áˇ!eu+Ä´[w/¨î≤÷£9î_bñ*&Ò4É;`ZÚ/JÖ-‚sÿ≥¡ÏTïß.{∞ê)≠›N≤®F± 'ÓÜ@RÒæõπÄbSèû[7q™:o&V»ä◊®
‰àA1∂ä%‚˝u:Îœ’˝–⁄‘iœ¶MJ⁄⁄Ô≈*Tàv‡!'ïöÀi‡À@ΩS£5/i«ãÂ$©"8_%ˇX_
Ñ894Ü_Â#ï8€ÚCk«•´ø‚âÜ~¨C‡¯*÷Í¢îEx√ÍSm[•JwîaÄCQâ∞´% ~06üò¶ë†«∆ëêî‰±iV¶±¢ËÄÜúÂÄ‘∑Abrƒ@=*†x)&.≥-œ H"S“ÛÚı≠sPŸ!G‹H˙%V≥äi]xnŸ£c∂É”"≤≤á)g‰SƒB-ıÀ„µœÄktëkˆÕ≠›6QÂ©†°Æß•/@œ‘∞~:ËJ$√Aön94:Á¶y‡O ò!π≈mÑ%X¶PÈ‡HÀ—Nåº∞6£◊o∞∂A#^O¢ê–æ*2v∑„6Ìo“ëÊg5Ã 8‰√∫ò)[—®≥~˚~˜.âïÕ@i?ŸäHIñ÷dÅ–hfW^ÕâQ÷£X6ì#9ÓH(¿F&÷ÂiW££ë¸ñVC∑ÿ‘¡î£[c)Y<PÕÕe°M†âx[4≤€‰ §∏ÓZù"r2òÕ|bíô>^öcÛ6A¿·°’ “rÁ3:Ë”_6IüC®5Œ4VÉ4gŸ≥BJ/'¥CÁK—˘≠0p#>¬ySÿ˜L”=ö¢J®Z.*´ BH=÷Ïo:aá?”Øín¸±§Å∂æ`∫î≠Ù˜Ú·ùìt
_ÿı®¨˝ åFâÆóÇf)xºhq]b:mèx‚d¨¨o¡Z{˘ídd ár~@BP©∞! @¢æ86¿Ûî
v≈O§Äœ£e•ß¡|séÒú}Ë¸±#V9Ò:pâµÌ
•Ô±-Ú9ÂpZmÇ≤∏ìs'ôG`èÙa≥ØÉ7_Œ±Ä{ ûΩöy¬¶Ÿ≤\ΩjîàM≠àJ	-˚<π\⁄?Ë›/äQ@_Qkd;t”ÿ£øè‘∑]e “–¢m{F…D∆.^ÑZŒ]ÄO )$›ˆáºi—π§ŒÖ•G¢®ao@ñ≠NíÁ|X∆Xê{0&HE“<†ËΩvÅ¨ﬂ\«à úéÿ]ÅeÖ®›û¨)´aˆƒMà°¬±NÎTa*;≥-\~2Q⁄ÅYŸß)≤ì¨ÑÓ∂.†±™ƒ-víu·¯;wgÄw‚ã⁄ó
˙¢–¸¿ø¥∫€‡81!ˆ«k;bìJZ¡|/1(!íÙ∆Q!4ÉRöÒK ºq¶q!Ÿï¬“MõRÚC˚ÂÊØF ú~MS‡SiÎEÌî‰_~Q -Î¶pH‚‹1€˜M7‘˝Ò≈Õ„´
˝Z<XÈ/j–?G*,\)òÖ%.¥På˙+uª2úõ◊ïW…3»à¥[+ÔJC%>ÿn('&Sû®f,Z7íÿHtãsáÖÛg5Åé~Ÿ˚ 4tÌëJ:¢ã≤√íÍ$üÒlw^‘∫^o1lß±‚Æ≈Ï’≈tg4I…qj∫Üûl1`î4àÌ™7ÿsÍ>01l±p®úΩ&„¿…—~ÆF/MÄõ∏Ç÷*ÖL9n{¶]G~wÏÑäŒˆƒ‚O'ï¿”pb-ãS∞ùêﬁ≠F‚P&ûÆœî_ú‡‚ÿÍ#d*:‰`Á°Üaô›r|<TØ%‡^ÈVmˆ†-£],oê@˙/ö_ı«œÓ‹|t˚Ï˘ÎåKw /†˝ï÷öK¨ªD;≥Ü"	<— Ì+î/≠ãâupàÄv8ÿ8î•Zó,S[= .ÆLπ§K£›3jÚ>ó√Ãj˚bﬁÕ£Mß≠VÂe:R¯çú^k"õvíèÊ≈1‚ä](t ?zÄy:qãzo›-öôF¢X)ﬂ3Ok∂Îº$Ö@Z?áúBJ%∆ûkS_-WÙ—d7. I‡Rπu££ΩkŒ!ª/¿?HDüïµˆOΩg:Ñ¬†?JØ÷‡H«ú{¥9RjÏ†πvS•|*&:CJrûçi^ì‘ÃnÉ‘tt_¨“è˚ïú åó®MèŸ]¨2‘)Qõ€xRÜ‰&Ì∞9/
-ÓûÂ≈Hr–6…1dÄY,:Pÿö…î∂	Ï¢£2’Ó`j´ª·ì4]ëåâÛ˝Ã éB ∏ƒ®È$p‰>w≠TgMB€›±Ö“båIrÎM«nñupßÔwÔÆúÒi≤˛¡àE®Ö—¨SÆÉ1@ÇŸº∏ê@˘·rOæˇI√¢çyãV>UéaÅt–•∏3Ÿ`Jx%/Â‘ÙMÉŸ∑Gìºóì∞õû(Ÿ*Aõ"∆Ùp1ˇ4ïÌ>&û)qâ;£Ú»⁄‹vª
>π‚à]∏Q»\ulÂÓ/‡Ä*#|;)bŸ∂Ö—WÙÊ\b‚"R  ÇÓÄHdÆÿ¯—˙î–E
º›!å)Dß@5¨%Ö@ÕûÂ<båçQ⁄5®•ÌyÎ…ô`ØÎŸ`∂f¨Ç¶:é‰ÎwkÃÅúJæ$W$5ïS∞”√Œ¬‘Iqãe⁄EB◊^ÀKLá©£â=D:ä ›@«Et&kF€ƒîL0f°JÂ¥ÕÌp§Öj∂ﬁ ¬UÅXWæ‚ÕYl¶‚.„,F˚˘oË)V¸77›ª˘¯VùÓ◊j'Íw“xÕöÁüÈ…˙•W∑F»™Ï/YzÆı<+Æüå‘%∆x,≤;1:Ròi”(’0˘‚ãO¿é›’∞ºZU_ª;+ëâW∫CËl£∏ØÇèt(ù%[LÉ6†ÏvÚËûpç˙ÊyÊ?—iæ¿´âåw¡â’:bZ°D©Ø˝HÚD£—Íf£P&ÅjãòÙ”ßÃGLØÿb:aèâ„aΩ®2OT5Aé≈PÁÉ3<…ny¶TéózÏâ•·{\˜§)<çg’Ëz¶Ø1ˆuO¯ ª˘uƒî?å•5<§ù•S<®ŸA„4I¿(ªÎ–≤Óò>!wA∆daü ‚¶Ω∂©M…&•32G©÷?:îä∆˘ﬁ‹¢1ıäû†E…˘ Z ¬‰H≤ÈgLc]ü:Õâ,˚~“Å6ñë•ÎÎHve©ü[â¢ˆ”õÎ0j7«ã§Q·6X/Já≤6å˝±¬uVm,1ö•ÒÙ†>b$Ä
’†∏ƒ»‚êãD’1##V#-‡ïVˆ¨OkbdhÚXM–›—¬É'„ÿ≈*∏Œd⁄◊¬â¨Zbq∑å< èKL3≤‘)±DG,õ™Î¶ï™&∞ÇÈ¨{%Ω§r^ôkº°∆Xf	9ÆWÇom‡òK*@AM¥CÆé√¥ªN…ræxáˇÃ›≥ÎÒ(n™ïdæ	OË∏ÄÒáà<÷"⁄˛µ¡Â¯k’zW“Aº∑ÆuA2:*f∫„(«ÆÒ’¥ÙAø‘¡Wπ’Öô9i~q≠ µ“TT¸àÂ≤™√ŒA⁄˜IıÀÌ"*ˇ4+õáCﬁ”2’ŒFu7≠oï¥Ï(gcx"Z∏ˇiÂÔπõ-Î¯Õ”SR‡º„ØﬁÃ°ïcfüÓc—??tò∆1ØmR¡sÈ ˙ÄI\4åih’ï∫ïØ…è™Õçky£í˝„ˇdGéLMqÚ§&rH;˜Ø“ô¢ë‘rMáòºŒñóò∑™b<öFWKåÄï‘zu„õ!;È H∫¸aZêÕLâ¿m$Hî[¥¸*†P¥∏z√ùò÷∂6.1Hé˚«à_V
tm¢GwHË…¸ä∞r,	0,≠∫I€N∑ò 3c:À£ÁTÏì'©4˛l"Kå ∞∫Í¬Ç40øê _b]•¡V8‚¯+Dπqi\o&„NÄ∏ÓŸ¢[}uøvpJËˆûºdµÕÂ⁄!ù!dâ—n¡øÄ≤üîÖq¿èEmv«n0Æ&*ÜxΩ ÉÓ©~w∏èúïz⁄Ñ”#\Ç!√›»/»Ÿ∞ﬁì·ñ3∂/°àõvˆÆ∆.•¨l±%nzmÑÕ®*/Ò%FX∑nÚºÿD<-ü’ƒœRÍ¥⁄üDA_~ÿf˙mßéO›bp‡áG˚†E	ƒ )∫∏b¿`YÌkqi ®⁄ºÊFrCì ∏Cf¶‰±∆$ÜP≈MÈI`hqm(b…ÖÃlÔ	Ÿpz¸ƒ\˝Q^#/·êË†LÄø;5”A≈gù¿iã€îcö/pÊKÉ~Ì∂Yió =xâ∫>Bâëµe#mã+CA¨Ã‹# BkAp=îˆÿ{CKZ”f…≥J’é·‰Í3Ä2íNò∂º|<hæp éÿòöWnÎ—‰?®Ï¸RπæB‹Pp°ˆ—KˆL)¿›=ßRy3Xo†ΩµÃ€¬R1Ò+íN≈Yª-ÍÄ≠ªÉ ì)8)£‡`–,‡J⁄X›†{*s‰ãΩh‘˛#xVÀ±ëMß2h«≈˙§tc2"!π"u≤ﬂ¥ π§‡ãòXG(Zò‰[3™ÎPﬁã®•yÑvc¢°x∏Z"{∏ —’@˛KÀˇ∞ΩtH$Ä¡‚«˛6íu,Ù'/*ÊãÍEqÕUTÂ≠f∂W–J´l†IG™®á∞}(º∂Zß&ßå⁄56O	ñ=ÌUπtx>R|´h™-È|7≤ıx=Z1øªØä[“Q" ΩjrAü∂“*è›îV’ÆÖ÷‚o™∞/ÜS⁄÷- ƒù≤õG]DáGœÂ∑q¢“-æ4zô¶ju¶C±S•IbàKPW,π5à%L∑è°‰	Ó¶*1eI3›VXùNÌ‰ÏTm⁄à>pJ™Ì§ki©V≤ÔnﬂI!®˛ÛhÆ¯·0ùù„Ã´{¥ÍàÙcﬂvcb“ƒ·pß•√¸C“ol®m8J-Á–Ë
¶π–Ûv1&œSÎw<?]≥ºmÆqzX>‘?}§~Œ0c¿∏Ÿ1Ä—PáàOá‰DëG…ç®êÒk®∫#FfsÍ§¶-ä.2{ƒmp⁄	—≈›ÇícxVB≈^ì˘b‡Ÿ’Y*»”¯r3.≤Êe':k'ù+GLC∆⁄É}ô pÇ#FD©M˙Î¿
}4YHw”´üª≠˛6‹•ÔQlôcoIÃÄJ0Ê<·†4»‹ ˆµ•†X
∫+›WΩùŒ©Ê◊∏« 68	Ã$>Òºãádâëîu|1P Äk∂≠°a©ê◊HŸâIî}¨≠’∏Xt¢Tß˚0KXdÜ÷õõﬁú¸«K≥t+IÂÊ4√ JKΩÚGå•,:Ó∆\pPÉ:õÔXΩ~ëA0Â√¸˘™†bPt§ò¯!æ∆ö√â“Æ¡ñ>€BC!y„“-ÜÄúÿ∆Gr]≥•äå[±≈¥ßüS—Iç√™ù-u]N(”Ö3N°ãn≈≈7 ¢ñãË|ÄÜXl¸ +:9îCÔ»l»`DÌKµ0¢Ò~Òe81R≈¨îΩyÛk2|uW”—ç¥aYÏ5 …Ñœ«Õe
=¨&ag@|ëjbˆ’Ÿ‡L^•≥{Z<M2<Q⁄˘¢ƒÕJe¥‘ölç	*.˜≠îCW>AÎMeì1ØT£âsS˙‘#d>&5·Çø‘Ò&]NPñYXŸ_"ÚÖ£ÇjM›9ê∞ì)	 ‚∑òÇTÅ¶ÌÑ e:ctÁÄ∂ZS«ä
Å¿†˚Æõk6–“R◊6J }"àTß<&±@Ùeµá‚áÂ¯Å8/JÄÖÆû}}–¨4ßâ‰[vWõ: Øw{Q@ùpPÈTcÃÀ∆∂01 ãMôù„«â-ÕFq¢î—eãM˙Gt:œJ1Gá˘)“±°ûy∑õ2—>éÆ›ôiüJ”i¡Ù–zúD(påª´Ulé€∫ƒ∆E=g1ÉÔA^ˆæsc‘k3 ŸëD@ª ÚÏ*eKÿqòÂrƒ»Ωc÷=[P0˙Õøh÷¿πZ∞iÄs±©˚[vËá¨LììÍ=Uó‡Äå«)0aà'ùPXítïÖ°˝11"dmÔ?YGàe®‘ÖÆDï
tºº±â®‘a¢ªœ^◊Ôƒp’á÷5çG˝\˙gÜÚ¿	†≠¢•a`í§ÎC[ßN\I	ZÉAsmqÆÄ&á1“Húüy£E;‘	¢]∆P+1∏e”¡ƒwù•9\ú}1>—u^!¯!Ævı`€‚qf“Z–<—,êaíQñØ!Ã&	n¶˜Ñ⁄Àc04ëëbªûi≠g%4Z^¨§ôÙ◊pQ™Ñ5ù!ñYkÃÏ√óîxƒœ©˝⁄ÍÍ∏nÊ tÁù£ıòÛ—´%÷E≤ø%µ"õ”◊yÜì‰(=£vÁ@˜Ω§& ËŒ9œpJ›ùjø≠Ÿ 
öÆπ1^Ø°aA∑<£X~YzM√)J;*ˇœ√ä¡Oô`”nÂ
1«¯uK
MpÒs’ÒÄ`wñ±ÑÏ-“KGlÒö+Gw⁄8H√‘Q¸pLJCW~˝í¢^à4¿ëÇp:¬º]+h¶Ëxw ˚#
≠ºÒ8j2ì&…”âUÄ*†yLå‘5>ùK•K»s&πôg• u9]ÛÀot ƒ£∑7(õ?y≠…—3¸¸[ÖI)1äîY;•îhUJ`ÁÄë—UøbZ®Çï”d§õı)ﬂ/*.«HìE¯<:¢ e≈`?ŒÊ™rISg	vßì ›¡c≤D≠U ÙDÍÆ¶5Â2å€©D3-Ï◊UßéK*JôΩƒöV≥oMóÉ4È¯H’rH [ò\∞KsÈb®-•Ñ/µ®ÁJ ©BRáÃ/1P&p±7œ|]µ.3¶}ƒåÄΩÈÓjt;0ViΩê&≈»%Kﬁı†›¥ûºûr¶“íÍû≠É÷·õKLÈ]∫:üÓ¶–)„(÷õîæ∏ó∫$V)uÆÅüêÆPyÙø8.sùŸî	“kh3¿A„+©X†€§Œq—a— âÅ°¿3€–4qC€¥õ†[’gmYRîãkÙ´ÿse3v°
 ˇöÇ‰æ”TÜe	
t@IqFÙ“’@Ù˜’&ú‘Ï¬y˛z 7Û¢£à¨dÿûW®Ë&ûo	ˆ`ù$_PnUwT∫é.f‘ZØÆ§dM´ÆA≥ØÏo+j48ç9˝”W`4∞?ÿ-≤<Ü3Í∂èhu‡≤:ıiç|ˆEàI_F^c!)Ï∞}·c.ôŒ∞rÂË^6í§"¶¶2›1 S˝µ≥)ö6&ÇÇàqáSâªIΩ-)|8Éw«Hó–eW,BC€ˇaıuT,)j„ïi!U+» ªÇ(##πB1`Lú‹≈d7Uà◊„ñ™:Îz:4:|ö£πûLùß©Téhï|íÿ≈†Ä˚ïjìw†t™Á"J ¨´D©›e<ÿ;tëÜºƒh5a¸2Å∏w¥H™êG©&_âÖ95XÊí2}ñ±KåíNüùÓŸ¥_U;Ÿ◊‚Í¸X4—Gl¬πÀühbxG`úUi¥îC^π⁄Nπ©ˆ“Â‚´l–D—ã^´Ç>π^sÈﬁ PÔ?∆≠ıÊÁÔW–sM1ŸHv‘¶Åf–º∫WIJ∂/†bWã°≥êÃﬂ•V¨≤°}ä{sÏJÏ Hµsõ'ﬁ‹›zQ
h≥Kê9¡ÈÆ0J¿F[c=Ê¥© ñmSîñj∞$“ªJæ…]
ù#ñ#ÍC•Ë*ˇxÉ)®VFÉΩíQÎö‹bîü¥ç7˝’E{ÚµEÕoJ˙d˝·U”…[LkW¥€XÙ¥õìWÚxEQrèÊ1`ß#=ïŒ2(‘'0’¬ûç≤Bá8ƒœR—Å#¨)‹Í0»zÉYrìÄ¡7–≥î÷§h%s√MÔRh‘>¿∆ O71:Ä†*wÕ‰t*ï·ioD“dèXX«Xß„ÚÄËÃ√c`PÖx}¡åÆàP2&áÔ/¡HaƒÓLåd«tTÔS_á“ƒ¬≈"1˜ „˚îç2XV∑qOäZB\RËXhnÛ‚ÍÔ!FSkm≥:LaõV”~jW†ßãG;í>h1Ã≥ìï•|qôn1Ì≤Í6Ãã/†U&9ú¥bä&Ü◊⁄^mÂp˘9∆Fít µ∑Kÿ0‘@æF˛Òà…·ã⁄a¡¸˘ëäRO÷)üâFÊ¥7.MŸ «s‹kå,µø±X9ÔX˚®Ä˙-E&√ÅjÿQ	ÿFEá$Ö¸`≤ Vî£∏LçÍ’sO†«∏9≥[9ú¯Ü—rû>±¿˙ámú[KV≠è_öÆ=2-— ƒÚÔ(mÏo“¥ÈÃäG?~ÙZ·Ú/¿™QhMt‰Êjh«TV8±É«Jï∑ƒpª¡Ú∏I∫ç∑m5µ; u“íÒ.—¯–ä]6Ñ≥™h£©ütŸ›†pªÓ9’ &q9uîTg7≠yÂô‘@∏sT‡ú–Å¿t∞ƒËüh⁄`ÔÙ)œ†ÏAñe*;§Ë∆k√àC2.O†i—ú—√¡Q™ñL· Y	MFìÇ9Ö}∆·êòGA.ø4+.j¥B˚´Û°aÄ5•ú‚"Ö@fCRx?bPtQb∑R%`å¶CV=-©ŒûÑ•¡§@XéÜY⁄i]0=YmQπ6£Vi‹$tnFÙd¯39$pbÓDv‘∂T(.ƒñU¢‡ßéTÚö>^Ω≈ä_p⁄@	Lù›©SFyı=ˇâ⁄√@lHég6këz¨â∞x,∞‹”DÏH,AÀma…∞GÎî‡¿¬OÅm~∫PÏ*Bª—≥◊ßÃ¨¨ 4ª§†ˆ!Ì¬0+ß(„5‡‹ÄÀ5‘≈t∑lj1)[Ìã!Ù£A;ÁÙ$Où¿≤ƒ‘`–òO"Öæç§\>ˆ•®7AvìŸ—·Íüe•Ë_brl6Ù9ﬁË∏†˜?æ˚¸«+›‡Zr∂J7Î`7 xFÔ≠√@:„£¸†yJ∫IG.V>ÇY
√Ñ~ê5$]¶KÄ)ùÍÕıíäØ Ú˜LiTy™öÆtﬁJÏ±gJWEËë”;MãtY2IºØnÒœ@∫ô“§^≈«Y3)&]wÒÏ	Ë)ÅÀf§ñ3î˚Œ≥˜M¸X±ï´1^¨ÄÕo¥â¸∑˜?æ}r˚:Œ@˙EÏÀòuÜ√¢¶Bi„AxÓœ•„05M≤ƒhòÅ™(º‰ÏKÙÆ∂m,1z'iæ„§ tº ©¬fÕ÷å≈ vñŸ∆n_í>¢=kµÊí›R¢ÂÓP3YgÎäë_·ïä%ùAÇ'ºˇï˙gœF{í≤‚éåBÔ≥Œ|YRÃP$4ÌÆ¿	ˆè°Ï…À¶¬¢à—ı Ræ´˚“Õ©≥0©Ω∫]NW∏Ái£uÈ‚Çªã![lêÙeÏá5≤31≤úX›ƒ<PJˆ∑Úï X†¨ù√û´zÿóW>È+ãÏ¯q†Nõ≥(ÂiÖN:·ÑV÷#Fü$M6™íÅäMcáv‡åö"∆·6TYÆé§(û˝àeF‰È¨Ü%ñIY“⁄6¶ª†FRŸ§[j]gUCGÂ–>6ªV"6© ª≈U“CQ*¡æèÅ  %∂≈ä2F,NPGUQ'¯°ˇmâAê9=·•é ZΩßGÌÒöﬂh¨ÛÏˆ7œ_G∑ï_ÇnS„‰i°™‘`&[”µî‹!’±Ô1#;lr0$<3Óê6 Õ6iypÆè:	Jq¢€î eG@68J/gÖ≤’,3kQºõ€îH˝¿@L™)]bQ˛xwí·IÇ-gIrË4\ÁùQÊ1jh(´éªhÕ1‹¬√h·i,Â?)>ª2«ïVLvS2W4òÕ‰“îƒñ4%£≤ﬂLy˜Q\ÃÖ£`›li%ìWƒ
éékAç<åQ¶–•2º∫H']#ﬂ¬ænJ+4ï<'Ü}—…Ãv”>ï¢ó¡∂éïz[RiÎ(x‡=ÏÆUè¥òâh4°çÈ H»úñT‡¸∆ˆ çÊ•æÃp&1tÎS…ÜMHk…gŸ√	i`1ﬁv"Ç≥ó¢Õ§›f$!tQ–ìÌ¢SÕ og2˛∆≥Î¿] —Nó65›5ö
QÅÚûGÁx&∞≥Æ–%hbt¡–¸Îæ']‘ôVÆºÔâ’cæﬁ<Åüh”\82ó=⁄B›ëÿ,ø§MabÊÑÏÔ…OW◊î[eòÙ$8nˆ°løäY:_Ä&JQˆöï~œBæªœyc&qØ◊Iw1¨ÊÏ°EY˚I˜¿ÑÎeòù·èq
öÔ≈=ZbÃøl‚ÎN]1˚á!¡›òÃ´x‹8L>ü ‚y—cüÄÒTnAœÙÿI_uâ]çG ˜„Xp·åff˜–xY¬Å‚,?@ÈlwΩ)Û®ãy^!NXø°÷©FÌN
ï†⁄#’îßlí¿E∑GñÂ`# E¥gŸs	öN‚ÅÔËøHÓÄiµ≤Û¶¨ÑŒ8v,≤‹4›û6Æ§2TÜ1¡‘Réò‚‚ï˙ >=≠
t«Ì)ªæ¿ıã∆ØÄ	≥æwò(`6≈ˆû†)`“”≠›õÇV æ∂Z*Q˝Z'ò>OE¸åña _SÜOà™¿5—˝”feà^‡BÙ¨∫‡Ã5û≠t´zÙ ∂ë∏~(c∂∆∫“RX◊°j≈≈T¬6€ª°Â 5Ë·u8 ˙á™}*zÍÜË<Œu‘)[Ë◊ò∑^ìâMy∑* í®`D˜PÈ¶úéˇXôy≠2∑íÅTú≤K4ºAPLÈŸ÷åb˙–Ã—˘ûä∏Ñqkø@◊‘ü£ÁÏ√[úi%ÃãÇº!8ﬁ‡0âA∂µUòÖ¶„œÉ¬
∂=À´De"øt2±`ÍWc|®ÿe¥Ç®∑1ŸˆXÔlÍK¸à‹’h Sµàù¢N˚!Ö:é4¨◊Üì"“£4˚)$˙æ™rìöáB•Ê 9U„à—J⁄Å∑sdly,˘π'Ñ√t2Ï©=(?ö‰õüCB 3ï%ﬁº ¶úüÍ’ëÄ?%ÛM >ñ÷ÓÅ.ùíè∂6Õ∏L Mg√<b:´SÏŸHëÚtïOÌﬂ≈«
f¯“0%;bô^˜2“æ˝n≤>≈UÉM‘Ê¨öl’BW6ûŒ≤»P®Ÿ,!-Jp\±ÃÙzù∏kR¯« 2‹‹!Mó„Äß˝AŸFÉ.‹‡ñÉÀ¢£«ˆ’ËÈ #:è◊9ÈÍﬁ7M:°!ªçÀ|	pØ[+(]8]e∞€bl–\#«^£Ñ>]«#	iˆL°⁄[í6tl©…¬Íàv7—ç∫F÷"¬©[@øuçæ ˆl‚ÒS»@Œ≥)Iå∏N—F ¡ø§§ﬂ¯“Gåó•Ø&€≥i´ ¶EÆÁŸ›c¿WL[åI[äªú…K,*”j√‘¨‚Z∏:TTòŒ2m[õ“Å
O€bj∏ƒ®–îb3ùtê¿Â5´ıç∂Oo?æΩ˜…ku¸¸TÖüQg1*7Ír:Ï$ìïÄ@‹StˆíR¸FPn›-Uu¿we_ãç Ïñ‰¶Ω5»ZPª÷e∆ˆ™”
4å6ò·Äú Ë‹N ÄIŸl
≤∆•í≈E°ÄÀˆlM«¬J]+m%Œ¿⁄≈MáÆbº-'Emà‹åë«U‘	çDÃc*2ÿã’â?âbÄﬂ¡ﬁúﬁ8Ûqã¡ﬁ¯¸ p˚]`€Nk4 ÃZ˜bp s◊Í•–ïÔõ}{—Ÿ…qÏj§a©—Ä"=bPƒh#Î∫Õe}Íºn◊z^∞¬ë˘hkA‡Üav§f:é¯d™§FÈEëU˚&ú_®ä∫÷ß0>y£Í:ôòÉCˇtZ$ïL~Eã±£$èï£ıW§L¶ΩR/M”"[^.lb@‹@”¡5Âƒ‰KÅäÕ8Ωò∏Aœwq© 5Uú1Z_/1qòt]ôp~ûçµ§6ûÌX)Bï4Os¨«˘&(s7…z¬ä9ªr@7=∂›0D≤ëÒ9.|líƒ=‡UWè›{°XÚ1•çﬁP˙d¬‚Q|H¯Ù“ò<ÍNl~Yf¨.Íæì
Zô˛ûﬁx˚‡uJ+øN˘ıît|√∫g=rJ…≤≤ÖÃeÑÙç}H©IƒÑ∂Î[‡Öt‘´£Qb69‹%Õ∆Ì–íJ—ú˘''>T"k¸ºù‚#¯‘ŸïéµÁüÓæímƒj“9æ¯ΩÆc&®∑€ÖÜ$QúIV≈®úIÊ}v:´i«HßƒHÍÖL¥AÑ“ËdÉptj-3◊…{©ÉŒ%tÏÅ^ŸGKR…I¿ú@º·Ω˚·G˜ﬂæ˛Á58§ÀÕø¯FwÔ€Oo^Ö˛≥/?óÛ~Öù∆i}ÍW(è)Iñ£≥
cÎdéÖ≤Z°√≥3ç^áDÈ∆Xn	q¥›M6ndu©î”"Ké
ùßùzdßO;i)Ïı*Ûa``∏)ËÆ£⁄`ë,Ÿ2w 6÷ïLf∫^;b˚§ÃÄV#KÙ√Ä¡˜ﬁ|kêåÿQùë¶ºHt„DÌÛJ>µn
8∞hf≥∫f;“4πo
kZ’L`˜bbÄ¡∞W+¢2Õ,h°Ã«l⁄„◊
ó”l –˜≠Â≤lÉ·,”¶™)ùÃ#Ögh£√0n)Ìò&è„¸NÌ0Væ£ø>Jâé¶#gÌÒ+ì)
¨‚VAÉ‰|#@§E'π≠´‚+2È·§≈™‰ñi	∏§!ShÆn€©í§™≥!ó√∑)ÖÃQ*∂ifìj_§'ÀsyDùlv2ú^ïNì3$BÁûIg¢é∞«há†√ﬂ`Úb:±ØQef~?dÃNí§ÎP*Ñ-
~QÇ¬>O˚*…ŸÜ«8AÉbác§ªú≥≤áËÄÀ
à'BQñ—'{ô)fÅoLG-‚IORuÒÕíÙ?{˙:òü‹ˆQZ!€~•k◊Œ•Ÿ™t•€u≥Ã·(£Î◊Ü©•DeÙ|Îrß‡9¨xiIf∑4ùhÌài°Ô¿%Mc1è„X^ü¨pC%¿ØÏíÕM˜PI&~-◊$Ä>îÌ2âı ôÕ'n∫Õ6£∫‚¢Ω›su@¶≥]∏®|∆Ö2$º1èÛ…Ω˜onü>Ωˇ¯ﬁ≥gœ~¯Cÿ•‹}zÛ—≥'7èoüﬁóˇ~˛Ï˛o~¸NÃw^”˝	6"3†ò˙Vß‘%MwÅãÿé’‘AÍêÊŸ¸9ñ ßOó:£ÏD∂-¿:ÿGºYŸΩŒ’‰J4G≈2ÏjYc•·Âxs¥e∆q\[CﬂUàıO C°xº«æê–£9çÅKáNÉÜyãh….ù2 vs‚ ©í¥W¡jÙL‚çs<˘∑BöpÆ:
ÜÉéÅ∫Óπ' IÄ“ÕF«2√bRÔ«πÖìÖ|h∑)8⁄sIv2;™ÀA&ZÛö˚[i9í·>o@¨6∞í-Æé1òÕ∑Ajeö=áñd<œ8&Nå—,§äÕ ‰Ÿ#ËÊ©e¡ƒHcΩƒÍ&FÚ‡≤˝*&ØTŒ3lº"Ò2n‚mü≥®yµ≤≈@NE˜ùG√+π’mrvÆ^CÔªªöé,{hi”©Í@±˙©pÛT —cµi9M·Ïd∏ø:\ì)ã›æ'åœIQÆÆ4hˆTOs[	gm
zâÒf@Ç[ˆƒLíWAπ©bpb‰›†yä6‹™3ôÅŸÆ{T˘ƒ)]e;-ùûú¶ÿ«¬ƒß#$ävˆ∫NI°`ËFËRƒë…bVGúw–~›06x‰ÏŸõB£‘I&:V’>4ege5)&ôp"O•!p•⁄2≈ùí*éÕ∫3‹É2Wÿ∑$Ç¨:AÓlI∫µa3…Dìû¢7…≈≈8STÂ¶ç~§±ìñ]7FNNh¡F‹OŸız2,PäAÛnâ)¬¢`øOœpu_è-Ü2∫H÷èC⁄*,[3Ìo¢5ıº%DVÉ®:Ô≈®êv2ó…ΩeV	µR‹ãAvû*Jq.UR˛∫G\ä¡§G◊ç˚P§òùª-Ct®ûâ“9˜§ÂnÍ4	{
 ‘>òñÁ|[∫Òºƒ£hu••Î¯›p+ã^3$ßàë
—I`ŒSfZÍ?úõV|VJvû—N«‹0Jÿ^TÇ“85õ¢l»gªgÑ±∑;;=ù–ßÓèùmŸ¶M”}NÿË®¶pôí	 GÛ≈GÏŒxF;ûp‰B˜œ‹È˘4Ì˘2’A#H)G.3…œNdöRL≈.fü¨Y|É%FLØ9xR«´QPµ…ìcÃ^Ä∆Ìàe&ª‰a#—îõü“5Fófdp*A≥©HÚ˘
+˜ÈŸÆ-ﬂ1Wõ6◊»¯+GöÎèT.p\»fs^õí¡!È
æSUFê=Wª–c—πO'‡Î43≥≠Ë@l¯Ò\^Í,—uµO®ÿ ßD:.”t>Ωπ'’Z¯wUè°îÑ÷ÆØÜv(Å¢è+±dPã´áÚÙD†–4UJ.Ml¡‡.1f◊)>µπòù/¿€`∫è‡•Ë2⁄b8m$e“ô—hÃö|Z∏-RsKuàBi|m/˛›w˛Â´œˇ‚k˛Ú“üœç‰Êìﬂ‹>y~ÔÊøäSˇ¸üù˜˛˜}w°!‹ππ{KK˚„{Oø;‹Ò{BÅøﬁ~ÊÓÛ€õÓ=Ωe›Ïo9—Ç˛ÈãOˇÙ…gøácAî’õ"6§*—’ ⁄·[ÇjãØ⁄˘â¢cä:Véæ⁄Ñ)e«>å:µõVﬁ’˜GbÍÙî„’09R-~wIâÖ-Å¸€ﬁ}å~ö·Í{πƒà&aÃNöÑ>bù¶pW	∞8≤Ñ2a1º<LZCúÏ`∫AèXÕ53 ≤–∞ _xÉ∏öLI⁄áQü≠Dﬁªƒπ!1g£
" 4«hÒ´¸≈—&ì°∆
p±QX≠K(+=9n’ Ï√:¥∆¢É⁄Â;°áèßMÆ{eÂZbYΩ	—«ìÃ%¿¬=æ§`ºD«ä•#JÑı=È[∆…NÆ•DQ«å∆’ö¶/@†ﬂ«Åﬁ@›A+›åk∞ M!ê∏Cu6“Xq≈ Cb¥ùÃ’¨J¸Z„v«°ı§ê©®÷uµ§Xﬁ‡∞§
 Q™¶5ﬂ)x»6ÛπXÖx	®Ã"Id0ß$¸ºßrÕ2p7⁄£ÅﬂÑk≠,‡·ŸPﬂVµÖ– åFe‘êª)S·çK&OÊPˆËt>ßßË∞êı
åt"œ<ﬂ‰8Áÿ∏›°pÚ1É£î1ÜÔPÚ…ƒ˝ßŒÍ8Ø@êäk‹W13È<ÿH]ÍLT#yK°U	”ML> Iﬂp
≠‰6Ä]¥†.1	ûï:5≈7«_Ú‡˛√{7èû?ªπ{ˇ£{OûﬂºsCzËŸ£á<z¯°¸ÌÈΩ˜ü¡mÚ˛˝ªåãÚ£ªO!u Øì®å.;$éÎ_‹<~Ò˘ß_˛·ü~yÛ¯Ÿùõoü~O¬Ë'7˝ÇˆN2ì¶Y:3P»ùœ»\(8 ≠≥±¢%ŒÓƒ_Gç) Ê	LÂÔho¨ÕÂG|mÏˆÌ√á˜_o>Ï¯aÈ¿¿◊ej^˛≤‹	‚Bí8(Ç≠h%ÜΩÑÒ√ÜÄ‰<∂ñaAÛÇl“s§ú≈π≈H-v>ñ˙`Ú"0_˘∂ò%g “À∫®îÊˆ8æ@Ø#X‡‡]b4Õ*Ë‘I—{M\∑ÇòJK¥≠Kò>‡˘l¡.–}®«"0=°@BcMÍå·¢Îçg<7≠å†-Ÿí|t0bì§GÏgmô 1‡ˆüˆ\2πç√‘{5#îÿpâ1ù£SK Á6ímU¥DÜ¯êπbÒ¥= hßõp.º&ûìé"Ú¨ÁÈª^ÌÌÿ7§w¶!ûfÒ``vÜ]åﬁÌ¶åÌH·TpCiø$›B‰óO»LD†∫<∂É(9vm√9/¿Ï?≤m6Å°Ò]G™ç3t:ô@õv|¢°Ï“N¢çﬁW∆ë µ$Ã7¶KêÂ˘ö )¯¢°ÔçFdZ+#åŒ∂8ºZúv5rIõJé#3.¸|K´™ı§ÏË…]çzIéEâ√k–{RN⁄bÏg≠ãaW≤Ê®ÑGä§%Ùˇ›ºWYFq+q≈c<B¢∑v—8Û‚©[wÃ;ﬁ≠ÏògÏ—‡Å£€ñœcX<†≤¥ò†Óâ§Ù≤ŒZÿbªüÂ1ì∫®0WÓ¸)$CJµ›+ê¡]„áŒ–b€Îæa“q::πÏ<>∂úg∞π|Ù–2ØIëÛùâ4tä]ç¨4åA8(Áj0lÄkµaSÃì…'* Ás“ÄÑ1çã∑á3°£´g<ê
”9ƒh…%Ü˙a@í±Æi ÿKtBÒKÛ¡yÅAß0¿|∫¢öÅØ◊Œ ÜÜh?ê≈:1ófÜYŒ-ß6ªÅ_áÄÜ`Ö≠AÈxƒôÈ|\dAtJNp—⁄Aqƒ∞'4LÂg4;2~øÕ∑#…> ·‰ƒÍÖHæò£Ç”È;0¡_'ä—⁄âAäW7îh›I)Æ¿æ=ÏGZı∏–Ÿo¨˛‰ÈÛn?π}v˚Òkƒ+˙ô˙‘Tt‚J[:>K9á™Ò≥Õu∞mñumÙR¥§àŸèUk$·@bc!yGyqû“3=øT‰û`ì∞_Ùp”)‰GåÒÏLrJK
˙m¨:C÷ç+®«U2ƒ\ñ¢<˛Óû∫∏;”Aªë"≠›]âò*à–‰D¥µIãï.æ≥:ÎC^lÖrPﬂ)%/coœêΩÑ∏Õrî_OûéÆÕpMgÈeò[Ìû|¨L9|æQ	ó¿&ªiÅ„O?¶ù]å‡î÷‹¿Ω¥ëj§ùœãR“†â∞Ô´)BÄºÈ°¸FzuÓÏS•™›‘%JbÌÆŸÏ%»8”_‰Ï2SÜyuÈÀ:9Ùumg›2mÃÉ>–µ ô1äæªx\.+˛h±7Õ:ÑJAq†°≥+Ïj∞¿7ö≥€ YAYç¶≥%Ü°Ss}„~ËÕƒMX˚H€‡ ¶∏∂≈HbLåœb∫*◊‹}ùP’o≥,–oQ¨lã‰Jé„wâ‰ÌòÅC∑fvŸ38
=ú6C©JØz
ŒHQ√‹”ºª:”{uè∆$0∞26êhmÄ™Óbt<ê:HG‘=<äÁ´„çâ6¢†‡a—‡_tbå∆PdZ_b:ñÖúD^lPÜ69ùÆæ§§e£¥≥#œ∏ZèÕ§&Ü–Óv$t<U˘'◊+hÚèÆŒ‰Í]oVFñY[ßˇÍŒm◊≤£:√˜<E? 4u>\nàçiŸFπ&Q¢†Ñ qxˇ‘˜œUc;\⁄çv@ hèûk≠9kVç√‡¡ﬂÖ´ÈŒ¥IEtrk7Jo¨∞˛˘À
˚¸£L‹Û˚ﬂÚÈ&iØPY√ÏÀ79ÎP™âmUµû⁄⁄ÃÆMò¸kêL f≈*Xl»®°nk58v/≥_ÅZ;Ë2wv√$VYçP&r>B“C§g=Mª`ƒú≤TB2ÎËÑ¥p√{Æó¯÷S&Dd»√Ω˙SB&ö˜€ávM˙òﬂ7g4Ò˜r8M}êƒ®k8Z_§Ó¬±ÌÕ≥hú˜Êÿ˜ª¡˙“ ÁCá∫í~*Å®{@Oßû∏ºÄÚgpÔaÉ"Œ(ŒjÆ%Z}ÎF∑kS`ó∞_Ä17r$∑c¬Ó∫i>[ôÉô€H“}∑BHIíﬂîñ,?4>dKy3à|Ëpû0@Zœ≥∫Z|äÕ€ïÛãy=∫ŸÓ~ÄÃ≈ì´ª3üIÔ!ª0á‚„nM~¯ekÆ3œÖqØ•é∞£WaNÆÔÏ˚µ\
;QèÊ;›ΩkbP¢{≤
'ï∏˜›¶∏@(o¯¨µ2ènΩªSƒuNnící¯ïHD…uµö^zÛ—f[kÁf*Åß«ç*í‚i[îJêïr )h»QeÏ(˛Ñ:h∫™_Ê5E&b˘Ñ±‡ëêΩ≠óJûLK…|@F‡hÅA≈Mﬁ*∆,âœb?†ˇ¡N“°õπn¶Âd\Ñ˛√≈Òg@éÖò∑ü	≈y∏rª
å…Ü≤Ë%óèJ√È¸Ü≠!Jﬁ¶ãY≈ÛÄõì’gå≠Ø∑√pBwé˚°MÃ·åcÎÜ$Ñóí∫˚–&ÛÕd uPT¥‡HÕ± ™wbèπÔ⁄Z‘≥Öì8∫´’gÃcKí4˛!“¢7
Õ™
∫Ò	BD!6…›ƒ\∆÷˛ΩøbUçÔ\ΩJT˜€∞˜¸	xWôìÃ√>îN	EfÎÛÜ±K0¥≥—-¢!;“ÀséÎ$B˚˚ª…7ïÕØ_ÚH#„œdTŒÃD¯2?˜ât`H⁄æÜ]ô˙~Œ{î¸o√làÆ€SX!é˜`ÿBﬁj„V¶ï\qH…›^Qì˜w√l
J¢’ØH¶B√„Öï“ÂkÁÛêú¿H◊6ÿÆá^Ø:‰ÈÑb-»æNHí~≠¢|tQò˚ë2õ∆€¡ÜË€˙æXÓ·'öù√jÌÓbòlsgáU:sìå˚„e⁄ 7π>FéŸ≤‘NA¡<¸∆ rj0≥¿æ˘í·ﬂGY+=‚ñh”TDı#ªµ;Tvp<Y	É&Œ.‡7Ì€åíï c•‡µ¢kØù≠1¬fﬂÂeÌYxç^]s$rh √TÍVÖÅmî‡˜á"&h”TOπÃDAÆqNæ°˙Â€/_„I˜›/˛¬ˇz˘ˆÂ˚˚?qˇ‡À˚O?bd˘„⁄^âª≠ï÷2mú>pÂîÑOÕ—!¡=∆T˜àñ´fŒLõ∑l-ËÏÛ<êf¬∫Ô}ìç∂˝„vì)i®5å,åiè&—ı$ï	;küÑÏiÙèÉ≤6&Ùt≥‘å›ÕµÈ6ÜÕLé≥£PçCeª¯Ñ⁄ ¸ùLUvÉ®Ñ§Õõ[bSgxo&¿%·È–s7ã5úXwTó8'ê17Õ®¢	 ‡æ3ë:Tü Ô”Ωb»Ü”ºŸìñµ`n*BZ˘d£ø˘˚…ªóﬂ{Ø˛˛7®æ·˚Sˇ∑ˆ≠§ g˘˜m¿œ:âíÉÊ–C4IÃ™ΩhQ%#™<`
}Ë§=e¬ÎÇÆ<…˚M(HGq·äÊr5n√Ö®\ekÑÚb4#èıáÙãI7cΩs√NÌ”†6˜j˘ .l'‰ª„"M$Ò≤¢Àú(—CåÜ√pã?hãnnKπÉ6∆‹Ω1UΩTACXﬁ÷9fS<?aÂG;e@˛n(xÎŒ¨∞¢3NÅ2‹mCTÚÆB)%$¥F·Ê¿r7µo…wÖƒ5Ø…ñ–ÿ¡ZŸœ=£ˇ_Aâª\31ö›fJ!ïƒqëæAâ&=÷·˚õÂ
∂ ˘Ï˛ ƒ¥˜|n.>˙°ÒNi∫t4[∂V',a]htﬁ_Y!: ˚ﬂ?2ã¨òƒâ∏ü∏R÷`Ï,ÅΩxÚΩB∏éø™Ï·«OS›@é«4ö”∂ç¨®Å(4{ú¯¬±≤∆uc«4êD≥˜à≈Å⁄„$»A®áµWÔ)$i;’
Ìí;Åôâp˜4âÜ¯òO±_ˇ:ÇÜÄ“
√KåíYó#y•ëªü'ö)UzxÃù¿~W oWk8§Ò‰Ó9à4’ŒFÃ'¸,Cß˚é#l£í˚ûÿGÜ∏bÂ¬ºùÆA´Ê˝Ç“[°≈ÑR∆˝fëtü≤ﬂﬁ<íiÙFqG4∂,ÿˇ±,ü08búı®u6&
AÿΩ)ªî-`_”aÙ·–ß{¬&Ô°å%ãˇÃ.—≥õ*”j©!˙∆ﬂî^òù˜ ¯VA*A=˜D)k7´èìL√÷CáfÊ.Üøù.t©7∫Ó-éÃsﬁÓ6B:¯§”ótÕ∆*S∂f.r‹\Lyi’Ó¬¯2¢û<aèNÏl±¯0ô©CØ¶À…û+^™0®^ò=a˘,†◊ÈCQ®áÂ≠mª¢ë1Ã”¬¯ﬁg‚4ªsTUh|¯œ§Û#°πVï‚@·`0‘ç	7»qpm∫$¢Æ¡7¨¡—Ò›ﬂòÓ⁄ÜdòÈÔ˚	q{¨Løo-p¯≈∑ıˇ ´€4~’0å⁄¯	…∑ïJ¢∑jÄ+ı"√Û<˝ÉßÂ…ÉŸ·)í‡—øtqkBÔ¡4—2m∞6˛j¸¸Q›I§?ÍÎ´}ÉÀ‡¿¶]«&¬ T`p†TxOPp¶‚~)πˆz¨!òöŒûΩÙ‰´:ô¨i]:¬6èdüCd2WìØ¬”cÇ™n6˝’»v•÷gmU§ôôª‰WÎƒVkß˚ 5ÏÓæI≈∑tc§†x]ÔPæŸO`!õ±FﬁÅÿ„Üû;ÔŒÿ≤∞ô¡∏{cPÉö4’Ì´%Ã‰A˚ÅÀπaLª—l€∞+1∑¬cﬁ‡v£†vì‡˝ôà ø~9'å6œj”§-«UŒ7É8Î´ˆ&Äj–„ndˆCaï Í€¸[œwMå¢ˆáÚ˛‰(!ÖÈÊL±´‹©ÒFC¬ˇwPAcÅfáa/$d‘Ã∑È;A‡ºìMh£0‰m~√$äGì…¬*~¸∫ˇn	Ui9…LMH¶°:ﬂ®ıΩÇd£¨√∆Ëø»˚ÓœÁar´f‘y
.Õj¯wï;4dqì≠±˛|îÙ÷€≤YR‰»?g7ˆ‘`!Ë7Ï®ÅaÉÄãn∞¥NW¯–H(ÔŒY¢äï]w„ÖÒÿ”Õ9¨¡F2,E◊‘#YÌê\´wﬁF7∆HÕhW¥˛\1ÿ¥Õa&ƒ}Ã √¶u·∞AÉÈÌ`WË@Gî'Õ&¸ÈÃzç|ÂOŸO∑xú0ôæ¡Óªat…)ÍßM®ÉD‹ÊtÉ¬Ü,6€ª3qµ<PX»~0÷‘∆⁄,0ñS1¿X)ªõd∆W¨à@Pó«Ö‹Õ≠„ö†Ü–Ùß°öÿgkìån˙ÑxX≤ƒ⁄kÃ€üEÓû{o<∂M(ÂÈS–´º»óò›úÌäîh‘«oØfvt¡9˚,LLKjäˇjhS“ïﬁ2ËepH∏1«£Üñ—¿2‡SÿÆ™e≠º¡~áQÙÃá⁄|?¥…Gd¿ækEI
Êëõ'Ç<"Øﬂœ ]iÅÊ u ™	§I:8IuAX"y√ÇÚ
äÏ¶#ûâmp Ç÷≥ ñv9Òäó‰z[ıÒ«NÊ;À°5ï´0∏a÷√k¥Gä÷ØiÛπ.©ıæ;vRè8-∞+î¶bÆsO6õõÒ¬ìCõ·@7p.2HFi?“°Q°‹µ‹™Â§q∞õ€åC◊Ωcıvw±"_ÒºuTî.˚iÁ∞øaI"˙≈z,2∞Tëœ~b∂ôÿ≥ø¡√í¡!ë÷v≈]ü˚áRnCe4Ô∂u+˝áœº√*„?Õj™,±ä»sˆgB__ï⁄=¸¿≤‘]
I‘Ω3±L≈-#‹M¿ﬂÖ=I©Bç≥ö√˙Ñ1òR˜v∫R∞VËGV¢KZ©)åïÉ=£ÅÀ9„ .lãQÜ∏;Llq’˝ô
(OŸØ–Ÿ*!„ûÜ;gπ§4∆‡Å¢	2BPt“Ñ⁄a´C3Øt∂CÇè”|+B∂rq–—1˘∞†k–ÔZigtaV˝w„õÅb+≈Æ∂©ç¸yﬁJˇÛßmÜ∞µr>z†>∆Ô~ˇ˚w_˛·øˇÙÁø¸Áü~˜Óg¯Àø¸◊øΩ˚¸w¸◊ø¸Óœo≠SJªít[ÎÅ6CÉ˝úÌ<ÒΩaU ë“@πQúò‚Ê–x-∫—›àVÅA[rØUR‡"!;^çÂ&≠ìbQà 3ulìÇHÎÂ\å}ˇ4>ŸòÎÂõó_º˚Úãd	9–◊è¬èªöﬂﬁ:…‘{∂˚|¡«Jz!πêÈgõ˚6)…"O≤N8Ù‡Ï¢Ô∂{¶—N2∏y"–'çï‘≤ö=ÎlC¡Ö°	Kwa_û,N{a∏	,Ü9SÍ«€JÛîZÙL¢ã¸ÁwòTˆfGåxæ˙ôY}Ç˝ô‰Æ2´)W6ò0†H·»@RV$£«ı.R√`›2ÚÔ˝ôﬂ≤u»ƒ¸L
VÏ€@;(A«™«QhDM˘$Ô™ªh˘~dOà^a ñ‡DÔ~ o%Ó’°Ä*N‹=≠]≠ø70|•!·æôåµ—úÿØ=]à&Ä∂‹ÔÏò∫ÓœÑ}—ò	¥+òAXk∫C”ﬁ{¿XSUWO-‚¿Ÿ/ Ωrc≈Cè∫z0Â•_›Èqˆ‡!˙∆§≥6=ÑÈã"G«Ω»Ô\¯ÏÊûÓ∆•ÕåÆóﬂ∏Hﬁ√v∂zv.¿Y0ä«Îùã/ùÓŒÖ4Vß˝-Ë◊È˘˘Àg∫~ªÇ~©∏˝áøz˘Ó;Ñ%>
˚ﬁ◊˙∑ÿ≠˝√∑?–àôÁO÷ËwL@÷w}DÚ(@Ê€X‰IàpW.Æ=p¢Éú,è\{+¯2rº[p”Óå0ÿU’™◊›x<V:˘tÏl¶ﬂçvI≈[ıÑ°¯9ø˜s5Ù¿3M¯;Œæ*™Mo†ñcF£!w5ê41w‚â∏EgWåµõSØ[Ë
 ¥É€ùí0¿Åv7œkÙ RcÊı∏aÿúÖ⁄£%ÃeÂ†j¢ƒd,o;·åﬁa4Ö^⁄∫MüåÈÙøVèIÎ◊_ø‹?z˘„oˇC +ø¸Jä.Û∫Õ¯∆_∑–Tπf•…óyzx¬µ25KJ`ÈO!Ô˙¬¯∆Èñ‚Öd@é*≠ﬂÜ"7ÚD˚h¨‘lëC;€6…, n#\Quâ	ÓÛ^"L@Ç›lΩ7˛ZT˘úˇ˚wr~C≈ÍÈ/÷9`∞•x¬¿Ö2c…uëQ%Àˆaá‰°äÆ›gfå,˘∆h>á\›nAkUFˇ¿º-¯ﬂ`Ÿ„æ¨T—wœ{’«LS§¯wÁ:Ät*sﬂY˙ê»7R-‹•aÑ¸6Tƒô·fòõ”m∆IË—R96
t%±r»>∞vÀñ0)cËM
=˛j–¶íúOäŸ∫e”-µı|’ﬂ≥ŒI-j’#NBF=vJ™>Ì†ômè-ÛˇjÔ˘’ø’@ıø≈T*K ¯v#›ª+›ö‰Ò"¸îÀI˘∫l◊†~‹≈FK=D9Ì∞u•1íRÜªäH•Eı|2eÄt„¸!Ã¸w %√¬»Í3?πãmmc®r¶Ó∞Å≠ˆ^ŸΩpK°åW€ãÑhrJ∏Ér w||⁄4˘6uë”]wú7¥k±ñ0Ö^\„:‡Á≠®IrïJ·Ω!˛ÄF6∆P√ﬂ0Wµµ]∫AGìä”®@îeM>®h›0"êívó¥i^ãd≠*∆^F'⁄Æ∂ˆÈ9e≠=‹O hè°^∂Cà.˙ZŸ%˚8ç)KŸJﬁ¡¨Ä˙¬Q"#≥≥c[≈Hﬁ"„Òµ9∏£
‚b∆ègÔmåI‰ÍD¬¬ºÿÿè2}o*G∑é¢‘™'¨«Û›††VãÔ¶≈vá*˙∞Ìœ#KÁ&˜ æá˝“G8xã!ÿË+ME~uú€&Ë=„ª@–ò»“mˆ°»]t03WUMgÙÅ∫U˜PIãZ¬ÒÜ°¡Ù” ^Â∑Xè◊záS¯ë0uc&ª√º(å·›Ãl¨\î≠ló%x”;π®ïpÿÎ◊xÕR^]LÖpí’—nà‡ ¿¯∂«É(Ul⁄kU51§Áq⁄8«!6ÖN©5÷õ-æSr_çXlQ∆Èv–ìGÖ";µ-x™Ÿk Ú>=	˙Y4&
ˆë+ù* ¡@ﬁk≠Ñ—#6LªZ¥’Îs«¬Ë<è-ˇ»7Î ~y–’]º-ò<[‡∞»—2c_=\≈ ¶SÒ\-ê√J∑ÎkºKë√û¢\¿;∫ÛéÅÄÇ∂,AÎÍ–ﬂ¨èŸç"Q¡€¯<ˆ
ÆnΩôi‡åk4◊ˆ@DsWˇ‰Ü!·äwFâÁπGôèîî}ò⁄≤ ≤w8Ch¥Èö£jT#*¿ŸÍ#3√ï«!<wó‰⁄Â¨"lr:G‡«´åNÿJÆ©…w;°®oﬁºŒñâ-ı/'äŒ∞-∫ Y±;]÷%Êà£]‡–Ωä≤˙∆®7ØµıWˇë8'k∞hˇÑ:zsüâW*≤ß/Ö5ìÓï±ﬂ'≈~≈^6ÙK]û!¿üc≠™zi[1ã¨m∏¨ÔÑ±•Q®&öë@•Á±g∆—*é†µØÿvÂ‚q€y2/ÄÁ´Ö1C4«£E∞Q-(ıÿb´†xÖ{Ed¸ÑÒˆÅóàñWdw÷˚“ù˝/ö¡–…_¨∂ÓQà⁄õØ–¸§íYú∂WsÇTãHï·∫áÀ¿É£.nD}Œµ®Ë™∫L@ﬁéBÓäì∏Ñßì1¡'£Û∂O— Ùﬂﬂ·Œw LïÛVF‹ê·7ˇvçì†ô6Ñ [êËß z·L…iÍV‘á 8Ó0‰∑™’≥£=´cÿ¯	‰`ìAøa™åVVa˜∂e·H¶8J≈SS~~Ó>•N›_Ó`ÊÓ¥˚±¿9Æbí¡qì∆Ü›€ÅÚà€+éº^◊1$£}‰ 5√∆ÀÊâŸ…¶^çAAbÉ∞xxÜÜÁFç`∆Ω]‡¸∫∑É˜TûÅÎÈY—|ZqÇ@»Gÿû∫Ä|h ÛΩaE⁄Tywõ_Ñ°qÏÉî‰Å™V`∞‚Jøo˚´”Yê4ü‡eﬂπíöµäVÊræÂnB-,]À?ô=Ú0≠&C≥Œj∫wçû ZDÙ≈MÊ
ÌJ˝ÀØPäÆ6ÚBß|e7ùX[Dõü›ﬁÅ!„Ω'âπaÏB§6Á1aâ*È4ø∏—u¡’;Ì√©˘û∑pQ®Ñ∞ù∂!HE∑≈ÙMWø¸øø˛Íã~˘Í#¸œ‚[/|Œ‚⁄ÄjÇû‹lyp…>Ùfr‰ÎfNûÙBRµ∫T¢ãÈLÀpP‘T‚¸À2≠g0ea˘±ÎV˙|œı*wÄºQÎCŸ ú˚PF3]pãb_\’EÀ.G†>¶º?ê©TüÒ©é¬∂˘|˚Çbt‰·.>3v4|¢∑$‘Î∏p)Ç–†Û˚ÅÑÅµ≈w2Gwº™ £eò-å∆>°dw<°gSaºlòQfê(πœ∞2öÎ¨+ÜÃÜ»V7ÿjH]F¥0tª≤“ÓÎïI±›òöo°â(§Ëw'ﬁ\ë;”√f%ÚHØ¡Q4VµeZqµÓ&—ùú®∏«)+zÖ…éïã^˝9å*TçP∂û0L[‰E‰Êâìy!˝Ç}5⁄t∞µI—?ô”µ	=\ÿﬂ¸A¬¸dˇ—¥;Ω„çˇ(9:ÜcÜÎBsÂF“mw›ÿ™ÒY≥ÉYÍ,W]ßÓÄ‹âÿÔ’à¥ÙäYh¿Õ]Û@IwµıWô,°Ä™NÓç ÎêeÔ<üôÅçÚ›‹ú‡(˙ø…¶◊À2ÜvŸeˇ™/`ÿŸˇﬂIôZ“•†Ö@ëît∑◊ô`¿Ù¢«›0qa™‰ ÜpΩ;ç+O±œ)æΩXNå0¬u^§√ÄÊ(¬>˚û±˚Aà¿å„~µé+BD¨q#/ßºy%á}˜sîëµ}⁄;À≠ÆôWWAJ9oj(∞√êñØRµrO@’i±°=—pAπK≤-7LB†&áX}oùúrß Ãó÷i∞Œê]Õ≠á©#˛ÔNb)µ	˝kÏªÅ¿⁄/4fäo0¨£én»—∆ öçìb@—Ru€Ê´Å÷e{∫aÂÅø“˙ŸÁ€Zy-	]∏öñåTÊÌ∞d˛ö≥ºnﬂ¯†Û'ˇkß˚FÚŒ ıÌÌi8u2BÔ∆É®∏¢éèƒ5YÄÇ˙˝…ÿipÆÉ+—€o.ïQ˛ºÛY–¨ø*c’%!:å¡≠∆%Å≤8]V∞õ a…vΩl
ˇ⁄áªò<ï>0œï–EI◊]:£GGàSõ—0Õ˜%`
†{±[∞HCãïOâtfí¥,;ÓŸ·ÂôÂè|√URl6"⁄µùÅE@}◊Åçcß≥Ωóüj7·"ôQÇ¡ÌÅ;PœxuIuwò–mák°ö)≥Sè¨Lç%ïÆΩcó¿¨€ﬁΩ· ¿º<ô„	„°–8wèø¯8Ï9|=Æ π1‹aêJÙ‹…»øñŒ∆åz'¸„tø[÷—ÖùïÁq$|TO˙Fg&´‚Ø¶ΩÄ∏(=≈uı€ÃÄW®‰Mf2âÇ·G∂w¢ËÉI;ﬂ`Û†∑Fsˇ⁄cpﬁé€Pz<ô›6«(\_ã¡LåGqL9O Èª:M»µ‹Ñ¨Ä;/Sêï¨˜
√∞†Sp›⁄˚’‡8≠ä™f´uPÖ–rvûx’r<7„Ê0πg2'^„	√°o§#§√!†·IıéE–‹a¬YE6_H∞˜kÉÃÿ°äf≤⁄ÿ–†√'¬˜+“@dß‘˚¨jãF≥2†9≥ÎZÏ	âh?äi€H&êÛò≤„ΩaH„u∏_∆‰Ë¨bxﬁnÛ GÚOI¡Öÿﬁ¢˘Aw´(˜ÿm5Î∫¯ΩÒ&VMäæBº∆ÅKBD≥ÈÜ°Êœµü$Ä#6"µt7piº¡i∑F'^o8®ë‘›l3ÀAz›‡rk5ì`»Ö‚ÜâOßôä=˘HGm˝='h
c2pR¥CFÅÂG«“©ëC2Ü«´l´¯5Yákú“ôDp¨ï‹iù"íºs6Û–ã∆êövjwU>Û!DáLíEkÜZÄ)Ê{∞∏+—?…≈ﬂ’—ãáDò˛'˘√(us‘|]X¶Á’Ê°∂ µÄÁAΩ£›ÑÀiƒ‰“h2∞i∞P@ùÒDuY†±QXö¶”øm.vÊZÇ8É≠◊ÿÆÚıã#I∫d∂3Gî∫&ÂzÓCëw†véV≥–˜îøê#:B;oH?õ¢`AË[˙`˜°ÎÃ)ú˚V⁄¿6"3˝¡§àıˆ/»ﬂ/v/øäFëÙtû0‹‹ ÷éò\òÙóiA]"§ª4…Ô3Ävœ)[qÉTÀÕiÂ%j◊ª};‹<∑&∑˜ôêçü?Lî'¡™“¢8QåÚÂkjï¸võ˙£É÷òõ=wR∏ñ˚ÉV∏atzË^Xªs.H¬Ûﬂ4ùãè}ÍW1	∞« póπaÿ.–≥$≈§.=^ß√Å 'j˙;ˆPc˝&$Í» ≤*|7i"¶[^õ‘Ø%Yèm>òl†n2åå‘œd ¿dR˜3”zr8o◊~ö“(¯N,∂Ôòò¶‘ﬁC
V[}®è”/?-J$v–Iﬂ≠d∆+jà•´RÄuzäß}MNÉ¨'ó'ı“‰]πo«@˚|Ì1Ï'U¡4¢Znî≥íπ¶So«‡îëe=C≈¡H∑`ú^èïIcÍJCE9Aqƒ_∞ƒÄåœ%€A±#“Ç]î€Ø†[ìöÕ◊ó(IG…°%§ï“$t‹jarG£˛-„ÀQàû≥°în≈p3Ω÷F¶o√f\cΩõZ˛›ø#-Z•√’`ôÈŸáD~∆≠ëoıV"ñ†K;4≥dÔW:f)8≥ÉIä8Ó<EÿhQ‹c±±t”ïH‹üPÜÃÁ[:„%§è–≤Ã˜<cÄ÷:fyÙoÄ&≠‰&‹æ-j<kSFŒzGi76„ü`Ñ&RÃ!è—ı£B	 XÍñE`⁄4%_6œëØ6∞[;É]awh»ÊÓ'5 †çbÅãfb∆$¢‚Mç¢Ìj– ¬v∏Ø∆“ê'Æ¢»iM|≠=Iû‚Îê∞∞ñ$◊=‰?aE}Áx»!à®wQÔ]Pﬁ˛H$Yä4≤ú≠^§…Å5ëıÕP£û˘˘ælµ∂f]≈Ë
Cuöë∆+$/Já3â*≤Xµzê+ßGâ}(‹ú«8ıV$≤·Hj˘ÿY;¶| »ﬁv7Ê¸·W_|¯Q–ÚÙ~vß˜&˚1Kô˙óxÙÄ÷]#Ó ¿hkm≠[ê)Çˇ›J∫Ø◊¿Øπ:–ÖF	;‰.\Lk∏PÅŸ˚j“˝Dfrl∆áÑ§Íè6éF7,i¿|ˆ[4z
π"˙7JhMv±$øhÍ‰[?‡≤3€õ"	lv¯ù7
1vNF√≠Rg¶y¡—£0s®í])∂ø©5W¡o‡m¸Mˆπ	j¡c›∞Úp∫¢u<÷7ÂWTâ]ﬂ‰˝DÀr\¸§pﬁú—}7ƒs®∫ç}F1ïxÂ≠ëÒôMÿk(!b[ÿπö¿ë÷ﬂVq¯0ÒA;≠Ìuäß"Q¥%ôd\È±˙πQ(∆,ms+GHﬂêSæﬂÛœ‘Øg	[t£°`:U¥O†IöÜú3r:È	∏´AQ£9b‚T¬8ùè¬Ok<"%V7∏y∫Œ_g±G€G±˘Ñ˘ãÕÂ~£aÉıü&°1›g¬ªÁı,6›ïî0]WË©[B«—î0Œ¢¿9‹2Õù®€ÑW6ß¨?∑Üò2°mzüÖ˘çdê™s£ÄÃ8@Œ:
[YZdﬁ¡◊›∞JÖÀ…hn;;Uà8Ô™é„q»x¬h0ë¨B!∏QÎ¥/‘é«¿Eíí@p›cÑAÍÿ
0cù)¡S◊∫:hW—8C1÷dsÓÿhÚ∑#í¥&Ë}qÕ∆ò£=Î≤Pq≠MÄÏ’=PG∂Ó‡z$·qNvÜ6–™ìx‘&Îó*Å{?ºJ≤KSc"s„ﬂHw‹'‰êO«w~ëé4kÓCı’;,“lLr¡sçañ2˙&eÑã<j4Ë˙˚Å¶6%ä…ÅnMË0:˘çı°P¯j5…≈«Úq¢„“‹“•°¿À~2LQ˘zµ<8qî—˙
YÙdv¡!Á¯
h≠tìAƒ–]◊ƒß g4ç¡gÄ˙»ß'w5ÙÇ+ı∂i∂√Z´hVgEH÷E˘á>Ÿcﬁ≈"N3àæã†J∆MÃrﬂI2¡ãæŒÊC1W4ûn…M`ÈîÉ&,ÃåP÷^⁄‘∏Ì+aÄü®ú¥;£:ì_ ˆr+¶8∂ŒB®R}É ﬁXZ˜·7_˛ÚÂ«$p£ù.ΩŸé¬¨_¸r∑ K\·°( ´VYˇ!OSZq£ÄÑ¢¬„–Äåw‡:wv‘r†9åz–Ä‰%Pàúƒ(0!çœ¨á#A}zr¡oa’:¢méMÕÄÊd>œ[€≤< ÛÅ=6€Q|Ø7 —3;ÿºƒ©‘§∆‰Ú¥ò¿M[π÷≥ú◊–OÚ˘ ~-Ç∆ZG%+JÌ.$ÿu‹™¿60`®ﬁã±·–©÷wÈÄ •‚õ≥Àí¿å#{o†èá9IÁÑ‘ø¢ µ˙ªÉí•Û‚ÅÊpoò¨ÆúÕö°
ªˇ–]Lb≤¥“∞z)]r?l;£€n3)û1!s” $Ô¯aÊõ¿G:üÈíÑ…éÛpáa dÏÿ˝’÷^4Ñ√~¬ ¿!ñã0ÀΩZ§Èé∑ÿAöK§üﬂ¡`iìœñWÔá∆üÛ†Ö‹)_íS|Ã!Ÿπ —Ì2Éï,00ä&¯TïF#˙”ów@?G%Í∫Õ’[H|DSë»zÇ@„N
$êUeÒ*Ï0∫8∞DW ‚ÜêË[b>/[F8D7Ã°)Çé‡å∆0òò…ﬁ≥;n•›Asñ#∑1◊££Ωº_=_ÍL^äÉ`N◊·«êÉf∑≤˜'LËÛÙpÇÔh«N
…v∏ut∞¢ÀoﬂÇ∆ø∞òñ)!&@f#£|Gj4ûËAD„D1√WmDß≈à±Kj=AñCŒ6ÆÿFc{Ej0Y:a2Fñ’§X∞<A6U€; e€Ñ˚d˘O#Ö6“xwà«{¿Ë &ﬁ“b©UF%wì…“ˇ\µQ=í-àëELS\ªjÌ∑…f}®Ã"Œy∫#%Œvc
=Ï≥)S†EÍ;)ŒãâòPÅπ/¥‚*e◊K$K“/úP≥OõuÖrü:}Q#œá‹NX@ëC˝mΩ∏3⁄’ítëßf∫',h˛E¿ﬁaªK&ÎÒ¶—r—bØ\6SÃ¡√%èròÒÇ·¯±'I* ù¨LôGK-‘÷‘Eﬁ¸ÏSuÙpªm√@|MÉã ™øSŸI9#+0t/ﬁÒ-Éƒ“â∆_¨º£ã' ÓÚË ˆH∆c|òÉü‚!Ü+Ê√ë’‚Q‹tN∂´7≤'¿ÇjÙÏ¢‰«tê™≤ü.Âw‹‘¿bºÖ¡´£+&¡®lÙáÎ9)ﬂ>O‡ç%™_~ÒÓª?˛ˆﬂˇÓ≥oaåöEœoºÂX1H±q“lë‚äT∑ï=tèÜíÀ∞Œ;}õ‚üÖ1Qê≠∏ãÍ∞µØtÜD)Ôâi÷–∑¡~ÇNû„õuª∆åî/ﬁ˘>Jmÿ|/…©_PgiG{M,kÚ‘Ù»˚Æ”9t˜°2°ÕFƒQn≠2øM>©·È TÄ7=áÍøñÄ´¯nå5ÑS°úπ!`≈9π…€˙g;læ¡È|∆Ë¬ÓüıNØ/Ôó5$YL•J3cv]l*‹3XyUô√†˛(UcÀﬁ}&’gé°ÓI±–~v„nZ•aîé që§;Ÿp`7®bkØ+≈∫Ed@ÌxÂM	‡¸üçüæ¬øÊÁ/_€?ãÉÄ/ıçÔ–L÷[ÜR…ô¡£¬ﬁµõƒ‘P£µ⁄Ñ¶Dì±©_—[&Ô>√{:qíë€ªA`¡Ÿ¨óÒ"˛5Úb∫aÄ,Ëü⁄´ñ±¬Çã^ÈçˆÔêª›~’
ÏN‰^ıíû0&è∏*û∞ÿπ⁄ÈäMp¶–[ØÃ≈⁄·…≠4«ç´Wmô%FPìA@äÿ2U4Ò&Óprko≈Aé«£87)F¿Ùë˘;∞¢l÷¢ìæ√	K„Ù3Peü'◊ËN“Æ©¶â«5¸ $^QÁIQ~›®;Q≈œä∫I∂7L\aÑnm0^2`ŒÈD†18x‘≤hgs¨èp2zîä2˘∞™*Öî6{˜>àîÓJ„:]˘ÿﬂ ⁄pARf;®EÄgÇ;æÚ"=fËÉ
Aä1ot~Ω‘Ê‡â∆∂Íf^Ω Ωî^M8ré™PßKÉ-1Ÿ
W í≈çí˚wº]lî◊d∏–)ëÓzÏñ≤ıL÷ê–ÓîPÓã1.∆#‚»ó‚.˘à∑πiÖ7√7P#P—s‘iãçÍMﬁî≈„«·∫‹z<Ú·ïTµHq£j⁄.Nvò¨Wsx€¨¶Sé7‚∞Bhêï¥@"Ωıπ¶eÙÕu;ÑáÕr¯ÜXâXŸ0"»†ÑﬁùÎﬁ™Ó©ÏYsO∆#˘Œ€ZºÅ∂ìaíòªd˛/^v`{'ﬂ”*®EÓzáçÅ∂V“´ñb §ZÔáïs{Í˜INVMÍ_>¸Ê´ó_}ˆ≈7_¸˝g_{üÀ9˚‚õ$Ä!Q »á'˝ j”Ø:=´§¥'A=à1ûÉ¿*Ÿ0uU’5‹G8Kâ∑Í„¯S∆Â	C˜Z‘t˜…§©T¡Ì(ö§d›J4Ë&aé÷ÏbÃ∫¢∫∂N0*`—Å SŸø]ö©J—K∫©4’Ó‡…8cìh:Db	v”÷IÇ
ñ]N‘çÊÉ6¥Á’ <*h72ï»]ëh∑£bﬁêÛ_]ÑıC¡9áO%LßÄy\ﬂ7:Åå†ÂÿP˜ád;;^öW†é€˛ï®Ó•dœt1Qª	˝ &DC2F∞Óõ|ÃMoá^#œ>∏‹]Ë3¥⁄Ä∂â4™(ÌŒè´±áÃM\F∆B5YôØ:≤Ñ"·ÔÄô5≤Rx⁄ª;ã∑âIµãÅ<•!›hõP¿x‰¥oŸ⁄¬—âO‘?˛á¢√Y1ä2DQ
Ä¥≤ªmL“Í„H…¶ÖnGk¯h∫˚Åh2ãÜÜPj“Èh˛jS≥ lazb˝‚†≈∫n]ﬁM(⁄˘RG·Öñ0G GØF]‰ıÛ◊ã·¨}˘Íj∑=µFIXhë∆ÂÑ°2≈ëSíÖa£.™arD]¥<ô;å˘Ã„ìÓ&x»`0ÔÙz¸Fç%zî$ñè⁄nb≥i √6pØÅ⁄ù¶oŸaÅÓfÉæ‡ü†T!eÙ›^‚î‚e‘	„ÿãËÀ%YhÌ0†Õï:ß
†,ç3™n»àx:ÿ‹üê	é¸XPªö‡Ÿåá+5k∫°„\ååG∆3Nbã÷n1”.ñ¿M∞/^ üm~à›]ì≈,û†èãDWR⁄wNR≤Íâ7[Îõ—ó;cöπÓöw5Vß“dßc%dbS2UCé˚˛0¬å°õáÃs⁄Å»nT∂ÚN¬I
ÓgéùõY_Q‚?Oî|‡†*O∑v,)⁄ÌèQµÊ•ÛπXóüwv§mT/2º;w5∫&òI<oÈ@›@+∆ÎÓëJÎ*”ﬁaΩC7réü¬üêÔ€ºíŸNëÂòÁø`Au•Úeá¡Ü’ó2ÎÓ!_¿]J∞3◊¶^Ov∑mΩ¥4e˘;L‘GLØõøZ+WñÌ*!ÃÑ˛÷ΩoU˝≤r∞_ò¢ y∫«mhRxfO:
∫fr‰g$Ê¡ŸâY•÷˘}¶»™@Ë0àïhB^Óh‚aØDx3>Ë#î´P_pÔ| 1£…Ôqw˚N'∫@€]àÍ06#r†eÖ[r}léÌ"¨∆ﬁRë:g¿{¯ΩÏëzÒOXí©àLË<œ{-‘¶≠¶rFa	˙ë| »•$ªjï˘@:r…›c·*ŒDñˇÇ{Átª0@ïÃ‚Æi'HÎôÅ¢;Ëì§ÈÎYΩ@8Ü∞9qæ ÍTk¡¢ƒ™
U®îs4—[∑ü|é¡$sX`(YÄØÃî¥ãÇÖIòC±s*P ÷hwó*Wä_^Á{Bÿ{…û¸|®¿Èù .˜™WLBp›j q#íﬂ:8s”Ï>I@ò8tk´vÄlDã÷vmçCE„úX±.ß§ßAC»l~˝âäb/7€äR:K¿Ø +`„÷MäõÙ°Û£ºxı≤›∞ÅI0ÛS˚°‡∞xi¢#~Ò,	{¢…N]∆C˜Ca€C…ÆŸ$∑{VÕö‡Î˛WaöÛHÃXX#WG¶ùG’†pglíÔ’¿l Nc3
!≈≤7 HË.ıÅ√búoÁÄL´8*∂GdC÷—K[0AÀªQ¨˛ÿ~ }≤êö^¿ø‡éòK=´C1r{…>L23%€ì™≤dÔ,í˚§®´x€éB%Üﬁπû›â™2ÖÓÆA{é Ñ~ÊÌw™"W.[î‹€É‘@O‘î(jı≈¬∞ôıﬂ^É ‚N'˙ìé
ñÓ	L(]‡¶m'Bm¢t
˛Z“ºn∞ßwX(Ì¡ó|Xˇ°ji9Ë<Yhºr-,	‹Y`µŒ∆4ëö®π0A™G_7Ï$e›©2Ë›âíƒì…Æ∂æiR7Ç⁄kO_úéU‡˝b»#C(6„o@ÈQwxƒ$®!Ç™;˜¿{›Ä?ı>Õ§ôJ ƒº√VÜ+ç2†.åCt}is·Ó¥\ O«p¥2F9xmÿ6ÍPOŒ©Ô≈$.%pâ˝‘ª¨Ìp)®Œòòé‹Ñ≠zÈlïU$·∂;p»Ê‡’•,û\∏∂$p$ß◊gS5É≥ÑuÌÿ¶ås–µô{ÄlúC
éÕ∞%ŸhbAiB‰ZBv9ø8tQHr≤ë∏ªD˙xÙŸï%≤¿úÏ) Ã–ôZ^Öë|≠Ôm.ÜÎûRe…È÷Gudäa≠;@±IqA
˝)€cüΩ|åSz/’∂Giãëº≠∂ÿZê ¯Xn÷” QGˆÛ Ä––ñ∑ ¸AÂõ¬Ä™ÌLN∑K¨jÙù^5¨U ¯s;Iæ?FÕÓÎ…ﬁŒÄ9Z∑+äãa]v|k)Z#‘iüÉz5—›¢•˙ãB˛ÏéF•!0‡¥gGnUÄ4ﬂ˙#$aDrLÍ,ô‘Qvëå 
‡	<âÒ6Txf¨ƒ£ŸZı√ôÙ¥ﬁÿÌvßb†·Ä qsiID“
÷˜»Jq©›Æñ—‰ gıjGL∂b3ÏÄ^I(¨”˜(4◊∆@‚Â~hêAv⁄h$‘UÈ*pd˚ª´∆^≤Œ %÷Ò˜¯˘ôŸTê∂‰µ‹ëË’©Qãmjú≈A≤Óû°–	«,cI„A}1Ÿ˜◊ÇFâ‹—¥¶« àZd6øy”¥¬¶ﬁ:$ynªEçâìuÔ£x‘fÜÉ{πÕ[Ü®‘˛÷ß ®¿kN1ú!]úfæ‘Ú8-s:ÊﬂãÏc6AUS∞À‚î‹á>UW∂f@¥x|≈é2^∏$w
%˝˛ÆeËÁàrÏ∞(ñS≠Ó∫Å$ñyì∏°ºREÑqgYq∫€Íêú!¿eînXG”;jˆÙ*|é$>ç_DÀ®T;ˆ@í¶Ú≈‰±"…ÕÜ·@¢YÆº¿-\û¸Ñ‰Ω3?rTŸ˘WºKFv¿¢ÿÈ>.öËåÌEGr»®L¬Îcªúùx›Ñ~L·ph∑Ö÷úy<⁄¨Ï›P1åÀ;÷âLõ˚°ôÆ 9≈{¥Á`Ãª˝ØÀù¿¯s£A,¨ÀÈ’!§2≥y¥”%KÚ“«¨Àu«≠a@≥ãÚ]ÛOzˇ˙ÎÔ~˝Ó√?˚ŸGxàÃ˜5ΩsPç∑8Æ™“‚•◊Ã(?uKı¨Bî¨ |ukÒ–ˆ§≈UI∑ÖI[Ï<ﬁBYöÎ=ª]˚‰»Âé<mFí–;a‘s√œY∫NxlŒ
P8Õãˆw[‚+‰ôÑQdÅc‰CÆEÓQﬁπQAÕÛÄ´Q7 Ç¢DëÁ7ŸÑõ9x≠uå"‘7x
6§ÜEx°Èª9õbË5#ø”«Âì±É¡f1–îﬂ†5er	≠:4‹˙;=Äx<î§™Çú–ºEŒJ”©Vi∞ò#2Eh–¬WΩa¢¡V1%òôÎØ≤õ‹˚QF–j∞Ì≤©Œb´¡á5uÙC∞ mÑÄ	Ã]xÕK9&  [	X}ı°hiÉè)…ë4)[ra2æ›î8@€≠',zö3Œ,H∂ÅC‹;(∆ †l˙˚FmÀ≈ÑôERÚÈ…ﬂ( Y»É≈Ù∫N7Lm“Vo	··\aÑ8‡7D´]Pö[eB◊˚¡±C¡¨xY»©òW∑R%cêá’UŒ1†¢tΩaêø6&ˇÁu“gèæYÁGAÒ‘®ëJ+a‹Îzì˛!-+[±%À°ÓŒÑÖE*B2ıd=FeLÜÔ’‰¢™ÍpZ=JÊÇ˜CÑï*‘new  ’ß{Ø(xªÕDæ£çÃ04Äy∫a⁄pØ&=Å·—z∆M¿Ò˚›2Å◊¬¯’|7‘en.ÈtÂã5PYãFOÎÜq{P≤"v∫§ﬁÆ†vä≥èA‰–oãPLQº»î)A~îˆ’îr>Ügûr1àU÷"FÕC≤æ‚‡0Qè…î›˙êJ6Úk≈©¬Ç	eÚi@d¿V∂ÏH`C{√ëΩ»WÜ—°˘DÔ˝∂Jqπ—O≤nPAüp0ru‡ı¥÷aµß%–ª¡ÈÒ#NXó˝)ègˇ“Ÿ‘8–Ï¯~(û∏‰~a√¬hxQ™!¨Í8∂MAö$Ï∞]!Ω∫'¨D´”È^±&Ê˜3Í^Lp˜-V¨Ñ»{≈Ùël,˜°¿HhÍ¶ìv√∏€®+Lk◊Vi≤– tly»XS‹µ'
˘9ZŒ µÓ]C*∞Iò6†°˜	◊ÑFÆÜÖò•å(ë°ä¬–’IxÇKtaÁ∆ÏâÕ"∏n>c ⁄ÉhSÌ\Pb›ﬂÛ}Øò'ÇÁ´·™‘oàëg«˛Eîåò,L}j™¨‚Ç¶l0≥Ìª=∂<»$dOóœÄ©q'⁄ÎC¶Ω–êV&ÌxlC~.Õ*±ïı¬‡ÂÖvT+ñ(t•„«Ö4@Ÿ¬PÃø…ñIÔmnà  $t(ø7+ÍFgnà•uóÒ∆ïqb¬á€Ù⁄jˆOÄÙÃ(|$'˚år~gt‘Ê©»Pìqª[iè„èu%Ã ∆ …e[â]≥Œ¶≤;¿¥@*"åï∫ÛÜÅﬂ‚ÃÌ0j@¿tUN	"v{;íw]£â\;9C§nD≠’ç`Z˛ùr˜ÜU∂24±öUl êﬁtúCƒ∏'…æ°Å%9
4óEIÅ_ SÆf„`ÉNŸs
hD©YÓdk≤h!¿U≥nXìÍ^ß–eÙ5¡_9∫ΩdÎ¬VP£Êg92ÛéÓbô›öjo&¿#∆18Ê∏0∂ﬁ,[±]“ØÇò	DÔnB \-3Îº0ˇ-rCö^ûì[÷Ë|ÿµ`ît´]rD≥n%W®vÉúö—^∂Ì°Ñ®©∑{/àø±ãêG‹ED∫ G´Ósô=¨cóáú¿a¶çµ∂C»õ˝·Õ÷ËHå`nÍ#B∞Í˛“$Åç<Œ3®‚9ì©9)áK†]e|	r‡ ˙ÜÅ¯©»ä[«
ã≈ïD ?y◊$æn+]b˛ª˚_§4QËõπÎÉaÿÁUbbÄZg•S•!	‘<iÕu))ß⁄ÀÅ	µô—å5˙–∞‰vªe§ƒ…~)¥’,C˘WÙ9
YÇ!æçK”5˛†Kk÷R¯4E\‹8oùäß»ﬁ˚áíˇ3yb˚w∫õ¿ÂQÕÕ÷†¥£¯[›≈p7
‘7N.†_NÒGR}¬:9Ω»´;*´‰ìÕ˝».~8¿£%Ç®RΩÁ(˝&^»©ﬂ&Jî÷—Á`¢Kõ¨ﬂ’S•¯t”Õw8QÜ5≤Y∏®IMw∆Vß‡`E£˚≥é∫†ZÉòw#`PcÈ9Õ3æ9˝§<ß5Ï#MŸ¶·ñk˛CˇBuØÓ€ÅÙºarÍ€c¬r%*…îò.∞§€;Bp4©{¬ÿì·˜v?ú£”q¯∂Óñ
ÀZ≈1˙ÈQcÓ?i)<a‡Z≤§z\r
ûö“Ha J3'I\Ÿàü2UP›T/ÜbÕÍVvıÿo¬n$v;¶{4˛$LäXTD≠lH&GM—‘¥˘NeñÈ_ﬂb•à¯™/Ài˜°î∂ì[˙D·M> –º"Ï?1Èk6iú†¬„©I ÅllÍ,p∏,D˙N<M`Ì!;¨åY«vz’=‡aº˝†ﬁ#·¬NîÏ––úÿOjBﬁÄœ^ú«ÎU≤ŸÛ˛»	$ñL&;)D¶úõ#ìaaë	!eâ√/L)w∞±Ï:5U]?C&≥'æ	⁄wäèƒç,˝Nò$¥`wZS° sÆñ¥ı¡CÑf/Ú†´A©Ôƒx©Fî|Õ∞Ô˛Ç˘zxﬁ¿ûm ¥¬˛Ù·4ée—§Gùºÿæ¶9˚z0”ügLº˘ıÎò∑ØqPÎ‡.p∫Öl˝≠⁄s_≈¬¿ﬂØ%◊°éB‚†∞:ˆO@XJ¢Œ¢Üî!(À`õ)=r@Ç.‘–µ∆C63ÚúÜô+Ze/L!ÿæ6@J•‡ï†&B•∏≥çna$gR#æi [8ìÎ∫é√ôj›€Ù a7âÊñámÙÉfΩX	ØïiPﬁ¶6%4äÂGLî6ÉΩ.¨Yî2W˝Ë˘‡nyπé≥Ux÷&p¬V*∫[≥äÕ¨ˇ±p‡jt$cj˜Lº¥<nÕŒ÷ÌM GX‰8à9◊¿\ÙæÃí€†:p–{U‚∞C†?ÒL2çÈŒ	#À√ ÏÇèŸ®Z17L∫]lºäR€ÿò∆o'J≥©Nå¶¡ı⁄záìJ Ã‰ìŸvêÇ&kl9fOßª∞	¿§c,bÒ8447wÖøØ6µ©Ó›ÖTú<¿S}h«⁄k
Pp(•÷z~¬˙Ú%IE‡ﬁ§›'Œ~ØW‚ã$oVk^ü\œ›•ÙR{6Oˇ’»q⁄±LÅcÜM’Yü5‰@ “Ÿ*—+≈eÃ·,QB¡ƒØ¥srÄÌ;0±≤Å≠lU x¬µ∑£QâC©X¬åÕ¶”f‹ı"ë‚≥Éêhu¥wº(Œ<V»˛	Ω©◊™Sìf™eì˜˝ËX≠E_Ê#Ô˜i®Œü}˚ÓÂ√À7_»»f[ÿ‰œ◊~ÛÚÑx® ˇ¯ÎR©˙W?O.^Ò}ôÔº„‡Z@øˇ˝è~ƒ_˛Â◊ü€`b˘Ú’Ø?˚Ïe]¿_.ºœïºµ¡ZõîÜ¥a´ -<8ÊrõÜ<˙§}ÿ jédB{√§G§¥˚≈ÄYõkº534 ﬂËeZò`¨dúnF4E=dK¥ÂM['\EGñfEc˜l›gZôA˚·IßBH"Ùg∑µàc”]ì∫Œ°¸Lu¯4|æ˘´é°=Ë
az∑ª4øqøíoŸ˝PFæM≥˘l"#ªspêm	]√J!πÆÊ¯ÂaÃùç≠ﬁÉ\Wê+p”ÑﬁøÅ?QÉ$îõgcT√≥i&¡Œ|‹Xÿ€2d@K#ûô%k$Vÿπ›≠eã ÙÂˆàkY¨ÇçÒ∑ñÒDíÛÈ&Êgëpî„@K-‹T∑0¿rTÄX7ª0íŸ>a,Å"/ÁgQ˝ñé¨ã P˘È€$#jO¡Î°)ÎpK¬©‚=ÚÑ°mãœêÑ7˝RdπıTU\âhÌÜ’∞NòOõy¸*∞Çÿ‰’IÙ#Æ§9 ∞®«ÍÄÂ÷›7{4Iß≠!uµgsÜﬁB:H'<@Íˇ  ˇˇÃùŸg«qﬁ_e ¶˙ÙﬁÄoFâ3$%B¢êk!6l√ñxA^?˝˚NWWç$1'åt3Cœˇ¨›µ|÷V!å~7¥ç°ë3ìçµí‘/≤‹«’Û”ÂÛÁØÓ⁄.lÒµu˚´[ÑÒØÂŒîdÍ¥˜Zr!_4‡!Ê¶wN»(^,ÄÍ¨d8∆‰jæ+_ût^P áe CÖ¶%-4Ø∫ <^lÙDe ˚„aö‘n˙+h“±Æ¬a÷	π"â…ïÔL#
Û∏Ë+ŒûÑˆ<I™ÔIòËº∂_‰ÂsîùW(ø¯·„Ø~ıÒW?}ª_Ei™¸Ú„˜?˛≈o˛´XÏ-¸$á¯ÍﬁEt…Ñõ9(^å˝ÂÔ:+0 -ˆkø90¿‚Ãµø\€.g ∞∞ÜTˇ1L£¥Ω%˚¶ÿ›£Ì˘‰ù›k„\’‡‚òMBπÀ°ÇGIñ'èèÅcOéÔ,<tπŒ€lõ]¡1pF€aIíÂÑÌ¨ øYÉ°A á‡˚ﬂ0Ñù'D™∞˝4ïÅfØO˘’(µFÚ7ﬁ¬M˙‡À˜6,ﬁõDüäM£QÑÓ‘Á5Ωx\-qò∏ï—ó~B¡ ™∂~2o6µè^Oæî√&æsàáÄ‰Ë&§]CBé<ÈtIã˘‰äO6TòdÃ”åEBÎ
‹≤¿7]Y≤´⁄ÈêÕ¨ëlÑì=„π¡óú¸ìdDûQ;rñTAN ‘µA˚!I¡ëÓÿ˜J⁄lX7N£5-’^‡tÇ‚…î1È‡˘Õú•´'âñõ∏T„7ö/§-„Õ‡=<ëtŸÌ¿oWË¨EsêñŸ[ˆ2‰*Z>ˆÏƒu&∞GëÖyÇ–mÙ/.\&KOb d•YÜáΩÆÖ@®Nrúp"J0ò√@feC í\Ä\	Jíkº	^o‹¥±~<¨À±¨õoœ~¡·S…BzDπÖú `Rèàœ4Gs}i„ú
ñPVF∞Â∞#\Œ9MÃÚ—É”[ì†|◊7¨	§°6’çBwµ¢gXYåì÷˚xÔêAcgˆÃF+Ÿ&Z&é6ÙL;5“9û–PoXëbÛ”M:Q.<ª·Uﬂê]íœ˘º#w¡uT“˚Û,“û≠`+ﬁ∞ë` ?/îÜ!˛@≤y'Óºbíˆ
]ñ˘∏îs°É∂˚ˇ˛ah<t«√ò∫2∏B9ÖÅMÉ(˝¸jCÚ"wSŸ6EÖ %Ï£ŸÁæÔ>»¢°–‹íŒÆQ')0êõÉmÌÅa*˛∂Ç„h@«?√y
Aú√æü”pﬁ{yiHHAQÚMdå≤œ§ÒÃ»í≈Ù®wn~»fÈ±â$xìﬁô4BÂ£’Ã*Qß÷v⁄öY"≈Pπ1>Y≤úÎb®øa@Úá˛æ?‰ØZû£Û•Ç£’•'w√Ä2∞¿>›˘TNY‡˝‡6¡LÙyÒìä*Y∞Q∞ß=‚¶@ÿ&‡'åA7{Fîå LÌJ{€¯6WMjø{Xï…Hwò.„πø≈®ÑïJ2VÄ£˜MÕêRÁ6º"+˝Oøóÿ‰öú÷íÄîâ£ï»B…Ò#âÏGŸahÇÕ¨rhºÙïNõ†?t?É?Dg8çÛúIät—ÈπUÜr≥πJ–4thÃÁ/ïgˇÓ◊ø˘ıÁ{˝õ:,√._+î]KπÚ∞tå˛?M"$Ô<S¸ú„¬…Eí⁄Q±@”K-ã•Î	DO€ªº–”∞≈M«
/‰‰∞Ï#ﬂ^¢DTgY·Uæ6Ù|≤`íw‡qß»t£ø∫!0.€ˇ°å_AyF4∞f,«ÕdBLc6ÎWÅ"&øŒ·ãÔ@áñ¥OTÇãx@‹2Ò{ ÔNCdÉT@'õÕÕSzæ±ŒmáÌ}xz¬≥äΩ¿¢©xÍ®%J8Í	‚ä»ÁÔÙ˙Äa Åª4ÈEÙp08M¥ï&Ñ„¸¸·ú#}ïó¡ÿ—Å@áèáÅR“˝9a⁄°ã¸:˝Œ¬≠®8(ô`73Ú∏`y§TÈH$–£7ôEÎAπÆæ•ª3¿>h%7hJÖ∞{;ôLOÁïﬁ »Ïu»ˆEV áK D	≤(O¿fv	Ç0EÏv∞ÃDúbÂ#˝	~wú7d”ﬁ¡ﬁN4á∆É÷"√6PÏˆ-·´äÇ}nXŒùõÒyÓ≤£A‡â'ló@Ù¶”ßø	dX≤ı€¿@Åô \~·+4ıÏB·8Ä‡ΩıØ@ssâÔYòeÙÏwçCÁveŒÎã˙≠¡úwó5TÃ◊MòˆÇô%Pπ1¿∆Ñppò≤Á]éQòÄ´?aåÑë)@
”√ C∞Núå˙ùDiNáﬂTsÿ¿5f¿	§LIBzÿò>]ïTà~®Úm˘èJøø-7ı˚Ñ¥.\:ﬂ]¢äfAÅë∑¥2‚«á›µ∞‚…éñ$	árx(ï‡≤3ŒÏ†ö–ßK)J™$]≈¨◊Ü¯•ËáªÜ,fU.séE√v!p‘‹˘:π¥@OTB˝MZÍûb—¡gÇƒFŒ∏ü¯'
í,cHc‘7r+…•ß:Ã †…ÿH•	ÌÁ·	¨¨aïEÌJá
/îÖ”1…˜°Ä|√–a ].5@+ÓåÍM1ñ<õ‚µÑ	Æå‰ñ —◊ˆx_7`π9Ω,gác#H∂ó5Ïê\≠oXÄy¿π–"†jgTÍ(DVZ™±b‹ß&±pé´≈∞˝≥Nª!H%=ˆ¿Éÿ_5_‰˛ŒèBÅôÚæ{ÃÄ™ää—jvÜöº{E«√√”-29€Gk	Í–ß†∫€è8i†ˇÜa^«!5œLáÄ}vÕdA…%C‡ÓÎ<-HóÅ<Q
ñòÇø~4^nƒ8ö9÷a<Ñœv'~	 
ã^∑∞∫ÄÎÒ±¯òâA∏Á◊)Ω*µó«ΩáSÉ∫¨%ßS©Ls˛πCµ'Û§GË#S1Ö/ñæ[oêÓAoÀœZ#Ù∏t}ﬂad@xÆ∞◊‰≤≤AÀ‡\ºÖ-4pﬂenÄÚ+\≥`Ç6†Ë°Î”ÕøfF!§4˜0©MI¬ÂÎ¸bFû.Ï-CÕV
Ïì∞ØH;N?Îao◊ΩÉTàé“å/Ó›i9J$y4ëê}e›ˇ⁄üÇ#ò$À∆n§Ω∞Ù÷Å\Ç}ÊíÑùˆ’îYw»º%@ nåzïGIøúªÖ°¢ƒº≤≈[Øb∑ÍWNé{OMò«xZöh+úu°“»}‰äT√˚Ω@Co;«Be©Ró3€ˆ(öBKM˘ˆŒKêD√i∞CÔ/¶õøè⁄» JLÍ8%lîß	f#„êÅ √Ha»)gF¶F˚ûÜÕ√⁄5p¯È£7úÅP›®˝1&·`M¯_®ôùpy∆3ßNÍfJÄ÷i°Ìø…ô–g±o`1Bó»ﬁèBÁX¶â«Wp(≤/ uPÄ¢ãÑiÚ¡&ı:iØ¸¢j™∆íÃ*¸6·$áCŸvúM’÷9qÊ¿cÉîS‰YT,¨
!ÅMøÑ"Â
‘ÛÑ¡‰EêqÜf?8Ö
rºÃD®jè÷‡É@…=7L„‡˜üÜáë)Ï‘löó·Ühÿ~sâ9j”åı8!1˙ÕEE`J´˚\ß$ˇˆÀâ~rò¥◊Z5[Af&{ã¬¬?<n,n0’÷´¬N…ä≥Sœò\¥ŒÃ}ßêGÓ’=a/‚¶ºº`)ú¬P≥—PnDjÏ|ÃÚå>¶ D≤?‘X)˜òâ•$Ï¶fcSL∞hˆIjN¡‰c∂ÁU%çk÷é‡N—9A‹p 	´√I≈ñ¬IF^Õœmø=ñÇy¿aîC‚Ü·h¿Èôâ•ÑÂ»\ZºmºT¢úÉ±- Kî∏G°V≤_pÎøí˝„“•\ŒÔ.∫{?#]∑0‡]Û<%ïk3i;´|ëL¶úUKaÉ
·+˚Q¡|ädÔÖ¬ﬁ\¬ªTM â¿åNIB„`ÎôNóÇÕé¸	ÊùO≥ b7~Õ8¸õ£+ZQå]ãÂ¶Ç˘-$!C@:mªŸ¸©††Cøhí_5-|1√áÄPÅn3Z4∏Óç¸dÔ“5¿å¢˙û®ˆ™<g◊+Ë§2Ç@Î∑Éw+C^:ù.¡qwé˚∂Ö∞<$ch0∞[lå˙L˝
–Vf‹ôleˆ nÇo~~n_ÚœÒó˙«ø˛õzˇ˛Ï‡îoù;îˇáÂˇ¶€˘„«Ôæ˚ˆßœÓxæYÛ√?¸·ü/†Ävg˛ ˙ùê‰'j˚âvkê¡fÏ¨¶∑;Cõ
≤Ö¶¶ÄëÃ˛‚…õÜÑﬁ´9<u‹,`R¿èi!¨I∂;8å-ä¨l›ÃíE†πôBÊö∏.É≤µdyöZ⁄y]Îê∞]Ù¬%1œ2µ
È˝c÷¬@ëµ˛XWÉÏãËQÑÖ÷¥Å|Å_™≠´,™„$˝\ΩMÿàLXãáÅŸá’f`3§!ìR'gX`[HãüIû0òx˘›U"ówÇŒ∞√:iØ∏¡§âÁQ‹«¡◊‹Ÿ∆°æØÜ≥Lñ9[[_i¢±sÊÆ÷tE…|"ë≤ CΩkû'å¨`ºﬂAüÉ&Ç≈ãﬂÙ•µ‡^ì¬rê©Æ”k3∞,Ã¢1ù0Ái¶{£òç˚¡\•Ö)IG…9\ù?‡¯}‹£ΩùJ;øπ∏ÜO©ˆ!Ï$X©<¨? ¬¶9Jù*msC˛”*ÕÒf*‰~$èÏ"·hâ¶\∏∆ìîC °‚DÂ–≥pg!ü2Ê.Ïg|å@»≠Õ∑1Ùö&ΩYÉíÃå“:≠†:$èIØ<Ñ%9˛fÛ◊Löé$Ñtk8fÜr)∑6“"T±¡'Å0>66`Î-Ú.$!Iü’•9kÏv$Éêµ¶ÃO·‘ "/aûØ¥Ø—«"2„—‰îk‹N4PX 5ÕÒ‘“ﬁıÿö'0áü≤C^æhÈΩDí⁄Z[C∆0„ÛÙ˜ä‹˛¶59çæNÆç,ø√:S…óìEQßBﬁÖWå¬˙Ó∂5˙ÌEÿL≥∆€X{?v∑/ Úù‚Fı¯~$Ã±ñµ¨Z˜<Rˇb¯“Îúˆ√«ﬂ¸Ú◊«8mˇ˘„Ø>Óø 7˝È„ﬁ·˜ˇœ_êø˛ˆwﬂ}¸·„√rÌ„ˇ¯˝áø˙ˆ?ŒÊ›ˇùÍ÷tÔŒ_xÎF:µ ∏˜òa*ùı∆˚ó\·H¢¯Ú®j∂i†Ë¸ó¨õí£ÖçôB°Øea(r‡Ûô|? ∑S–“ªõÌËd©º}æÊÓZıT˙g7
4çV◊º‡É¯(]€*N≠12\`N<,Õ3Û/ñ.4ac˙{˛p™mµ‘∏^1ÅÒEAäï¿´›zô/“-lµ3Kñ˘Ñ±K∞⁄[Ü8e0 üWgôoì^?≈c¯åá4~–Z∂ÙâIz`*<ë¢a•s€ÄØ—‰[√•oÓ!Uïe?
ñW>%%\)ñ∏êE\⁄ä"©–åÒ.0ºL›Ê=∑EìÉ™»•úH$k¿<ÓDÅ$ìÄ™K]≥√Ä©â Üîƒ2\Vê¬c ög£¢©[…Hœ W\t≤¶˝$≥≈°9≠Á1ÿ±Ì?—ÈT#UF≈/&ˇÓ†»v#Ñ,¡-@«=~btÎG•8;#ˆ]3B‰+Ï`ﬁ»å7¬8ó6»≥r\oª6ïj-O÷‘E#öˆkÿX`6™?ms˝áŒ∫‰£Ü(H£.\WLòÂ{2˛8!b¿lº“\%°^è$Q‘u“Æ2"M°açP2JY_ﬂ"ˇã?}˚”∑ﬂ}¯¯›_}˚õœ[‹”75}ÂUYí6˙jÜBaNïŸÉGXV‡ã Ù¶∞—aÈÍá™åS£˝eà•À°d@µ$†ıÜÌüÔÈ∞eo-ª!∆Ç°¡©Ñ¯Ç:#»î%ÛƒiönY ⁄Y1ùŒ‚ˇ"¸kPjîˆ⁄ífÅñ≤/¨Œ˘é™?~Üõ\˙ft´ÚøNLY2xo÷RÄÉ¬¨…∞3ªê)¶móÆQ,}˙7t.Œ~πz£•‚§ÌCª€Ìë~G~J  Û`ô¬ﬁiÔä^Çˇå±≥! ù∆Í’Ö'≤:äSvﬂgµ¢„¢\Œ†F‘ôòú+`Éí3ô·aÔ∂M∂5¸f¯4÷8∑›2—§ÏAmúŒ[!—^¶§4@V¿Ô%Ö+ zÕÜVøèe
~~:†áën1ˇ2Œ _wh˛"ˇ√∆Ω~¶ÌAΩ¡zõ∂Ñ…©∂‹è&hU 3·‹ÿ≥P‘∂ÎM^&–O∏R÷îÖÀeKÚÿQå^_ŒQ˘•ˇ¯Ò7ﬂ~¸åÔîå>“{~Œá˙•ø”…fûê2;ëá—’RΩÎ ªÆ^äÖ!!Fkâo–ó÷A?!JcHt◊–UN˛át^ÿŸ—]Òµ≈èt°Á&√_£¯)iÎ5√kﬁ˜ªtv§âÉ!¯päSèBeìæıeeÏﬂGÂ‡µR±0\ê˜	ì‘ÄçÕ∂<π’ynò–à∆¥È Gi∆aÃƒöñS÷˚"A$úLéº©†^Â√Ïú’‹†\7„¥÷(.t0}ukj∆WÎ±Ò›ë#√*ı>'H≤c\äj¯\π™K•‹åπºQËÛ»˜ƒ∏∏ë‹Å8aËíø√0N@’¡4ô$.yÒ˘‡Í-ÄŒs”Í†„<vÑ5Ÿ*;‘l“ÇbdÊw[* ıŸÓ-(<~—aà°Hjﬂhº∑“kvm)ò2ÃaÛhÆb4Q¡éÓ¸Áﬁ4n>¬ΩöP&¢ü(La¬
£
¶¡Á¶5.±r¬ŒáRﬂôT}UÏ”»-Ÿ3ıG‡wPaÁ
:éÏºZŸ—&≥õ°”[≠‹Øí7Òt*®dòå#LËÇ∞6¨ôò°ÍˆÜ¡ã&”ö”ùÿü
FóárÉ†:˛A=æ√e;µÓ•k¯É¬\˘5/d"ãÉÇÚóµ˛È/æˇ˛wﬂ˚√èø˛å°~3kËîˆﬂætáGˆ
†a∫qèp~!^s#ÅÃ”/∑~Lz÷íA≠f§r!AZ˘Høà6ÇÚ o\K= G•ìßdmL„…°Q±_IÂY÷¶ï”ët<%À&v∆	Æ-ˆÛùw
qY∏ò`3”mñ|BÉæ!†Cìﬂ≤6!ØH_¬u¬ú¡)Ù Rº⁄ãP„˚JüñıÛJNú∞)ÿ naî"ƒ)r^≈™ËﬂÈëœUò~0ßí¸Ú	ì≈Õ(áUg•°ï›‡,HÌıÇJçŒHïZ´ÍÇg¿Å∫Ö∞◊¯´ÿìÍH<Ä+=¥0]ìmÉemºuú¯f<„º·Û[h2xâÑ¸J·W—¢6Aöd(èı`aÛZ=h5Hÿõp¶9,ç8Ük›¬ÿ≥†¬aã}†ˆ“tŒMX:Ã–Sh°ÕÜ¸d±µcƒ˘ËàÑëT∞ŸXπp»¶¯+º∫Tôv4∞◊®z-\ÇÈjìû'Ö	gE‚™=qÅÊ \◊¿WwπÅ¶;7Y˛∂êÇ,j/ÇJ≥ÜwÚAÁ™Q5Ó.”1ç3[Ë±…WG*∆FzêÃ @l˘ˆT”ñúåhj“§
ΩUX– ¸.op)ÛãGÚ«7L€!f∂∞]¡ûx·ùÜävyB	ÔÑ¡hêÃÚm#VÈØÊa?
Ïø≥dµêÅ£†53Ê˝¬¬Âc‡9Cñ5ô2õæåaYfÜU3d◊8-Uåx-¶Ó|¸‘ˆù¿çrö∏(íŸ"ßB“ˆSq7´˝OQÓIŒ≤+˝À%	ËkúP≤’$bq5ÔEÒ·EUHQbß3aÈ∂vN2IáñºŒ0∂„ti:ö˙ƒdÅ˛'ÊÖ~f®‘Çê±§ôı{5{+˘w,Âí
öpYöH÷åVQ.·`¿"ÖÕπ‡Œ'˜cAT+á0Í ñˇÎÿÇñ-ﬂdüAc€ ib”Ó˝!Ñ…˙u–X÷;ÅEÓ(ﬁÿEìh£Ω“ò∆o§x_¡ä„C_,›AD“+a¯\lO1QpZÈYæ•%Ï¿äeàc˙‹r©∏¨'úK–U^R#Ipºç¬| º@S|s*ÈÅxP˜Ÿ–≤eEÜuÔ—ÅÚ‚$ÏNã:L)Kì¨˘Lögó„ÃwøËã%¬¨≤wÓ…πùó=INÇü>aK0í-w¸d˙c.É‰És~D	}~(-∞$œEf…FO†Ô·ˆÔöêË^_/…ïyƒáÈbÒ4ÃÂÿbK9D‹ıhØj'ö'¨R'?Ï¶%$	0Ã~˚åÀó≈ló◊Ô-úañ§«T°≥vzBGﬂπœÁªÜÖ.íH#|KX⁄vÚhF=~ ü4æg {vVSÆ∞5©„êqGxR‡5˜3ÜÁcQL˝†~«ΩÇyæ ÁÖ	∑¶ˆ'ºD´æÆ¡=õ4w“@A´êœ-ê±Ø?’	CLñﬁbvª‰ej≈”:a,¯¿Í≤/T≤gØ4›ã%k6óÏÍ¿‰r@äï†TáRÌYOHH…¯ˆKE˛fˆÛ¸9…∆5KñnO´%-˝”*˛$[Ì+7l`Œ&7´0XDÇXáI®#óªwˆΩ⁄7;™åòwrë‹Kéµ™ÓXß*nÀŒÚ *∑!ö˚]LÊ√»7ﬁüƒåUEfApuËøg"F÷◊N9ãjÔF—ïhÊ:µ0ÀT`“” Z“ZîPXÛß)<˝÷6›i≥]…q‘Ø®‡¿ÑÆgÙ”ØÛÌ/ø˝›¢÷>©Â'≤°Öö≠éRf≠|†Ññ%√biï[Ö®ƒç√†G4y»ÆNB¸òo‡ÏaR—¿¸N*h§+â
ΩHØ«π˛$˝ÿz lhû=RF//%-ﬁô—jΩHT≈˜ø®RÂ_¿eÖéeë⁄^µπpWr9—‡	Áø˜Xd‰∫≠8AÒô◊lƒ‘d¨S°V	d–√`†ÁaÂsﬂKj)I/¿ÿ¸A6ï†’Û(q6"]É']=%∆Êã’ @0âãfOÄlo‚ŒÑ˙yh b\@Ç˙‹£≠©∂£KBeı∆Ü»XV{>ª=#ÙÚ¶™>\Ï≠ˆ‹{MJ•±7å±
&ˆ¨phfG≈¡[k`&—bYÊõ5•ÊçÿG
8˛…∞ä››}wπ~°õ«¥á¡çâ=¡®îxmrΩxz˛t^¨`¬I˜£Ì'Ç¥îoﬁ0:. ıùíâí~z[·˝JBä]6_œuû◊åOn''L¢4–®üp∞ÃÎQÜ’ˇSt©ûê8!U•ƒMˆ”¶ßØË„kt6ÿ3÷µ'Bzæ*\ﬁÍ}–I§$∞T3{‹6QßÛiÜ!CvM∑æÉÁ;wÍº?FÙTüktèm¡‡∏çY√Mú÷©ç)ÖVÛ}Y`HXÌ9ar2âha ©T∂µô˘êÑ?…Ü;BÀÜ›ÄòŒîV›ìFñ˚†Ybaö≥c≠^ãÛ$u˝ÅyùR‰™∞^˜bÉ–˘bOòƒÕëxÖM¢îïXTª„tÜ©∆√°Ña≤∫sbBàb≥Ñ∆⁄~ó©ëh1Å)d· Å∏l4¸LÙp∂∂|¢¶ƒwß{fOáYëhÂoXñ‹ÖÀãÿÍ W*’ê›x™!§óìªıfõ2∂.Ê8ENZÅ†“¬øaPê®√å≈¸A4BLÀ√`|!J~ØÄ¸ûØΩá!¨∂3¶€¬hbc¢Ê⁄@Y“ÿù⁄“Z `raY†`Q=¨À{ÂdŒ®r9§„J=4‹ñÆŒ∆ç»më3ræ7äèvü0.+'
áë∞óœê…#ˆ—5õƒ‘@;˘nõ åw¨‘Ü#;‰™Ì √$¢O™≤¡¥Z¨‡(·P®ö¢{Æ	”üﬁ•Ë7p2≠≥Öf˜%Ω_˚^ÔR3[Û≤≤]$vb^≥$;B
›⁄`hLf7”9Œ;å÷ &`˜hÑûn¸ƒã˙õ$ˇQ\'©ëÎ®kÇ¢¨ì°˙OÚgX∆›»q§öiôZ»~ﬂ—}‰˝JçœhC!-u∆+VPÓP0_7£7!y€ﬁØ]öˇı‡L*Å∆k{›ñ=≥†ã€§òÃ…ÉF,ûpÄ1úÕ%¯dÅ∫n˛>»HJ ıÏ£±bK<˘C…Ã)>®Õ√@àÓ[PÕ≥ÑŒy‚dŒÅKC——Õ.CrL\?Á∞|≤@>)Q Vì®Ö∂˝‡ˆ¶sjRÁòÄTöá1h¿∆ÏC
^oKfì1L©s√≈¢»˘«OÌeƒæh∆hœ·aÄ•Ä¬Në°‹µÓTùãE10ÈÀ"˜®ıãsD∑Ù)N€•'Lf?ÆãN¡2ò¥óÏÛH%Ã¢Éû™t*[|${xı{?(f∆ãp&9Ω	t%S
Eˇ°\çØà<Mü¸Ñ°÷§>”éñiÔ¥ÏGëºZÚADÜå—Õ3·ÌW–èéLƒÜú’^‘uñÏ^J÷v!¶π®Åë‰â„ÑKë∆Q2Õˆ%Z´≠J∆¬√∫,;ØÈ
hl¨»Yç√Orhp‡«°#QÉ†ßPeÍgaπf?Ê.Ü◊fï\íãK≠èkË5¶~4∫qøÔπ©…%K¨îÆ•+  É˛C> KΩæ-òá{ã`_≠/çÙÎ;°?Xût·∞¡®ˆõçw<˛Ù¸TÇ6T≥G_ÇµàMáhÖlFô≈z µBdoø…x€Ö\ÄµµîcEçø⁄W§è◊sâ 
9~ìmYKÛéHFè˚|«_À7[uY‘Ì„CD%y˜·„?~˚õo?|6üœü}˘ΩíZ¥ —Î+P< ]ﬂI ¿˙yô¡âX»µ‡OF¶ÕÓêÔZ¯fÇÿPãLiú2#õf8Gùá≈¿ Z„a|≈ÌXX’´òaá˘èŒ#6]û≥zUdÇ!∑2{ˆ0ïÎVÑ”B[Ë!8˘úN&˝¢aÜ\ÙhíÑ∏ZÈ¿º	„æ«ˆ#dr"9ÿîB≈WRõlnö„f‹´›∑uæ.bjú0ıä˜ΩﬁG@PÉ>Ü ˆ£¥w1ùÖŒ¥0÷3$,öŸ‹ÌOrˆ¬¨∫˛ ΩπØwÛeBÕv,ì.7—D∏ŸIêÌ˝h›Õº¿kÌ$vØâ„\Ç÷⁄,8{`d~(€˙Öe^Ch∑É!÷¬ékÌ0√6ÙßQQí·+tÿ!ªòùé¯˙Ã|ô CvùñmG¥Ô’˛Õ}U-√d∆t<Jô?≥≈ﬂ0)î-◊óéÔîè<üW˛˘¥f?Ÿ^#5∫ﬁA'ß∞Eü¬ú±,Æ	eAW0@Îà2Ö÷ 	c6’Å¬9“Óë¨üv÷(á´Ù±√=Å™e≤e∂u_ﬂÛ-È\Lu3<Ü˜—π›π
2Wµ7R£oË^O»f©¿Aèw€¡ÜÇ0b˛¢»Ω∞|ã&Qc8Ç’ãá%¥ Ï7…çí@AòjÄQrﬂ∫? \âŸ°À˜¶nÖ| ﬁ4fØ4äRÛ,Ñå8´ØgKÃæpoe!©hÜD≤ÿ˘cJü$B˜Ö°q°∞{>£∞˚Ê˘73ÖØlªRçgvÿÙm2.Zx°Bc˘º8 ◊ÉøµôK‘¶«„@€∫àdç9¯NÁ=uü“”*Ÿ¥±jF¨*·–¬Y4ùöì≤∞ÏÈ/óº\¨Ã§˜Õ°Ò†c!¡√«ìÀât=mõ€cﬂ	√ù*S´IŒΩ'msFëöâﬁ0ºO1E79e	E!B^É£îh˙¯∞Œvq 8©Ç¥	2\oN.KeÒW‘Ö§ÈöRã±¨âÁ¢
¶`6ÎU≈TuñLùîç
’Î˝$ÇΩËc}~hIù0dËŸp0K?™ü`Wx√
@÷≥|`oÚæ&ì¨Ä‰êe˘3#\i•c4∆ùœ"˘Ñ1.–ôp4i0éaXåäMA0?V<7öŒLAlt<ÿtVçÒÄ€Oò~ÁhB]À”›|âÇëd%x¬‡†#tÿÉíˆ¬loG’‘kÒ≤c;bñÂ¢iRlX†xmF7í;ZË^éIxö∆œm–r†Y·1rò™€sêGﬂæ˘Q¡&Q/M—zG®Vö)J‰H÷äg‹0ö˛ãnx€58»◊j≥{Ë˜¥ﬂÈ9˙ôI åÎ!MˇM`–v¶Bùl„\ ‰*uÿ∆˛Äìgª0t‹b‘HK~Êàê2’é6DVÇå›bSp√ìé-d^B 1*yÇˇ Óÿ	Ÿë}ölLØ®GÒÇf©kû˚Å:.„Mä]&∂˘~“,e‰ó !≤oÃôdC›3#M:Ù1i”–åïA]ÿæ¢6‰Y,n]/"˝v{ıÇ
ˆâ£"gµBj√ D22Sâ%¬î˚gæ”^Â ïÿB∫>¥–u‘·–Ωì•Ça–±¬™,ëﬁ0®√ú_]Òhè‹U[≥º¡vå"$:ÚekSï¶ﬂ}¸˛wﬂ˝ÓsJ”¯ 6zt∏‡55€‘Ë¿¡Eòæ˘'s‘O6$ˇÇGÍ‚˝Ò∞ëﬂO©òÂ›æΩ	ç˝Í˚LôÜ,äÔ'ÜÌªÓktWíB¯ë' Fw
˝™°"b6èT˘%E5
K&ŒB/ﬁÏ^ﬂ)”	;ZñA6ÿù†◊&=lö∫6¿df∞·¶By¬ä ∆≥[ÿ¿,^ÙP√†	2p.8AXü,ò:°õ˙J¯Ç®JóS$™FÙﬁ«õËi…∑É%<WXBR(“ÅûAÓFVA˜óî èˇ¶‰ zsæ¯1uê‹Ûb¿H∑ÚDIUÇB∑«
∑1ãix®ºalÃ∏/ç≈Ω^nR?…Ü<ÖóÜ…n∆A≈´oT≈ö1*YñTE©›£ò!¿¨©I<Y i◊¶/∆∞gm¯›o`5_ì‘óA˘9Á˛	ƒËÁPeæt9Ä€‰ŒEÅëôF$t<>° á§pQ–(Ö¢»Ÿ¡ç›)‘»~ Ò3Fãt¡·Ø'0Q”D2wø,h¢˘|˝QózŒë §±ﬂı£Å‚åDäzf\É0)˛‰{° o i8#∂ﬁ,å“ª¿ÇŒ3†ò√c1\\(p™â4\Õ3”Ü‚AWÁK:SFºn@ùQâXwLƒé8©>Ãøm¨Dåf1	¿ƒ€è¶@àˆR≤Z3]%[BF¸¯¯bn≈ˇ˛ª¯úÍx~Ìﬂrºb‡?Wq¥“B…¢¨8tbâïôˆΩ∑0ƒ#§∑ÍNÅ0oÄ8’;/R_¢˘ÏùDvY,ÿß¿hDàõ5¶‰iw£‘ùıΩôl-¿â◊Sa¯®]Ù'4&Kä%˛ 1‡Qæ≥#˙ä¿~-≠≤pjY	¬¥Ô}îI>‹√*3—?)Iëî◊>è≠Ä◊f”äSA#µ≈G/‹ü‰⁄∂&Ä—{óév˜¨6nW3^/*¢µêôUn\ÁÜÃGËiiáÜK`ido;•Hyü <Û Fáº`ÖuˇÑßÄ{∫E·mÄEÁJÅˇ®˙ =åt@ˇ	å©J¡˝ñ_∆ì‚&ÍŒà ¸%Yﬂäó¢o
‘Îh<ÃV©Â´&? ÈâÄ–ßÓ∆ÍKàûˆÜR6&â(ı¯€∂?,mˆrvÙ¨È%∞7<¡WZÍ™a⁄·^U9YÉn›/b	ÎjCÅ˛BS™œNmÈ÷g ÿË≤Íû±æ,x∞îıˆ.ìYKÛKD˛TÄøt”xŸ˝oóú©Ö010+lH™òé≤e<·∂ÌL´Ï&Ôç6»kï∂∂™S ëyî«Iq≈oﬁŒ’Hx¬á^˝[˝òÃîIÁ<πÈp©⁄Àñdm°±kCüâ¥Ω·VvFÅ?¿qæ`±L!B3¢NYc‚7ŒÁ›¨dCΩj∆ûT„u“<ﬂ("zºT}ò_cÿÅ‚˛c≠p\FÄ 2Ve‰o]ÖBèî*‚;Üò¿ û`≤∆#…^ÏµSÙ∞BŒ€k]ï<âñÊ3ÊÙv<©ÅÖ;œœüU◊∏e'FèÖëõ–\À)¨FC‹04√ó≠ª–':û·›¯p:á“HZ¡’Ç∫_ﬂ~Ë‰V”vä4j…^Ff3tŸœ	ø◊Eœs⁄ßáâ·ôu (÷9‚#œ∏∂◊µäó¨Ÿ◊s° Vÿ¯dû¥g3“ µ#Ç¥J¬#êK "À∂L“—°¿Cl=JÙ°[∑ÏnHd}4úÇò§≠,_ØÜ√ÄP¨A,ZÔﬁuò^⁄÷W§|Õ*∏Çà√#U?ÿK˜G=7ÅK2úo’ƒ”ßå†E˛:<I‚ìèôı†?òﬂﬁf–{V…”ÿ' ßÕΩn0a<lIfÆé3UÄ¨,(#‡‡_BHµ8∆(GıÊï?|¸Èß_Ô‘Ú€_}è„˘‘˙ÁÙbæ∞B 0ìÂkòExW#@XÁ0≤¿Áàj#Ã≤Ñt`ªÃû¬lŒç{SD£Y¥—TCó•ÄxEÂƒ¨∞h ÌO‘|hüo
…$àÕiAå≠Dçƒå+Aú^ÜÏNÅ√tö&ûÑ3ØÃ/C\ŒSpáP⁄∆∞÷Ï∑¯*˘àz^8».—e§rÕºñÃE‡ôy_m `Yf√"Œ∆ò&á€∂ƒAçÍCA(Zº˘ºôA*fÎQâ`y'W¡™Å∞Qm≠iKX})ˆOˆª@ ôˆ-ÑM\`KÖ3√G´Æk~Çh¿rñG∏πC7‘ˆ\ôl'a•{Pˇﬂî)Q6"P$rtf-<Q∫¡ùÆ–Ò¬öt–—hyºP†’ıÚÃ¨'≠Ÿpé±z8:5Íkù•÷&˚:Î}x¢ÇFÏ7ßöf0˝é∫â•áuπœdcè4Õ•´ÜùO8√)Zú∞ZÒ)$±¨±•7»ë˚?aı¶~¯‘ã§vô˛ú◊h{¢ÇË+án]í…oâ9Ë0ﬁ§FŒs9[8*5d*»◊¨Ä≠ Dﬁ˘˙Éqº[O4~¿´^A2}g$ç
9¯1Óïaa‰qe&v‘ﬁS ÿEÀ	]ÖïÔ KïD·‰à?úo7À¿c6båÌÑ›%,ZËJA∂hf6÷Ò¡‡zÎ'ﬂ2ˇ9¶ºÁ∂aØ;áî≤cÀïÅƒÉ§SÈØKTh^˝Åüv*·FGª6}o(€eVu*á˚6íÀπ	(íy>4≥cà!ˆ3BÚ+º0ß—$=†ûAX=H<ëj±oîîªW~Ÿ˘÷ ëh@©P8a†Ü˘ÊüÒJí/ÔÊ?∏Ì†¢≈Á=¿[ÑËCõÔ§ÅïéïÑ'ˆ†Thı&û©Ö	WÅXf<6;<+aXΩ$KP:y“`zYÕ¢∞uÓ¨—.Á4≈”Œ¨ùìëÊÖÂ–Õ£÷»qO‘,ƒZ„LKØÍ>]+÷4~@"∞Q√öì”)÷0W,çÒÆáïpàAøaîÇIaÂ7ÑÕëí¿T”)ˆû+çz›√4E⁄Ï≠Å≤†k˙ÿ√Ë·@<#T)‹5Y∏fBtBˆ≈n/	dﬂòâ2+dNú»∏@YÑB6+}æíqZå`≈◊D…6˙∆,yeÂÛ˝"´"R?=ÏCk·8]”ç¬Ò^˘0Ûƒ·!,3ﬂ∞ÃÊ»ïRÉaåÇóN7_;uÉËﬂ≤|ŸÙÛ∑ø˝¯Ì˜ü1Ïﬂ‘ØÔZM“Ñ Óu5=kà~Lˇ˛hÆa®.ﬂ∞7™
áˆ õÏ◊ ?0ßå#™â;^n+ò¢¡Î÷åèåC≤P≤è√˛A°Ó$êNüqfÒ‰©ò:zßÅ4A.(bñ!ˇ·´4ÉÎ$æΩˇß´¬
‘úˆ¢"æå',U úö‘)5ﬁk´8 ≥!ëåæ™F¡˛‚YV¬—Ä–<3È°zxáY∂~ˆäX\Ó˛R0ôƒA/éEáLâö]()ÑÙƒ{	Àë‹°ô∏=&[6ì\≥ º~r¬¨SrRC —∫ñíyËÇJ4	SåW§"÷B^ÅX&”D–$!âW]~SîjÚ™‹Í ,¬›Ë{!ŸR≈¡=î3W^—*oÁé'/”•á‚à« m¶`[G á≤˘CÑÿiKñ6[6ÏÁ⁄ı∞LícÂOÕÌËÆ°f~¬»òAï‹√Pg°ü∏ÆL?Í tÿK≈"ˆ^_#√∆:9iæ≥Û	µÆŒw%V7mÇ£ì˝4 ¡…4´;›LÂa·a¥)˜X˝’ﬁÕ+Å…È~5&Û¥”ü∆DöÊ9©Ex’‰à2»¨*ﬂ¿ﬁVô/Ñ∫Ù„~
öÂ7§gJ»e‡¨ÍY1WÈåÆﬁ$Ïèàˆ‚<ÌIŸ·	≠∞Ë ]i∫õ|ΩØìí†∞◊‡|±ﬂ5πNI«Lô∞◊‡}(y»óªq¬ËùBai¡”ã;©’√<8S*å∞%≥H¢fj
Q]”í"Œo ˙Û˚∏¥ìU`BP^˚˜°˘‡…dTp¢MJ!ÏWÃ¶äd¬ò$"@√Œ˜ZH3‹ìkƒÉkH4Ö˝ñ8ôQ3
ûùpûÎÅ‚èdmõ}(3 ‹&£Ò∞áOò∫¯¨}hÈ“,‡D*k©êªf2î‡»9ÉdG£WÖ^O>; ÚRnq8!&ÔLï≠™Í∏™I*;â`ÛõY,Ωñ@{5Œ§hÃ&˘ a
t¨p4H‰,Âº’9~3Ùi¢·∏ÓúΩ\b¢GjÕ‹#†	5;g6tù∂a
£˘◊Ü#°`Pfõ¡≠^Ç¶T´FzÊSŒcß]8/¿sh·‹@á¢Ô`™Ø¿r^%AÆ®®Ò<≥’¨uzÑq;î'-VÙŸœJèï1VU√ääÊ$Î¨#¬'¥J<
&Vã≤Ê»)ë6‘∞Á’4ÌŒ!†p°ÏÏ¢ñ]7ÜÃ´¬˜2†)ÀŸ≤%wIyòxïÉ<iáÖ5±Hy¥xR∞È6oPzGJb
%yÉ∏´I˛ÑaèÜ,‚ö+‡Æq≠$;n•r2*Ù=(ÓxßV)Kí)Ct$Xÿ-H!ô?"£]…p–E‡+ÅÎB‹â*5|V;˚§1Ûÿ=Å?Ω¬€H≤_•”´†"‰£OÅGoN~ {’=Oe|–%Xy£ˆ] ≤œ7J´≤ ®Ñú‰wwa≤2HªOî◊XÓfÄË.„ËaûM◊ƒd|
ëGèNCmsa˘ªºq∞‰¯˝ ›m&⁄’'^¢hÕ®?®ùp¨8ö¬Abs!^ü!yü3gb–ÄB&Srë¶$øtÓûU∂≥—∏YO˘c]ﬁπ<à≠≤m–b◊ ¿y–™∞0!ë˜√·òàE/=D+Ä”R}Õ‘ Yé†ößﬁÂ¥V¿ΩÖ’ÿ{{ØÃWA´€ûttê—E2$ @'¨4â±
D5É¶Uˆó’¨‡µ…ìúÊçû*’‚üb11ô Dd”hƒÿ:Y„ .Q¸mQîHgY6ıF¨ΩÛø‚cMLwÜ>53)G‡}äQÇ@oÇ„©5∆jxr“Dñì–îÁ1ö≥.àG:,d·J¡¬£}—$|B®+2í˜+•2ÿåë{h>ÔWiø 8ÌIåŒ®YNŸ&¿7∏Í®ÍÅOﬁ0Ä¸#éñÇ®&©YrÑ'H ¿ãÑZ>ÆÔlÛ¸Êd‹ªNèöã∞9Cz≤DŒ9—6B0+ÑM™4_,Nﬁ„àççÖVÊ4˜Z@rõM¡33Òñílêi˙c¿M=äe9µfô..Œ8pV˘i{X\$ùÔÙV$áz¬ÃÓ˘Ül]ùﬁÀ˚∂≤U;¢GZåëü/Ë_DªÂ˚ø¯·óı_?|ˇÎø˙,ﬂòπ‚∏Ô+ë·e?EﬁœW¸
-Î#:ﬁ„ •l“D≠‘ ›kŸçóÀ¬ûÅ‘µû»Zd,FCéÙWTÔ',/*¨A˜.‘ﬁ0TK÷ôY“qÕ“†Òr9âıSØ,Év∂yÂ5∂_÷˝È∞∂XkÊïπ!	à»k>Ü5oÀei˚®" {t««´éì:d˝'≠PTÉ5†<3;Ú±ùÚÚˆáÉÅ:} ∆Z˚Ü/Ú<˙2Pqa0‰eöÁòî  A‡ùê¶Ìî≈<œÑœ.§uWùÆÈ^Ë5≈by@ƒzåèC˚Yˇßmfs7àî7,˘ﬂ·,Âa¥eP|∞˛&¥ly˛ˇ}ŒÚá˝ßﬂˇÀœˇ™Á7√©˘Á|‘_∫ç⁄dπòÜ·åá˙®˘}2Œ€Ô5Bóä7ò¿/æƒG®4e0)r∫ïàáó¿πêÍÇ)c‚è‡å≥¶a=º) à:√)3Æ{^#<…~Ñ(vœRÆYû@ÃJ÷åcN≈Áe›bîw+Œ–ºÔ∂Õ!-:GKT‰N¸Qy„Ó=”Ä;¨ì¶6ƒCè#%lëªµ®Ò°¶≤{ç†d)4¨ﬂ@•Jéºûÿ	AÓÖ“÷zn·b>ãRQ#ÉIîf∏M
2‡öé:!«˝:ÖbìâNÌLüp≈v=»X|^óJTH0úç!È¥äÎ∫öî¬à§¥H7‰‘aå<◊‹ìI≤?ª¨ıÍÉu∑JÁ”zêÄºDÜÈa‡=Ë¡ù0jî$3“E‹æˇŸå%ª≥©{RË6Ä Bo»“@T† Ù≈q'MªyLˇYz‚¿‡-éÑºZ∑˛?Œ¡KÚ°qˇ[iåU≠ﬂM€Ø1áê∫IhJ¥G©™u êw\ñ¡xÜ¶DÃÔ1ÁË.k»DZä”N˜Ü2¸†ø¿Ω,l˜ÿ?C!È›Ω`Zû.:X · í∏S⁄qè÷eÉºo‹/*óu!˚:
Ü@H‡_x`Ëõµ{	Ñ¿⁄°n]<ük)Øfùü'GÕô‰È95<) y£⁄‡I(ÑFIÛòÓ[ 2’à"ÄèÑ√HjO2,£à;5[áÈiI4 s«*îÀ=£%ıE]‹‘<Åâ»ÇéC(∆HæÅÁ›&ıêU/#¨†-ó•ÿ*Ë‡	£ï8Öƒäz|Yr=eﬁ0d ±ƒ`ÁÂSñ◊¡ıäCàB)¡ÅFÍ9j~í!Éìv∏Ñ
rû*Íº∫EN≤MVw°»¢!Õ‹¬ñÊ¶LS¿izBh°’kO÷wåV¶áIˇ‚…›Ê&îÄ&ZXÈ!†Ò.„6hH≠X∞P+±!^¶˘‚π&‹$	s/ãd∆I…zﬁ¢u1F
í™{—lí[1±nñ[xttÚz	åVnËÛˆ©_+Æ&r[Eo˝‰≤ Ui`¬pê,ºa´mFá$–àù∂}b¨p¬Zí&ÿìÉ°h´ÜPªy–xFO§1i<÷ ‰söy≈ß¶#‰É üO¥5>}{`KŒY4ñG¿ KŸa"öQ-LO∏®9v√®Í¿«˙Ÿ$ó≈¢Ä‡/vt Õ∞kj\≥ø¥HNº¯‚¢ú®ˆ∆pÈ
X¸∆Bã üa“ç§”YÉ´ C≥b¢+j€?¸‡B@ïC°‘≠æK∏Ô'⁄rê{^íãı!ÁRŒ˙¬]-iïê›,Ûa‡@Se¬QÛ}_@Ü\√HùÒº¬pEët4´Ù’o
J≈O°EﬂÃqì&¿D¬9ä FçøJ^ÔÿÉÃ∫`PV
í ∆Üb I¥°¸Ödâ∫ÛÜÅqÍ‚°ÑS0∫≥”bò≈/óÅvÓ(œw›c√jC≥õJ…è∆ÿÖ◊÷≠7æ+“%`“ß÷o⁄‘¶5IQÒ¡\IêQFòr◊tX#ú0∆àÙ¯˘»=álª¨;ŒuVı˜¬˝X2¿∆4…ê_RﬁÉıZ£
ÅjEìãF¨ËBçU.€¸,†å÷ÍL‹ƒµ	"ÊIŸ$•Û£»ŸΩK˝xJù˘XÉ@}:∏ÚÔ°®O—–4¡‘á x˚ﬁ{ëDõdø[˛Ç¿ïAÂ(„∆çñí∫_ˆ∂È%¸Ü¡øZ\¬ß¿≤’„ùŸz–ïΩÜb¯M≈	À¬Ã=gµó)√õ´<üÿ 2Áígå¢` ∞6·øÙ -∏÷—&œßü¡Ûøa	Õ}“fïÉ‘‚∂∏;ágï¡; Ñ˛Ùyï°¡úVpÂ, ôí£™Adƒã≈√¿y¢åq7z$î|~ùU¯~d‹,
ÇU]“ôúƒªk,¸,] Ω,
–X«Tl⁄ô±®3¨K¡`(7πˇ»‹ÂcDDr1»Ôo'ä1°	ÍTUß`ØÅÍ¿/C÷∏óîC¶Ï‚”Ù=§ÓkéΩlÓ∆ippÄÁ∞.("ã.Ûho~Beëˆ£ı^™ÚËéCk ¬d5±–õ<Âúdä…∑·˜)Å¿‘ÿXÑ™	I ·	,åväyt`Nÿ@Ÿ±®]åÅíd»yÊíﬂ¡1¯“HböÖ›∏^¥Ë!çÃ⁄Ç]Íè®≠nìá”?P,>Ô•îc5ÈpÅN^@Òzpf‚Öv◊Nxè©ÜÀÊÊ{˛Ôêët+x
“èy7ä7â4·˜¢˘b6wêà˚  TÜ;?M/IUâ◊8–hH3·?ŸL§0“ßÏ	„	¿lä’ Ö#R[…Òxò∞ˇ‚3û0Z-ÖÓD∑©∆ù0±ÏÏéÑö_ØC{ˆ≤Ò˛ë≤Ò.Ÿuk.ÇäiÄL∞NC8a0»xÓ,IÀπ∏Ø‡;˝Å«;Á™˜-J§¥;¡Û3£÷(ÿtªk]S®&√Qà¡ü] Ç¥ÚElaàQ—vmt"€ùKı"é?ÀÄáQ§™±∞Ãl/Q9˘íÀPcÁ(c˙ÕV|48cJπa:¯–öÄ⁄"Q‡[˜+â÷w©ë¨iÙ›¶Î–Í˚´’MÊBƒ©ë¢:hõa íà>ﬁôZ≠L∑K∞$B´édÀ ;‘}íù$ª˜/˛∆ko∏›∆‰Ö∂“H ¯.Ó[±zuÉ—2bÜ<âYôÁ◊å⁄òﬂÉL8aXi°I;ÿ√¸á2mÉ)r±ÜÈ	nŒtã(ìgqﬁ_¿IZ˛D1T¬™“h–$%ƒZ„g6‰∑ItŒ‚í'‚ yXUø∑◊CCõ¬QóbπŸé∂O"ı§Ò‹‘O§ÕuÓIJu|ÛÀØìΩK¬Ù6yi5≤û˜ôÍÂπTÛŒpêæF	ÓQ=Ω_≥·ˆﬂ O`Ñ¨b¿ßU∫äfG“@‚P¯π¯ï‚3Ú2m‘H˙ÿ/—î	˛A*¶ÉR∫‹@–S{±_§µˇ≥]ö>¸ôB˜ø˚ı/˘Òòúø|ñ gªœÒi„T8◊ÀPØ 7q%D]¡U7wóaÍ(ráÜû:És∏f
	#>≥®‰„zÑVpa≤ôñÉ,j‘áå	jC~kP¢†0∏8~î¡Ç¥ïNP°Ωú√oRŸA§2Ä=b’ta¥†Lç/âø—ud“˛ƒp'ß‘0◊Ê˝tH™0Œ›:%…˛Ü-¡ˆêFsº£ ≤‰5Ø :4Ù`=a{ÈtJNRÅ‡•‰ Y√∏î∆ïôGfëôªí≈Üà7Úuv4 C ÓÆ >IQS«lbP=∆¿èJ÷√hDñ¬ñÚ§âZFˆ∞:±ﬂ´±©S=“®’4 ¸Ë^"ÈY˙$dï¨gÉ$5iàö«›‹G◊õ™ﬁßN/§°h˛5ç¢oÀê”0Ã≤lÂ≤Ÿø`†Í›e6®?yz–§Ã£t“gFY"9´√çm¥ŸÂ¿xÜ@‡wÉi'Ú˜kòc¸˛Ôp™ïàF€˚ÇLt¢∞ıÎèå€'Q`†æ4Qÿâd˙ˆƒ∞˙Jï]◊S¯¢ ¸´œ[`ãÃÏ•æÀæ¥ƒﬂ@{Ù‹µ	,{ÔiÂ¬p;v)º@5ùÎ§E°©K‚“√ I◊‘∫®¢IbW¿º\ÿ∞s?‘-ê®Àä¿ï·âpû;4 .˝}æ‘·ÔSM?&·òƒ"Ÿ˜cÑÁ$E	;èò".T	¨V	∏“Æ¡#=îaR¨†	ºA&Ñ—<€≈ØŸiÍÎî€GÈ·G±9`ûi*±–ó5ai˙≤º√PeÑßfÊú{˝Ü$>\'¨ ™ƒ˜ç¬”iRõ∫%;Õ?æ∆¶ƒäÜ'ãQ®ﬁ	ÎE“∑√Ï4’\Ëö∑x¥©7≤ö!äºE˝ì‚Pa¬^5F”‰dxÅE©x°®∫WH1oÿ pﬁ©^†Rª`MfQ!Eæû]õ5øòÛˇs»OêüüsåoJâ9«._ø∫§CHê§ì[ 	ç˛k¿»Q}¬¸)¶‚Ã◊‘—∂©+Pı¿≈bÖ|ΩØôπQ?a“∆f$ÀﬁfSˆ∞.Æk»ñıµ∏f3{¢-ÿ±FFC'˛h√‰d—r≤M)q@)˜Êl“7¡†AT2LΩêÿ«‚Ã–Ùà›h∏¬!wlˆcåy$√Ts»%•pòûU€¶êÜ¬Rt0™íT5E∆÷∞ﬁ¬≠Üq÷Éã"ÿÀ'†∏LJôÈzîJí‹-ÕHpäWÜ“Ah—Ó”⁄{◊îb¸Ÿ¥Ÿ\’Ë 5ìl—Wÿˇëj¨[·`∞3£PÀ ä‘†áEdØ˝$äT∏˙|2ÎƒÅOƒ"€§ î$Æ~~0∫Ó;ÀX›|‚Ÿ¬°Ñv=Ò`x\?ÕR_q·HG¸‘◊IÏÁÀ¬$¢Å"‘g^PLx=qUê¸GÂ)nâ˝hGuqÛÄ∏4◊>ªfçæC?ì6K 	É±@äÏ>œ"ÌTGò√2x9ºÓ6H◊v=“=ıèäjE[‹ÆTçÖÜD õÉX~pú∞£·¸b≠~êC‚˚`MºFk‰çsˆ!„Ê@
ë0P‘nd|aSbÔç^?)ÖbÕ¢Ñ@N¥4<∫`‹√¬∞ô–<çx3:ıxæBl¿P‘æ∏Z#Ÿ°qÈ‡óŒcy$⁄~ﬁo·ôÛkÊaÿTº:Û˜cô4óXTÇíyÛ˜4WÜÖ'IìhfIß·RÈ©NÀΩeà@b®GÄ›AZò)$JIt”?Öz4EÓ“lÛ ÃÌÖÑ9wÏZG4ÆCcïÒ'‘(ûé¸PBª‹4|´X·â”ƒÌÑ≤—Tw¡•óbÔÁ‹ë∂?wçd:Œ¨2ﬁ⁄ËÇKò“/Ç¿R‡ƒ›®˝‘%Mfo-˜TUô°îb—a6¶›ﬂWıªπŒ-€¸z“Xç¢¨ ™Ü—)≥ec⁄L˘˛“™¬Æ”√X†h¿Ÿ¢0¿ 0µañy√$pAäeæñne]»Ëÿ√⁄Íê1å∞√ÿŒxª?Åä1ÈÃ†v+Y:‚≈@Ù#-ˇ$&ﬂ};Èh%∞∫EÌZ™?ˇ·å®Â¸iê6UTÑõQ(—U≠xMRÅp≠byz®·Ç.lL\¨»ê”Ë"ﬂåÙcò¨_˜GŸD—Æ+ê='&X≤†?o.V»t\ ª:Ÿs/(¯Ù¡7∑ TRÀ4Ë9H 0Û5£x‡C¢¸„ÒÇ0&8aÏé‡ÉZãäÁp¶w˛–⁄≠ì(…π§OƒèU-»÷¯ÑÅ?d¢≠¨ÎÜiö“‚πGcRFñ»ÓLnÕå”;ÇÕÇO|åƒ7‘ò˙Ω!¶1Ñ+H≥p∑êæ|,L∞j4Í{8‘¥&ó{’⁄Qµ∞ΩôMπ˜ŸÜÜ9ñM®Pu40ÊV
§aÅ˝ª3ÄØÂkPã±Ö¯QqÖïü”M©Îº7D:xÚ¿Ú0¿ê¥◊Œ.J6(ËŒíÖ1(H&ˆà√"¢l˚QO_û!"g}gòK÷]Œj—°qÅÅ™=zË≈§µ+ê≠Èt”ç_fÅ∆Jçs¨ù<åCëiU?öêw`AÉÇ“˛f∞kMÎZ©Ãf—ZO˘¥Zø/≈R&<˙G⁄úî≈∑ePÅø`TXI_t7Ÿfû`(È·ÅÛ39=a Ä∫‘ó¸h{Øû)ªç;rBS0„Â(X®@ºXâ”d~L±Îµ¥∫®lv≈≤àe• ‘„•4Ãç)’iÀ≤Ñ∞J°ªºW,äz;J :ê¬©Œ’ìB√Îá`W@FL)¡0ﬂÕëÓ∆Ò-ÁÈ2 Cnª£%zTÛö£ﬁC≥√|ªR’á+Û0ËSåï¨ŒsXæ@ÅÍ6ÚÕT¨Ô6Ωò‹ËO≈’Õ∏:À9£E
öá‰q-≥˜ÈÀ∑rµºA˛XÕg£&°ü¥àz–·…Õ %*>eP\Õ=Ke†
7⁄pHoº®û¨„ÜVÖCÙ∞&⁄Ù0‹»|˝ê≤§¶ÇL
b|å	≠B‡≈„∆J,ÑM∞»L∫ﬁ0Ú_¨ëG‰∂¢L%∫›¸Çàƒ‹·û(n(ŸÀn¯Ù§m¸)ú[ót’¥ﬁ”Õt¡Ñ)„âaz9n”4-∆€t5g|)a-Pë€%∞ »y7®£ÚR©ä¨ÉG≠€:°¶¬ï"Á—∞\;Áäô|"o∏oK‰˛lZsÉYkF$å>ÜWCVµ° JsU®⁄ö£X=|<œM¬eÜ,∂C9-ˇ¶±ìò·Éı m/⁄f¬∂YÃJà2åi™ÑBèH«+„*®Å˝π˚√kóÖ<d	OZ9ÇüûåûJ6≤w	Ù†¢£≈ôfR∑ﬂT¡ OÒÈ±çä]-E<F˜-¯ªÇ8k@û,±‡c\“P0ˆÜ1m÷~U-å(ÅÀ∞»hïLù∆Â	À≤w>-ò»…‘ÇÖÌ›Ö≤§Ü¢U˝ÈΩt$kö¢7ôP~˚g@µ2–ë]v°˚øËÌme˘ãØ~àΩføIΩä€&7¨R›A∏W†ˆ≠€¥BòF„e•56e&G>∞ÿ_œ£Ò–’lbˇ-Ã∏SXãˆB“≠Z∑ü‹üÈB°ÒÉÄàÛ’F0ã1é&°t, ùq√!±€YóäóíL@¢æz QË‘¶Ío8d¡Â‹µ•±K{çPﬂ(tâ™◊}¿Ô‰|\ÅóÄñBÿ¡µŸÍ⁄ÖÈæ»ë<Ê†òÜ∞	êF•”'F	<…êÏ"pÑ%Ù∫‚T¨
¡»üŒ√$±Ó∆∑◊&π>ÙˆƒS#?#u6«@D8fÉaíåŒÎ@°‡πóP‘e5Œ1%√Jv`W
¯ñÅDõ2≠8∞xªÚËˆ!∂ :,ıˆ  Öw˜ÜfÓ\.Ç¢¡~≥œiæ º•Y+„X|º\hOfÒZ¢Iaa/ïFe“ÈÈÚÊÛÑRÄhäÜ|2#:^Æ…¬Cùﬁ$¬Ë	„ø¿AC)Ñá…æíW˚ÑaÈ«>¬⁄÷ïeam{±c"pOè¬£XpYÏ{¡o6aXhÂd‰/	‚.î∫Q4•0Ù◊e¨çI+Î›*˘®ÜƒcJç¿lQOí=≠AøÇ◊èz∞=+@w8 § 'ÀnŒ∆◊MàVÛ&u·Ja%KÈ“ò≈dD*» ËzX·ìÇ≤snHG›´Ó~-Vâ„|◊∂Œ¥\ïÚÎ®P	oú0p∞ïLø∞´`⁄/õß¢G¢ˆŒ®£#i∏dÇº&RÒXJ±˝?Q¯X≠©é¨¨°¶Reiz¬pŒƒé7ÖÍ•KÖ—Ö-ª»¬Ÿñ0≤ï¬1Hz{'ú}Q˜õcGÄç ‚láÄ)‡îw®vÜé>jÏÕŒçÊ˙e¯π{ v‚loT><¡ò ON«A⁄ÆîRd«
`©˘öèÁhoRˇ»/mJÊËÚ”Ò, äﬂŒ
ßñ¥mt˚‚ÅÀÓs†ÌÍ)ŸﬁÑˆµºR‘˚S¨AÙíVÕﬁÑêÀ∫aåNHì√ˇﬁ~Kˆ@u{¿ø¥∑√EÊ¢Ã5Îáø˝˝ˇ¸˝ˇˆ√«˛◊ø˚˝Ö¨˙ÌÔˇÙwœ·~˛úÛkûo“*äRÕ±}ª©lHi8m.3ÙßA§ú0D.ÀUÒò˙'˙Çíâ≈ﬁ<5˘œæcÚ*R¥”ÇAçÛø∆w/Ù¡QÛÆÛÜyq"ˆ¸ˆ°øÈ˛ßo¸Òwﬂéoa˙O„√?¸·ü5›˛≥ﬂ~¯ø ‘˝˝ˇqüq˛“mdM0„ÀfYüÚ¬0V∞§‰{Ô⁄¥B“KETx©vﬂˆ?ÅÜeN{çígvöÆñ(ºxºi)“^W∫‰Ü~™‡Q
#ÁçMÍ£Í¬;J*q=Qêsç€+¸(2¡$ÍÜÆ}w∆TOÑ∂?4lêº?a".)=Ä¯ibTIÑö
¨ŸáÎâG+dã8Í∫V˘õ\÷√M„ªWd‚0Ø
˝dT„ÇE¿Œ˜uA+5ú+ñ§éTwò9{°¯/Œu0MÄÁ™ˆ∞£DL∫&ò_œ©™ﬁ(2"⁄µÁ¶…08°nSù‡!R;z˝≈lﬁ⁄Köê¬¡Dw)œuòbüL–/Â~Ó¸Áø¯À?˝„_ˇÕ?Òógˇ„üˇ‚ø¸È¸Î˛Êèˇ¬üˇ·˚É˙_   ˇˇ &°C˘