<?xml version="1.0" encoding="UTF-8"?>
<kml xmlns="http://www.opengis.net/kml/2.2" xmlns:gx="http://www.google.com/kml/ext/2.2" xmlns:kml="http://www.opengis.net/kml/2.2" xmlns:atom="http://www.w3.org/2005/Atom">
<Document>
	<name>FCO JARING SINJAI.kml</name>
	<visibility>0</visibility>
	<atom:link rel="app" href="https://www.google.com/earth/about/versions/#earth-pro" title="Google Earth Pro 7.3.7.1155"></atom:link>
	<Schema name="LAPPA DUMME 2" id="S_LAPPA_DUMME_2_DDDSS00">
		<SimpleField type="double" name="x">
			<displayName>&lt;b&gt;x&lt;/b&gt;</displayName>
		</SimpleField>
		<SimpleField type="double" name="y">
			<displayName>&lt;b&gt;y&lt;/b&gt;</displayName>
		</SimpleField>
		<SimpleField type="double" name="e">
			<displayName>&lt;b&gt;e&lt;/b&gt;</displayName>
		</SimpleField>
		<SimpleField type="string" name="ket">
			<displayName>&lt;b&gt;ket&lt;/b&gt;</displayName>
		</SimpleField>
		<SimpleField type="string" name="tgl">
			<displayName>&lt;b&gt;tgl&lt;/b&gt;</displayName>
		</SimpleField>
	</Schema>
	<StyleMap id="msn_F1900">
		<Pair>
			<key>normal</key>
			<styleUrl>#sn_F001</styleUrl>
		</Pair>
		<Pair>
			<key>highlight</key>
			<styleUrl>#sh_F600</styleUrl>
		</Pair>
	</StyleMap>
	<StyleMap id="msn_F19000">
		<Pair>
			<key>normal</key>
			<styleUrl>#sn_F0010</styleUrl>
		</Pair>
		<Pair>
			<key>highlight</key>
			<styleUrl>#sh_F6010</styleUrl>
		</Pair>
	</StyleMap>
	<StyleMap id="msn_F190000">
		<Pair>
			<key>normal</key>
			<styleUrl>#sn_F00100</styleUrl>
		</Pair>
		<Pair>
			<key>highlight</key>
			<styleUrl>#sh_F60</styleUrl>
		</Pair>
	</StyleMap>
	<StyleMap id="msn_F190001">
		<Pair>
			<key>normal</key>
			<styleUrl>#sn_F00101</styleUrl>
		</Pair>
		<Pair>
			<key>highlight</key>
			<styleUrl>#sh_F601</styleUrl>
		</Pair>
	</StyleMap>
	<StyleMap id="msn_F190002">
		<Pair>
			<key>normal</key>
			<styleUrl>#sn_F00102</styleUrl>
		</Pair>
		<Pair>
			<key>highlight</key>
			<styleUrl>#sh_F60100</styleUrl>
		</Pair>
	</StyleMap>
	<StyleMap id="msn_open-diamond">
		<Pair>
			<key>normal</key>
			<styleUrl>#sn_open-diamond</styleUrl>
		</Pair>
		<Pair>
			<key>highlight</key>
			<styleUrl>#sh_open-diamond</styleUrl>
		</Pair>
	</StyleMap>
	<StyleMap id="msn_placemark_square">
		<Pair>
			<key>normal</key>
			<styleUrl>#sn_placemark_square</styleUrl>
		</Pair>
		<Pair>
			<key>highlight</key>
			<styleUrl>#sh_placemark_square_highlight</styleUrl>
		</Pair>
	</StyleMap>
	<StyleMap id="msn_placemark_square0">
		<Pair>
			<key>normal</key>
			<styleUrl>#sn_placemark_square2</styleUrl>
		</Pair>
		<Pair>
			<key>highlight</key>
			<styleUrl>#sh_placemark_square_highlight3</styleUrl>
		</Pair>
	</StyleMap>
	<StyleMap id="msn_placemark_square00">
		<Pair>
			<key>normal</key>
			<styleUrl>#sn_placemark_square3</styleUrl>
		</Pair>
		<Pair>
			<key>highlight</key>
			<styleUrl>#sh_placemark_square_highlight000</styleUrl>
		</Pair>
	</StyleMap>
	<StyleMap id="msn_placemark_square01">
		<Pair>
			<key>normal</key>
			<styleUrl>#sn_placemark_square0</styleUrl>
		</Pair>
		<Pair>
			<key>highlight</key>
			<styleUrl>#sh_placemark_square_highlight1</styleUrl>
		</Pair>
	</StyleMap>
	<StyleMap id="msn_placemark_square1">
		<Pair>
			<key>normal</key>
			<styleUrl>#sn_placemark_square10</styleUrl>
		</Pair>
		<Pair>
			<key>highlight</key>
			<styleUrl>#sh_placemark_square_highlight4</styleUrl>
		</Pair>
	</StyleMap>
	<StyleMap id="msn_placemark_square10">
		<Pair>
			<key>normal</key>
			<styleUrl>#sn_placemark_square100</styleUrl>
		</Pair>
		<Pair>
			<key>highlight</key>
			<styleUrl>#sh_placemark_square_highlight0</styleUrl>
		</Pair>
	</StyleMap>
	<StyleMap id="msn_placemark_square100">
		<Pair>
			<key>normal</key>
			<styleUrl>#sn_placemark_square1</styleUrl>
		</Pair>
		<Pair>
			<key>highlight</key>
			<styleUrl>#sh_placemark_square_highlight2</styleUrl>
		</Pair>
	</StyleMap>
	<StyleMap id="msn_placemark_square2">
		<Pair>
			<key>normal</key>
			<styleUrl>#sn_placemark_square4</styleUrl>
		</Pair>
		<Pair>
			<key>highlight</key>
			<styleUrl>#sh_placemark_square_highlight00</styleUrl>
		</Pair>
	</StyleMap>
	<Style id="sh_F60">
		<IconStyle>
			<color>ff0000ff</color>
			<scale>1.2</scale>
			<Icon>
				<href>http://maps.google.com/mapfiles/kml/shapes/placemark_square_highlight.png</href>
			</Icon>
		</IconStyle>
	</Style>
	<Style id="sh_F600">
		<IconStyle>
			<color>ff0000ff</color>
			<scale>1.2</scale>
			<Icon>
				<href>http://maps.google.com/mapfiles/kml/shapes/placemark_square_highlight.png</href>
			</Icon>
		</IconStyle>
	</Style>
	<Style id="sh_F601">
		<IconStyle>
			<color>ff0000ff</color>
			<scale>1.2</scale>
			<Icon>
				<href>http://maps.google.com/mapfiles/kml/shapes/placemark_square_highlight.png</href>
			</Icon>
		</IconStyle>
	</Style>
	<Style id="sh_F6010">
		<IconStyle>
			<color>ff0000ff</color>
			<scale>1.2</scale>
			<Icon>
				<href>http://maps.google.com/mapfiles/kml/shapes/placemark_square_highlight.png</href>
			</Icon>
		</IconStyle>
	</Style>
	<Style id="sh_F60100">
		<IconStyle>
			<color>ff0000ff</color>
			<scale>1.2</scale>
			<Icon>
				<href>http://maps.google.com/mapfiles/kml/shapes/placemark_square_highlight.png</href>
			</Icon>
		</IconStyle>
	</Style>
	<Style id="sh_open-diamond">
		<IconStyle>
			<color>ff00ffff</color>
			<scale>1.4</scale>
			<Icon>
				<href>http://maps.google.com/mapfiles/kml/shapes/open-diamond.png</href>
			</Icon>
		</IconStyle>
	</Style>
	<Style id="sh_placemark_square_highlight">
		<IconStyle>
			<color>ff0000ff</color>
			<scale>1.2</scale>
			<Icon>
				<href>http://maps.google.com/mapfiles/kml/shapes/placemark_square_highlight.png</href>
			</Icon>
		</IconStyle>
	</Style>
	<Style id="sh_placemark_square_highlight0">
		<IconStyle>
			<color>ff0000ff</color>
			<scale>1.2</scale>
			<Icon>
				<href>http://maps.google.com/mapfiles/kml/shapes/placemark_square_highlight.png</href>
			</Icon>
		</IconStyle>
	</Style>
	<Style id="sh_placemark_square_highlight00">
		<IconStyle>
			<color>ff0000ff</color>
			<scale>1.2</scale>
			<Icon>
				<href>http://maps.google.com/mapfiles/kml/shapes/placemark_square_highlight.png</href>
			</Icon>
		</IconStyle>
	</Style>
	<Style id="sh_placemark_square_highlight000">
		<IconStyle>
			<color>ff0000ff</color>
			<scale>1.2</scale>
			<Icon>
				<href>http://maps.google.com/mapfiles/kml/shapes/placemark_square_highlight.png</href>
			</Icon>
		</IconStyle>
	</Style>
	<Style id="sh_placemark_square_highlight1">
		<IconStyle>
			<color>ff0000ff</color>
			<scale>1.2</scale>
			<Icon>
				<href>http://maps.google.com/mapfiles/kml/shapes/placemark_square_highlight.png</href>
			</Icon>
		</IconStyle>
	</Style>
	<Style id="sh_placemark_square_highlight2">
		<IconStyle>
			<color>ff0000ff</color>
			<scale>1.2</scale>
			<Icon>
				<href>http://maps.google.com/mapfiles/kml/shapes/placemark_square_highlight.png</href>
			</Icon>
		</IconStyle>
	</Style>
	<Style id="sh_placemark_square_highlight3">
		<IconStyle>
			<color>ff0000ff</color>
			<scale>1.2</scale>
			<Icon>
				<href>http://maps.google.com/mapfiles/kml/shapes/placemark_square_highlight.png</href>
			</Icon>
		</IconStyle>
	</Style>
	<Style id="sh_placemark_square_highlight4">
		<IconStyle>
			<color>ff0000ff</color>
			<scale>1.2</scale>
			<Icon>
				<href>http://maps.google.com/mapfiles/kml/shapes/placemark_square_highlight.png</href>
			</Icon>
		</IconStyle>
	</Style>
	<Style id="sn_F001">
		<IconStyle>
			<color>ff0000ff</color>
			<scale>1.2</scale>
			<Icon>
				<href>http://maps.google.com/mapfiles/kml/shapes/placemark_square.png</href>
			</Icon>
		</IconStyle>
	</Style>
	<Style id="sn_F0010">
		<IconStyle>
			<color>ff0000ff</color>
			<scale>1.2</scale>
			<Icon>
				<href>http://maps.google.com/mapfiles/kml/shapes/placemark_square.png</href>
			</Icon>
		</IconStyle>
	</Style>
	<Style id="sn_F00100">
		<IconStyle>
			<color>ff0000ff</color>
			<scale>1.2</scale>
			<Icon>
				<href>http://maps.google.com/mapfiles/kml/shapes/placemark_square.png</href>
			</Icon>
		</IconStyle>
	</Style>
	<Style id="sn_F00101">
		<IconStyle>
			<color>ff0000ff</color>
			<scale>1.2</scale>
			<Icon>
				<href>http://maps.google.com/mapfiles/kml/shapes/placemark_square.png</href>
			</Icon>
		</IconStyle>
	</Style>
	<Style id="sn_F00102">
		<IconStyle>
			<color>ff0000ff</color>
			<scale>1.2</scale>
			<Icon>
				<href>http://maps.google.com/mapfiles/kml/shapes/placemark_square.png</href>
			</Icon>
		</IconStyle>
	</Style>
	<Style id="sn_open-diamond">
		<IconStyle>
			<color>ff00ffff</color>
			<scale>1.2</scale>
			<Icon>
				<href>http://maps.google.com/mapfiles/kml/shapes/open-diamond.png</href>
			</Icon>
		</IconStyle>
	</Style>
	<Style id="sn_placemark_square">
		<IconStyle>
			<color>ff0000ff</color>
			<scale>1.2</scale>
			<Icon>
				<href>http://maps.google.com/mapfiles/kml/shapes/placemark_square.png</href>
			</Icon>
		</IconStyle>
	</Style>
	<Style id="sn_placemark_square0">
		<IconStyle>
			<color>ff0000ff</color>
			<scale>1.2</scale>
			<Icon>
				<href>http://maps.google.com/mapfiles/kml/shapes/placemark_square.png</href>
			</Icon>
		</IconStyle>
	</Style>
	<Style id="sn_placemark_square1">
		<IconStyle>
			<color>ff0000ff</color>
			<scale>1.2</scale>
			<Icon>
				<href>http://maps.google.com/mapfiles/kml/shapes/placemark_square.png</href>
			</Icon>
		</IconStyle>
	</Style>
	<Style id="sn_placemark_square10">
		<IconStyle>
			<color>ff0000ff</color>
			<scale>1.2</scale>
			<Icon>
				<href>http://maps.google.com/mapfiles/kml/shapes/placemark_square.png</href>
			</Icon>
		</IconStyle>
	</Style>
	<Style id="sn_placemark_square100">
		<IconStyle>
			<color>ff0000ff</color>
			<scale>1.2</scale>
			<Icon>
				<href>http://maps.google.com/mapfiles/kml/shapes/placemark_square.png</href>
			</Icon>
		</IconStyle>
	</Style>
	<Style id="sn_placemark_square2">
		<IconStyle>
			<color>ff0000ff</color>
			<scale>1.2</scale>
			<Icon>
				<href>http://maps.google.com/mapfiles/kml/shapes/placemark_square.png</href>
			</Icon>
		</IconStyle>
	</Style>
	<Style id="sn_placemark_square3">
		<IconStyle>
			<color>ff0000ff</color>
			<scale>1.2</scale>
			<Icon>
				<href>http://maps.google.com/mapfiles/kml/shapes/placemark_square.png</href>
			</Icon>
		</IconStyle>
	</Style>
	<Style id="sn_placemark_square4">
		<IconStyle>
			<color>ff0000ff</color>
			<scale>1.2</scale>
			<Icon>
				<href>http://maps.google.com/mapfiles/kml/shapes/placemark_square.png</href>
			</Icon>
		</IconStyle>
	</Style>
	<Folder>
		<name>FCO JARING</name>
		<visibility>0</visibility>
		<Folder>
			<name>DS &amp; FCO P. LAPPA</name>
			<visibility>0</visibility>
			<Placemark>
				<name>FCO KANTOR BUPATI</name>
				<visibility>0</visibility>
				<LookAt>
					<longitude>120.243100014835</longitude>
					<latitude>-5.121350203372625</latitude>
					<altitude>0</altitude>
					<heading>0.001317077867432195</heading>
					<tilt>0</tilt>
					<range>104.8595504628201</range>
					<gx:altitudeMode>relativeToSeaFloor</gx:altitudeMode>
				</LookAt>
				<styleUrl>#msn_F19000</styleUrl>
				<Point>
					<gx:drawOrder>1</gx:drawOrder>
					<coordinates>120.242852424099,-5.121229618985676,0</coordinates>
				</Point>
			</Placemark>
			<Placemark>
				<name>FCO BENTENG</name>
				<visibility>0</visibility>
				<LookAt>
					<longitude>120.2509283343278</longitude>
					<latitude>-5.098642652908555</latitude>
					<altitude>0</altitude>
					<heading>0.0004858006052269301</heading>
					<tilt>0</tilt>
					<range>91.44869866750858</range>
					<gx:altitudeMode>relativeToSeaFloor</gx:altitudeMode>
				</LookAt>
				<styleUrl>#msn_placemark_square00</styleUrl>
				<Point>
					<gx:drawOrder>1</gx:drawOrder>
					<coordinates>120.2509087532395,-5.098661227434613,0</coordinates>
				</Point>
			</Placemark>
			<Placemark>
				<name>FCO COLD STORAGE</name>
				<visibility>0</visibility>
				<open>1</open>
				<LookAt>
					<longitude>120.2582417062007</longitude>
					<latitude>-5.107453372016268</latitude>
					<altitude>0</altitude>
					<heading>-0.01636858009655057</heading>
					<tilt>3.279079127967827</tilt>
					<range>3393.450258752586</range>
					<gx:altitudeMode>relativeToSeaFloor</gx:altitudeMode>
				</LookAt>
				<styleUrl>#msn_placemark_square00</styleUrl>
				<Point>
					<gx:drawOrder>1</gx:drawOrder>
					<coordinates>120.2570791497792,-5.113648887202543,0</coordinates>
				</Point>
			</Placemark>
			<Placemark>
				<name>FCO TAMAN DEMMA</name>
				<visibility>0</visibility>
				<LookAt>
					<longitude>120.2518319298807</longitude>
					<latitude>-5.120804212031393</latitude>
					<altitude>0</altitude>
					<heading>-14.04289930613849</heading>
					<tilt>0</tilt>
					<range>54.05425372295677</range>
					<gx:altitudeMode>relativeToSeaFloor</gx:altitudeMode>
				</LookAt>
				<styleUrl>#msn_F190001</styleUrl>
				<Point>
					<gx:drawOrder>1</gx:drawOrder>
					<coordinates>120.2517770762113,-5.120895805877764,0</coordinates>
				</Point>
			</Placemark>
			<Placemark>
				<name>PMT INC BALANGNIPA (NO)</name>
				<visibility>0</visibility>
				<LookAt>
					<longitude>120.2504101612934</longitude>
					<latitude>-5.121050089074396</latitude>
					<altitude>0</altitude>
					<heading>0.4083650518528414</heading>
					<tilt>0</tilt>
					<range>40.06899787136091</range>
					<gx:altitudeMode>relativeToSeaFloor</gx:altitudeMode>
				</LookAt>
				<styleUrl>#msn_F19000</styleUrl>
				<Point>
					<gx:drawOrder>1</gx:drawOrder>
					<coordinates>120.2503310913298,-5.121109531503123,0</coordinates>
				</Point>
			</Placemark>
			<Placemark>
				<name>FCO KALAMPETO</name>
				<visibility>0</visibility>
				<LookAt>
					<longitude>120.2712820072776</longitude>
					<latitude>-5.108479285674097</latitude>
					<altitude>0</altitude>
					<heading>-0.009480765452269021</heading>
					<tilt>24.38441620054341</tilt>
					<range>335.5034628019961</range>
					<gx:altitudeMode>relativeToSeaFloor</gx:altitudeMode>
				</LookAt>
				<styleUrl>#msn_F190000</styleUrl>
				<Point>
					<gx:drawOrder>1</gx:drawOrder>
					<coordinates>120.2703359820977,-5.107622533675968,0</coordinates>
				</Point>
			</Placemark>
			<Placemark>
				<name>CO Taipa</name>
				<visibility>0</visibility>
				<LookAt>
					<longitude>120.2393340353916</longitude>
					<latitude>-5.13451278799409</latitude>
					<altitude>0</altitude>
					<heading>0.001234414625183655</heading>
					<tilt>29.32546090552148</tilt>
					<range>2057.071918394199</range>
					<gx:altitudeMode>relativeToSeaFloor</gx:altitudeMode>
				</LookAt>
				<styleUrl>#msn_F19000</styleUrl>
				<Point>
					<gx:drawOrder>1</gx:drawOrder>
					<coordinates>120.2461682238357,-5.133056269754299,0</coordinates>
				</Point>
			</Placemark>
			<Placemark>
				<name>FCO KOLAM RENANG</name>
				<visibility>0</visibility>
				<LookAt>
					<longitude>120.2496652477011</longitude>
					<latitude>-5.120861121139194</latitude>
					<altitude>0</altitude>
					<heading>-0.03552808476659729</heading>
					<tilt>21.34318430517185</tilt>
					<range>186.2177119280458</range>
					<gx:altitudeMode>relativeToSeaFloor</gx:altitudeMode>
				</LookAt>
				<styleUrl>#msn_placemark_square00</styleUrl>
				<Point>
					<gx:drawOrder>1</gx:drawOrder>
					<coordinates>120.2491779531877,-5.120615463560606,0</coordinates>
				</Point>
			</Placemark>
			<Placemark>
				<name>CO DINKES</name>
				<visibility>0</visibility>
				<LookAt>
					<longitude>120.2533299468653</longitude>
					<latitude>-5.126462419708285</latitude>
					<altitude>0</altitude>
					<heading>-0.03462991845092907</heading>
					<tilt>30.00206515276047</tilt>
					<range>459.7973437596486</range>
					<gx:altitudeMode>relativeToSeaFloor</gx:altitudeMode>
				</LookAt>
				<styleUrl>#msn_F19000</styleUrl>
				<Point>
					<gx:drawOrder>1</gx:drawOrder>
					<coordinates>120.2526123048844,-5.127118667152817,0</coordinates>
				</Point>
			</Placemark>
			<Folder>
				<name>DS</name>
				<visibility>0</visibility>
				<Placemark>
					<name>DS LAPPA</name>
					<visibility>0</visibility>
					<description>Di bawah DS LITHA</description>
					<LookAt>
						<longitude>120.2393303897516</longitude>
						<latitude>-5.093532763525147</latitude>
						<altitude>0</altitude>
						<heading>3.976793440494259</heading>
						<tilt>0</tilt>
						<range>33.73584933601744</range>
						<gx:altitudeMode>relativeToSeaFloor</gx:altitudeMode>
					</LookAt>
					<styleUrl>#msn_F19000</styleUrl>
					<Point>
						<gx:drawOrder>1</gx:drawOrder>
						<coordinates>120.2392944109596,-5.09347630087175,0</coordinates>
					</Point>
				</Placemark>
				<Placemark>
					<name>DS INC LAPPA PREMIUM RSUD</name>
					<visibility>0</visibility>
					<LookAt>
						<longitude>120.2483477318277</longitude>
						<latitude>-5.127900515844036</latitude>
						<altitude>0</altitude>
						<heading>0.000379677572461182</heading>
						<tilt>0</tilt>
						<range>8.625509810499043</range>
						<gx:altitudeMode>relativeToSeaFloor</gx:altitudeMode>
					</LookAt>
					<styleUrl>#msn_F19000</styleUrl>
					<Point>
						<gx:drawOrder>1</gx:drawOrder>
						<coordinates>120.2483298692932,-5.127892699324107,0</coordinates>
					</Point>
				</Placemark>
				<Placemark>
					<name>DS BALANGNIPA</name>
					<visibility>0</visibility>
					<LookAt>
						<longitude>120.2504088361161</longitude>
						<latitude>-5.12100981569534</latitude>
						<altitude>0</altitude>
						<heading>0.4083655605276323</heading>
						<tilt>0</tilt>
						<range>70.17469356309861</range>
						<gx:altitudeMode>relativeToSeaFloor</gx:altitudeMode>
					</LookAt>
					<styleUrl>#msn_F19000</styleUrl>
					<Point>
						<gx:drawOrder>1</gx:drawOrder>
						<coordinates>120.2504463964784,-5.121005320777892,0</coordinates>
					</Point>
				</Placemark>
			</Folder>
		</Folder>
		<Folder>
			<name>DS &amp; FCO P. BULUPODDO</name>
			<visibility>0</visibility>
			<open>1</open>
			<Placemark>
				<name>FCO BULU TELLUE</name>
				<visibility>0</visibility>
				<LookAt>
					<longitude>120.136301684416</longitude>
					<latitude>-5.098074384095976</latitude>
					<altitude>0</altitude>
					<heading>0.002316578051168178</heading>
					<tilt>0</tilt>
					<range>207.1969429102213</range>
					<gx:altitudeMode>relativeToSeaFloor</gx:altitudeMode>
				</LookAt>
				<styleUrl>#msn_placemark_square</styleUrl>
				<Point>
					<gx:drawOrder>1</gx:drawOrder>
					<coordinates>120.1365765620539,-5.097980623236574,0</coordinates>
				</Point>
			</Placemark>
			<Placemark>
				<name>FCO LANGORI</name>
				<visibility>0</visibility>
				<LookAt>
					<longitude>120.1284861360491</longitude>
					<latitude>-5.119350409922547</latitude>
					<altitude>0</altitude>
					<heading>-5.820286522850405</heading>
					<tilt>0</tilt>
					<range>148.3806047798913</range>
					<gx:altitudeMode>relativeToSeaFloor</gx:altitudeMode>
				</LookAt>
				<styleUrl>#msn_F19000</styleUrl>
				<Point>
					<gx:drawOrder>1</gx:drawOrder>
					<coordinates>120.1283148363791,-5.119306663709921,0</coordinates>
				</Point>
			</Placemark>
			<Placemark>
				<name>FCO TONROE</name>
				<visibility>0</visibility>
				<open>1</open>
				<LookAt>
					<longitude>120.1299358579974</longitude>
					<latitude>-5.121249474530321</latitude>
					<altitude>0</altitude>
					<heading>0.001632485567778117</heading>
					<tilt>2.903902503530975</tilt>
					<range>1973.296552798563</range>
					<gx:altitudeMode>relativeToSeaFloor</gx:altitudeMode>
				</LookAt>
				<styleUrl>#msn_placemark_square00</styleUrl>
				<Point>
					<gx:drawOrder>1</gx:drawOrder>
					<coordinates>120.129015858387,-5.121359822463633,0</coordinates>
				</Point>
			</Placemark>
			<Placemark>
				<name>FCO TANA TOAE</name>
				<visibility>0</visibility>
				<LookAt>
					<longitude>120.1348206596461</longitude>
					<latitude>-5.125175327993208</latitude>
					<altitude>0</altitude>
					<heading>-5.820852085627697</heading>
					<tilt>0</tilt>
					<range>165.7383891843712</range>
					<gx:altitudeMode>relativeToSeaFloor</gx:altitudeMode>
				</LookAt>
				<styleUrl>#msn_F19000</styleUrl>
				<Point>
					<gx:drawOrder>1</gx:drawOrder>
					<coordinates>120.1348157540237,-5.125243400694217,0</coordinates>
				</Point>
			</Placemark>
			<Placemark>
				<name>DS LAMATTIRILAU</name>
				<visibility>0</visibility>
				<LookAt>
					<longitude>120.2391556245283</longitude>
					<latitude>-5.093596903687604</latitude>
					<altitude>0</altitude>
					<heading>-2.864296581145373e-05</heading>
					<tilt>0</tilt>
					<range>87.6402871579877</range>
					<gx:altitudeMode>relativeToSeaFloor</gx:altitudeMode>
				</LookAt>
				<styleUrl>#msn_F19000</styleUrl>
				<Point>
					<gx:drawOrder>1</gx:drawOrder>
					<coordinates>120.2389346009507,-5.093614777959333,0</coordinates>
				</Point>
			</Placemark>
			<Placemark>
				<name>FCO SATENGNGA</name>
				<visibility>0</visibility>
				<LookAt>
					<longitude>120.134030349043</longitude>
					<latitude>-5.09727986220848</latitude>
					<altitude>0</altitude>
					<heading>26.13947606914955</heading>
					<tilt>0</tilt>
					<range>126.5154992709936</range>
					<gx:altitudeMode>relativeToSeaFloor</gx:altitudeMode>
				</LookAt>
				<styleUrl>#msn_F19000</styleUrl>
				<Point>
					<gx:drawOrder>1</gx:drawOrder>
					<coordinates>120.1342985970254,-5.097421769254406,0</coordinates>
				</Point>
			</Placemark>
			<Placemark>
				<name>FCO PALIMPOE</name>
				<visibility>0</visibility>
				<LookAt>
					<longitude>120.1296082972638</longitude>
					<latitude>-5.085081113413099</latitude>
					<altitude>0</altitude>
					<heading>0.0005081624372382171</heading>
					<tilt>0</tilt>
					<range>38.78524226144937</range>
					<gx:altitudeMode>relativeToSeaFloor</gx:altitudeMode>
				</LookAt>
				<styleUrl>#msn_F19000</styleUrl>
				<Point>
					<gx:drawOrder>1</gx:drawOrder>
					<coordinates>120.1296321502879,-5.084994085775406,0</coordinates>
				</Point>
			</Placemark>
			<Placemark>
				<name>FCO TOMPOBULU</name>
				<visibility>0</visibility>
				<LookAt>
					<longitude>120.1265460735148</longitude>
					<latitude>-5.087403045049124</latitude>
					<altitude>0</altitude>
					<heading>0.003182806406008672</heading>
					<tilt>0</tilt>
					<range>416.7176491605487</range>
					<gx:altitudeMode>relativeToSeaFloor</gx:altitudeMode>
				</LookAt>
				<styleUrl>#msn_F19000</styleUrl>
				<Point>
					<gx:drawOrder>1</gx:drawOrder>
					<coordinates>120.1267091398157,-5.087690765256576,0</coordinates>
				</Point>
			</Placemark>
			<Placemark>
				<name>FCO BULO</name>
				<visibility>0</visibility>
				<LookAt>
					<longitude>120.1020046043592</longitude>
					<latitude>-5.097543185783262</latitude>
					<altitude>0</altitude>
					<heading>0.004956728352777765</heading>
					<tilt>0</tilt>
					<range>243.6981126288563</range>
					<gx:altitudeMode>relativeToSeaFloor</gx:altitudeMode>
				</LookAt>
				<styleUrl>#msn_F19000</styleUrl>
				<Point>
					<gx:drawOrder>1</gx:drawOrder>
					<coordinates>120.1018019695958,-5.097528399883964,0</coordinates>
				</Point>
			</Placemark>
			<Placemark>
				<name>FCO Tokka</name>
				<visibility>0</visibility>
				<LookAt>
					<longitude>120.2271058251327</longitude>
					<latitude>-5.107860735581471</latitude>
					<altitude>0</altitude>
					<heading>-0.005772528161804968</heading>
					<tilt>0</tilt>
					<range>248.4530759826008</range>
					<gx:altitudeMode>relativeToSeaFloor</gx:altitudeMode>
				</LookAt>
				<styleUrl>#msn_F19000</styleUrl>
				<Point>
					<gx:drawOrder>1</gx:drawOrder>
					<coordinates>120.2267234986154,-5.108078273748538,0</coordinates>
				</Point>
			</Placemark>
			<Placemark>
				<name>FCO JERRUNG</name>
				<visibility>0</visibility>
				<LookAt>
					<longitude>120.1792285357872</longitude>
					<latitude>-5.109226941314332</latitude>
					<altitude>0</altitude>
					<heading>-0.001510425632888113</heading>
					<tilt>0</tilt>
					<range>1185.318858502196</range>
					<gx:altitudeMode>relativeToSeaFloor</gx:altitudeMode>
				</LookAt>
				<styleUrl>#msn_F19000</styleUrl>
				<Point>
					<gx:drawOrder>1</gx:drawOrder>
					<coordinates>120.1773022432056,-5.110891148353636,0</coordinates>
				</Point>
			</Placemark>
			<Placemark>
				<name>FCO BARANG</name>
				<visibility>0</visibility>
				<LookAt>
					<longitude>120.1576302140359</longitude>
					<latitude>-5.101995554453215</latitude>
					<altitude>0</altitude>
					<heading>0.0004126586742342925</heading>
					<tilt>0</tilt>
					<range>529.6712972352187</range>
					<gx:altitudeMode>relativeToSeaFloor</gx:altitudeMode>
				</LookAt>
				<styleUrl>#msn_F19000</styleUrl>
				<Point>
					<gx:drawOrder>1</gx:drawOrder>
					<coordinates>120.156779963643,-5.102392740706751,0</coordinates>
				</Point>
			</Placemark>
			<Placemark>
				<name>FCO LAIYA</name>
				<visibility>0</visibility>
				<LookAt>
					<longitude>120.1172067062884</longitude>
					<latitude>-5.120591069951634</latitude>
					<altitude>0</altitude>
					<heading>0.006425255432963711</heading>
					<tilt>0</tilt>
					<range>648.1742470068415</range>
					<gx:altitudeMode>relativeToSeaFloor</gx:altitudeMode>
				</LookAt>
				<styleUrl>#msn_F190002</styleUrl>
				<Point>
					<gx:drawOrder>1</gx:drawOrder>
					<coordinates>120.1162329411871,-5.120353192275527,0</coordinates>
				</Point>
			</Placemark>
			<Folder>
				<name>DS</name>
				<visibility>0</visibility>
				<Placemark>
					<name>DS INC LAMATTIRILAU</name>
					<visibility>0</visibility>
					<LookAt>
						<longitude>120.2500480468526</longitude>
						<latitude>-5.120754255188983</latitude>
						<altitude>0</altitude>
						<heading>-1.153777535849888</heading>
						<tilt>0</tilt>
						<range>180.0555039136472</range>
						<gx:altitudeMode>relativeToSeaFloor</gx:altitudeMode>
					</LookAt>
					<styleUrl>#msn_F19000</styleUrl>
					<Point>
						<gx:drawOrder>1</gx:drawOrder>
						<coordinates>120.2501381780592,-5.120926286583459,0</coordinates>
					</Point>
				</Placemark>
			</Folder>
		</Folder>
		<Folder>
			<name>DS EKSPRESS TANGKA</name>
			<visibility>0</visibility>
			<Placemark>
				<name>DS GH TANGKA</name>
				<visibility>0</visibility>
				<LookAt>
					<longitude>120.0126443962036</longitude>
					<latitude>-5.205956864867875</latitude>
					<altitude>0</altitude>
					<heading>8.966444970575447</heading>
					<tilt>0</tilt>
					<range>40.46147282719966</range>
					<gx:altitudeMode>relativeToSeaFloor</gx:altitudeMode>
				</LookAt>
				<styleUrl>#msn_F19000</styleUrl>
				<Point>
					<gx:drawOrder>1</gx:drawOrder>
					<coordinates>120.0125405738471,-5.205914232776575,0</coordinates>
				</Point>
			</Placemark>
			<Placemark>
				<name>DS EKSPRESS TANGKA</name>
				<visibility>0</visibility>
				<LookAt>
					<longitude>120.2388975589876</longitude>
					<latitude>-5.093599964923537</latitude>
					<altitude>0</altitude>
					<heading>0.04145873407550234</heading>
					<tilt>0</tilt>
					<range>88.67029324477598</range>
					<gx:altitudeMode>relativeToSeaFloor</gx:altitudeMode>
				</LookAt>
				<styleUrl>#msn_F19000</styleUrl>
				<Point>
					<gx:drawOrder>1</gx:drawOrder>
					<coordinates>120.2388122947464,-5.093482666211452,0</coordinates>
				</Point>
			</Placemark>
		</Folder>
		<Folder>
			<name>DS &amp; FCO LITHA</name>
			<visibility>0</visibility>
			<Placemark>
				<name>DS INC LITHA</name>
				<visibility>0</visibility>
				<LookAt>
					<longitude>120.250144227547</longitude>
					<latitude>-5.120937029781699</latitude>
					<altitude>0</altitude>
					<heading>-2.61896166108154e-05</heading>
					<tilt>0</tilt>
					<range>52.03398203488807</range>
					<gx:altitudeMode>relativeToSeaFloor</gx:altitudeMode>
				</LookAt>
				<styleUrl>#msn_F19000</styleUrl>
				<Point>
					<gx:drawOrder>1</gx:drawOrder>
					<coordinates>120.2501655218785,-5.120956959224126,0</coordinates>
				</Point>
			</Placemark>
			<Placemark>
				<name>DS LITHA</name>
				<visibility>0</visibility>
				<LookAt>
					<longitude>120.2393463298276</longitude>
					<latitude>-5.093528916760217</latitude>
					<altitude>0</altitude>
					<heading>-4.442189443708784e-05</heading>
					<tilt>0</tilt>
					<range>29.00105624484667</range>
					<gx:altitudeMode>relativeToSeaFloor</gx:altitudeMode>
				</LookAt>
				<styleUrl>#msn_F19000</styleUrl>
				<Point>
					<gx:drawOrder>1</gx:drawOrder>
					<coordinates>120.2393079384854,-5.093470492204326,0</coordinates>
				</Point>
			</Placemark>
		</Folder>
		<Folder>
			<name>DS &amp; FCO OUT_BIKERU</name>
			<visibility>0</visibility>
			<Placemark>
				<name>FCO SAFULAMBERE</name>
				<visibility>0</visibility>
				<LookAt>
					<longitude>120.1089440495479</longitude>
					<latitude>-5.309145982058101</latitude>
					<altitude>0</altitude>
					<heading>4.942178408469327</heading>
					<tilt>0</tilt>
					<range>430.2048939717048</range>
					<gx:altitudeMode>relativeToSeaFloor</gx:altitudeMode>
				</LookAt>
				<styleUrl>#msn_F19000</styleUrl>
				<Point>
					<gx:drawOrder>1</gx:drawOrder>
					<coordinates>120.1089528555157,-5.308824078970194,0</coordinates>
				</Point>
			</Placemark>
			<Placemark>
				<name>FCO BARU</name>
				<visibility>0</visibility>
				<LookAt>
					<longitude>120.1243211558801</longitude>
					<latitude>-5.301301416397374</latitude>
					<altitude>0</altitude>
					<heading>0.009657767078847973</heading>
					<tilt>0</tilt>
					<range>713.6419434861072</range>
					<gx:altitudeMode>relativeToSeaFloor</gx:altitudeMode>
				</LookAt>
				<styleUrl>#msn_F19000</styleUrl>
				<Point>
					<gx:drawOrder>1</gx:drawOrder>
					<coordinates>120.1243664628504,-5.302680899333319,0</coordinates>
				</Point>
			</Placemark>
			<Placemark>
				<name>FCO BONTO PEDDA</name>
				<visibility>0</visibility>
				<LookAt>
					<longitude>120.158824822686</longitude>
					<latitude>-5.26539451647814</latitude>
					<altitude>0</altitude>
					<heading>4.93758237283234</heading>
					<tilt>0</tilt>
					<range>145.7467781367374</range>
					<gx:altitudeMode>relativeToSeaFloor</gx:altitudeMode>
				</LookAt>
				<styleUrl>#msn_F19000</styleUrl>
				<Point>
					<gx:drawOrder>1</gx:drawOrder>
					<coordinates>120.1590786045616,-5.265168552663702,0</coordinates>
				</Point>
			</Placemark>
			<Folder>
				<name>FCO REC TALLE</name>
				<visibility>0</visibility>
				<Placemark>
					<name>FCO BATU PALLA</name>
					<visibility>0</visibility>
					<LookAt>
						<longitude>120.0782972437886</longitude>
						<latitude>-5.243545122315718</latitude>
						<altitude>0</altitude>
						<heading>0.003012691162467697</heading>
						<tilt>0</tilt>
						<range>296.6719554161845</range>
						<gx:altitudeMode>relativeToSeaFloor</gx:altitudeMode>
					</LookAt>
					<styleUrl>#msn_F19000</styleUrl>
					<Point>
						<gx:drawOrder>1</gx:drawOrder>
						<coordinates>120.0779617597591,-5.243623316468567,0</coordinates>
					</Point>
				</Placemark>
				<Placemark>
					<name>FCO SAOTANRE</name>
					<visibility>0</visibility>
					<LookAt>
						<longitude>120.128171949002</longitude>
						<latitude>-5.207719439664203</latitude>
						<altitude>0</altitude>
						<heading>-0.01513706258335309</heading>
						<tilt>0</tilt>
						<range>143.8776342868577</range>
						<gx:altitudeMode>relativeToSeaFloor</gx:altitudeMode>
					</LookAt>
					<styleUrl>#msn_F19000</styleUrl>
					<Point>
						<gx:drawOrder>1</gx:drawOrder>
						<coordinates>120.1282148635123,-5.207723358207062,0</coordinates>
					</Point>
				</Placemark>
				<Placemark>
					<name>FCO CODDONG</name>
					<visibility>0</visibility>
					<LookAt>
						<longitude>120.0952213510777</longitude>
						<latitude>-5.221161144931447</latitude>
						<altitude>0</altitude>
						<heading>24.59697831548149</heading>
						<tilt>0</tilt>
						<range>121.3598795918602</range>
						<gx:altitudeMode>relativeToSeaFloor</gx:altitudeMode>
					</LookAt>
					<styleUrl>#msn_F19000</styleUrl>
					<Point>
						<gx:drawOrder>1</gx:drawOrder>
						<coordinates>120.0948407413266,-5.22111760435414,0</coordinates>
					</Point>
				</Placemark>
			</Folder>
			<Placemark>
				<name>FCO CAILE</name>
				<visibility>0</visibility>
				<LookAt>
					<longitude>120.1383352348343</longitude>
					<latitude>-5.155074446598737</latitude>
					<altitude>0</altitude>
					<heading>-0.001782247095857066</heading>
					<tilt>0</tilt>
					<range>392.4037735522308</range>
					<gx:altitudeMode>relativeToSeaFloor</gx:altitudeMode>
				</LookAt>
				<styleUrl>#msn_F19000</styleUrl>
				<Point>
					<gx:drawOrder>1</gx:drawOrder>
					<coordinates>120.1384666511831,-5.154957747263746,0</coordinates>
				</Point>
			</Placemark>
			<Placemark>
				<name>FCO CAMMERU</name>
				<visibility>0</visibility>
				<LookAt>
					<longitude>120.1693575142824</longitude>
					<latitude>-5.202565277134385</latitude>
					<altitude>0</altitude>
					<heading>-0.01884260588649971</heading>
					<tilt>0</tilt>
					<range>128.1303055607188</range>
					<gx:altitudeMode>relativeToSeaFloor</gx:altitudeMode>
				</LookAt>
				<styleUrl>#msn_F19000</styleUrl>
				<Point>
					<gx:drawOrder>1</gx:drawOrder>
					<coordinates>120.169161292909,-5.202482034042537,0</coordinates>
				</Point>
			</Placemark>
			<Placemark>
				<name>FCO GARECCING</name>
				<visibility>0</visibility>
				<LookAt>
					<longitude>120.1558623706674</longitude>
					<latitude>-5.203352890247405</latitude>
					<altitude>0</altitude>
					<heading>0.002562662053143818</heading>
					<tilt>0</tilt>
					<range>873.6024983785715</range>
					<gx:altitudeMode>relativeToSeaFloor</gx:altitudeMode>
				</LookAt>
				<styleUrl>#msn_F19000</styleUrl>
				<Point>
					<gx:drawOrder>1</gx:drawOrder>
					<coordinates>120.155343754057,-5.204009623416557,0</coordinates>
				</Point>
			</Placemark>
			<Placemark>
				<name>FCO BAKAE</name>
				<visibility>0</visibility>
				<LookAt>
					<longitude>120.2402485032275</longitude>
					<latitude>-5.145643025531864</latitude>
					<altitude>0</altitude>
					<heading>-0.004981055215359975</heading>
					<tilt>0</tilt>
					<range>397.608546277521</range>
					<gx:altitudeMode>relativeToSeaFloor</gx:altitudeMode>
				</LookAt>
				<styleUrl>#msn_F19000</styleUrl>
				<Point>
					<gx:drawOrder>1</gx:drawOrder>
					<coordinates>120.2403866449156,-5.145167334921244,0</coordinates>
				</Point>
			</Placemark>
			<Placemark>
				<name>FCO BONGKI LENGKESE</name>
				<visibility>0</visibility>
				<LookAt>
					<longitude>120.2191822454316</longitude>
					<latitude>-5.146231102542351</latitude>
					<altitude>0</altitude>
					<heading>0.01881580721487101</heading>
					<tilt>0</tilt>
					<range>6.516766642773534</range>
					<gx:altitudeMode>relativeToSeaFloor</gx:altitudeMode>
				</LookAt>
				<styleUrl>#msn_F19000</styleUrl>
				<Point>
					<gx:drawOrder>1</gx:drawOrder>
					<coordinates>120.2191700984586,-5.146229326916552,0</coordinates>
				</Point>
			</Placemark>
			<Placemark>
				<name>FCO PALAE</name>
				<visibility>0</visibility>
				<LookAt>
					<longitude>120.2093562258002</longitude>
					<latitude>-5.215712878004644</latitude>
					<altitude>0</altitude>
					<heading>-0.002294857337579894</heading>
					<tilt>0</tilt>
					<range>962.3396328224051</range>
					<gx:altitudeMode>relativeToSeaFloor</gx:altitudeMode>
				</LookAt>
				<styleUrl>#msn_F19000</styleUrl>
				<Point>
					<gx:drawOrder>1</gx:drawOrder>
					<coordinates>120.2107308687585,-5.214137347856378,0</coordinates>
				</Point>
			</Placemark>
			<Placemark>
				<name>FCO CAMMERU 2</name>
				<visibility>0</visibility>
				<LookAt>
					<longitude>120.201020329484</longitude>
					<latitude>-5.191087828146745</latitude>
					<altitude>0</altitude>
					<heading>-0.002458250775110875</heading>
					<tilt>0</tilt>
					<range>605.1746324924391</range>
					<gx:altitudeMode>relativeToSeaFloor</gx:altitudeMode>
				</LookAt>
				<styleUrl>#msn_F19000</styleUrl>
				<Point>
					<gx:drawOrder>1</gx:drawOrder>
					<coordinates>120.2005892433827,-5.19058665678104,0</coordinates>
				</Point>
			</Placemark>
			<Placemark>
				<name>FCO BIRORO</name>
				<visibility>0</visibility>
				<LookAt>
					<longitude>120.2300280618859</longitude>
					<latitude>-5.214011888651784</latitude>
					<altitude>0</altitude>
					<heading>-5.534503701877443e-06</heading>
					<tilt>0</tilt>
					<range>237.0203655450776</range>
					<gx:altitudeMode>relativeToSeaFloor</gx:altitudeMode>
				</LookAt>
				<styleUrl>#msn_F19000</styleUrl>
				<Point>
					<gx:drawOrder>1</gx:drawOrder>
					<coordinates>120.2301301720943,-5.213842142303021,0</coordinates>
				</Point>
			</Placemark>
			<Placemark>
				<name>FCO PABRIK BATU</name>
				<visibility>0</visibility>
				<open>1</open>
				<LookAt>
					<gx:TimeStamp><when>2020-10-28</when>
</gx:TimeStamp>
					<gx:ViewerOptions>
						<gx:option name="historicalimagery"></gx:option>
						<gx:option enabled="0" name="sunlight"></gx:option>
						<gx:option enabled="0" name="streetview"></gx:option>
					</gx:ViewerOptions>
					<longitude>120.225611979896</longitude>
					<latitude>-5.21818385194893</latitude>
					<altitude>0</altitude>
					<heading>-0.03592228956963303</heading>
					<tilt>0</tilt>
					<range>1227.572964777204</range>
					<gx:altitudeMode>relativeToSeaFloor</gx:altitudeMode>
				</LookAt>
				<styleUrl>#msn_placemark_square10</styleUrl>
				<Point>
					<gx:drawOrder>1</gx:drawOrder>
					<coordinates>120.2255200160376,-5.215714383003029,0</coordinates>
				</Point>
			</Placemark>
			<Placemark>
				<name>FCO SALOHE</name>
				<visibility>0</visibility>
				<LookAt>
					<longitude>120.2276594160647</longitude>
					<latitude>-5.160312759914803</latitude>
					<altitude>0</altitude>
					<heading>-0.02248808972699001</heading>
					<tilt>0</tilt>
					<range>81.77205550913479</range>
					<gx:altitudeMode>relativeToSeaFloor</gx:altitudeMode>
				</LookAt>
				<styleUrl>#msn_F19000</styleUrl>
				<Point>
					<gx:drawOrder>1</gx:drawOrder>
					<coordinates>120.227463848236,-5.160268083287833,0</coordinates>
				</Point>
			</Placemark>
			<Placemark>
				<name>FCO KOLASA</name>
				<visibility>0</visibility>
				<open>1</open>
				<LookAt>
					<longitude>120.2219344614228</longitude>
					<latitude>-5.153818506830298</latitude>
					<altitude>0</altitude>
					<heading>1.269332487467509e-05</heading>
					<tilt>15.22868249263878</tilt>
					<range>806.8742467615779</range>
					<gx:altitudeMode>relativeToSeaFloor</gx:altitudeMode>
				</LookAt>
				<styleUrl>#msn_F190000</styleUrl>
				<Point>
					<gx:drawOrder>1</gx:drawOrder>
					<coordinates>120.2214069543099,-5.154368303945114,0</coordinates>
				</Point>
			</Placemark>
			<Placemark>
				<name>FCO JENNA ASKA</name>
				<visibility>0</visibility>
				<LookAt>
					<longitude>120.2287140563363</longitude>
					<latitude>-5.199054551433131</latitude>
					<altitude>0</altitude>
					<heading>-0.01986982049815369</heading>
					<tilt>0</tilt>
					<range>364.1780610875042</range>
					<gx:altitudeMode>relativeToSeaFloor</gx:altitudeMode>
				</LookAt>
				<styleUrl>#msn_F19000</styleUrl>
				<Point>
					<gx:drawOrder>1</gx:drawOrder>
					<coordinates>120.2282898867905,-5.199779642149927,0</coordinates>
				</Point>
			</Placemark>
			<Placemark>
				<name>FCO KORASA</name>
				<visibility>0</visibility>
				<LookAt>
					<longitude>120.2675796746719</longitude>
					<latitude>-5.209159405935892</latitude>
					<altitude>0</altitude>
					<heading>0.2360409203552555</heading>
					<tilt>0</tilt>
					<range>421.9011603863804</range>
					<gx:altitudeMode>relativeToSeaFloor</gx:altitudeMode>
				</LookAt>
				<styleUrl>#msn_F19000</styleUrl>
				<Point>
					<gx:drawOrder>1</gx:drawOrder>
					<coordinates>120.2669713991641,-5.208968523225685,0</coordinates>
				</Point>
			</Placemark>
			<Placemark>
				<name>FCO LASIAI</name>
				<visibility>0</visibility>
				<LookAt>
					<longitude>120.2612686144683</longitude>
					<latitude>-5.200057296704265</latitude>
					<altitude>0</altitude>
					<heading>-0.0076393683927868</heading>
					<tilt>0</tilt>
					<range>602.1897979475783</range>
					<gx:altitudeMode>relativeToSeaFloor</gx:altitudeMode>
				</LookAt>
				<styleUrl>#msn_F19000</styleUrl>
				<Point>
					<gx:drawOrder>1</gx:drawOrder>
					<coordinates>120.2600940162278,-5.199689428823866,0</coordinates>
				</Point>
			</Placemark>
			<Placemark>
				<name>FCO BUAKANG</name>
				<visibility>0</visibility>
				<open>1</open>
				<LookAt>
					<longitude>120.2607726165576</longitude>
					<latitude>-5.181494975676951</latitude>
					<altitude>0</altitude>
					<heading>-0.007595291423283048</heading>
					<tilt>0</tilt>
					<range>1851.836612977168</range>
					<gx:altitudeMode>relativeToSeaFloor</gx:altitudeMode>
				</LookAt>
				<styleUrl>#msn_placemark_square10</styleUrl>
				<Point>
					<gx:drawOrder>1</gx:drawOrder>
					<coordinates>120.2613765714248,-5.181481960417312,0</coordinates>
				</Point>
			</Placemark>
			<Placemark>
				<name>FCO KALAMISU</name>
				<visibility>0</visibility>
				<LookAt>
					<longitude>120.2183442590281</longitude>
					<latitude>-5.212580660234091</latitude>
					<altitude>0</altitude>
					<heading>-0.003631325010243449</heading>
					<tilt>0</tilt>
					<range>756.8279626622931</range>
					<gx:altitudeMode>relativeToSeaFloor</gx:altitudeMode>
				</LookAt>
				<styleUrl>#msn_F19000</styleUrl>
				<Point>
					<gx:drawOrder>1</gx:drawOrder>
					<coordinates>120.2193347373895,-5.211947020484144,0</coordinates>
				</Point>
			</Placemark>
			<Placemark>
				<name>FCO BARAE</name>
				<visibility>0</visibility>
				<LookAt>
					<longitude>120.2367640377395</longitude>
					<latitude>-5.217679911775285</latitude>
					<altitude>0</altitude>
					<heading>-0.005307297835673279</heading>
					<tilt>0</tilt>
					<range>2769.681471394799</range>
					<gx:altitudeMode>relativeToSeaFloor</gx:altitudeMode>
				</LookAt>
				<styleUrl>#msn_F19000</styleUrl>
				<Point>
					<gx:drawOrder>1</gx:drawOrder>
					<coordinates>120.2387301584337,-5.216124493399275,0</coordinates>
				</Point>
			</Placemark>
			<Placemark>
				<name>FCO BONGKI LENGKESE 2</name>
				<visibility>0</visibility>
				<LookAt>
					<longitude>120.2139538131145</longitude>
					<latitude>-5.137147139930664</latitude>
					<altitude>0</altitude>
					<heading>-0.002622868793665514</heading>
					<tilt>0</tilt>
					<range>1245.322452914869</range>
					<gx:altitudeMode>relativeToSeaFloor</gx:altitudeMode>
				</LookAt>
				<styleUrl>#msn_F19000</styleUrl>
				<Point>
					<gx:drawOrder>1</gx:drawOrder>
					<coordinates>120.2140175825949,-5.135578730481349,0</coordinates>
				</Point>
			</Placemark>
			<Placemark>
				<name>FCO PALIE</name>
				<visibility>0</visibility>
				<LookAt>
					<longitude>120.1968517217398</longitude>
					<latitude>-5.130194860956483</latitude>
					<altitude>0</altitude>
					<heading>-0.00109162010068542</heading>
					<tilt>0</tilt>
					<range>460.3345103421967</range>
					<gx:altitudeMode>relativeToSeaFloor</gx:altitudeMode>
				</LookAt>
				<styleUrl>#msn_F19000</styleUrl>
				<Point>
					<gx:drawOrder>1</gx:drawOrder>
					<coordinates>120.1964578804078,-5.130298842408125,0</coordinates>
				</Point>
			</Placemark>
			<Placemark>
				<name>FCO POLEWALI</name>
				<visibility>0</visibility>
				<LookAt>
					<longitude>120.1143074836339</longitude>
					<latitude>-5.252883407980163</latitude>
					<altitude>0</altitude>
					<heading>0.005456625902617935</heading>
					<tilt>0</tilt>
					<range>2676.763461634854</range>
					<gx:altitudeMode>relativeToSeaFloor</gx:altitudeMode>
				</LookAt>
				<styleUrl>#msn_F19000</styleUrl>
				<Point>
					<gx:drawOrder>1</gx:drawOrder>
					<coordinates>120.1105662308136,-5.252846760281172,0</coordinates>
				</Point>
			</Placemark>
			<Placemark>
				<name>FCO LAPPA DUMME</name>
				<visibility>0</visibility>
				<styleUrl>#msn_F19000</styleUrl>
				<ExtendedData>
					<SchemaData schemaUrl="#S_LAPPA_DUMME_2_DDDSS00">
						<SimpleData name="x">-5.18077</SimpleData>
						<SimpleData name="y">120.173</SimpleData>
						<SimpleData name="e">248.062</SimpleData>
						<SimpleData name="ket">FCO</SimpleData>
						<SimpleData name="tgl">14 Jun 2023 15.36.20</SimpleData>
					</SchemaData>
				</ExtendedData>
				<Point>
					<coordinates>120.1736097077374,-5.180572066780001,0</coordinates>
				</Point>
			</Placemark>
			<Placemark>
				<name>FCO BONGKONG</name>
				<visibility>0</visibility>
				<LookAt>
					<longitude>120.1816127317564</longitude>
					<latitude>-5.155283296681257</latitude>
					<altitude>0</altitude>
					<heading>0.0002709979638867197</heading>
					<tilt>0</tilt>
					<range>1179.065901321008</range>
					<gx:altitudeMode>relativeToSeaFloor</gx:altitudeMode>
				</LookAt>
				<styleUrl>#msn_F19000</styleUrl>
				<Point>
					<gx:drawOrder>1</gx:drawOrder>
					<coordinates>120.1795961385557,-5.153766146499647,0</coordinates>
				</Point>
			</Placemark>
			<Placemark>
				<name>FCO MATTUNRENG TELLUE</name>
				<visibility>0</visibility>
				<LookAt>
					<longitude>120.180709272658</longitude>
					<latitude>-5.153606210980485</latitude>
					<altitude>0</altitude>
					<heading>0.0003521351269559251</heading>
					<tilt>0</tilt>
					<range>481.985272353636</range>
					<gx:altitudeMode>relativeToSeaFloor</gx:altitudeMode>
				</LookAt>
				<styleUrl>#msn_F19000</styleUrl>
				<Point>
					<gx:drawOrder>1</gx:drawOrder>
					<coordinates>120.1796686221334,-5.152250707379578,0</coordinates>
				</Point>
			</Placemark>
			<Placemark>
				<name>FCO TOPISI</name>
				<visibility>0</visibility>
				<LookAt>
					<longitude>120.1733648574992</longitude>
					<latitude>-5.135433754154878</latitude>
					<altitude>0</altitude>
					<heading>0.001010556225923049</heading>
					<tilt>0</tilt>
					<range>1097.849816414417</range>
					<gx:altitudeMode>relativeToSeaFloor</gx:altitudeMode>
				</LookAt>
				<styleUrl>#msn_F19000</styleUrl>
				<Point>
					<gx:drawOrder>1</gx:drawOrder>
					<coordinates>120.1715271041751,-5.134211063128385,0</coordinates>
				</Point>
			</Placemark>
			<Placemark>
				<name>FCO KALELENG</name>
				<visibility>0</visibility>
				<LookAt>
					<longitude>120.1227993261553</longitude>
					<latitude>-5.181569085822741</latitude>
					<altitude>0</altitude>
					<heading>0.005572549472728143</heading>
					<tilt>0</tilt>
					<range>1144.434789609178</range>
					<gx:altitudeMode>relativeToSeaFloor</gx:altitudeMode>
				</LookAt>
				<styleUrl>#msn_F19000</styleUrl>
				<Point>
					<gx:drawOrder>1</gx:drawOrder>
					<coordinates>120.1198409831976,-5.183165080494786,0</coordinates>
				</Point>
			</Placemark>
			<Placemark>
				<name>FCO BONTO</name>
				<visibility>0</visibility>
				<LookAt>
					<longitude>120.1062461757807</longitude>
					<latitude>-5.175565533626092</latitude>
					<altitude>0</altitude>
					<heading>0.007069579691496461</heading>
					<tilt>0</tilt>
					<range>369.3580179732478</range>
					<gx:altitudeMode>relativeToSeaFloor</gx:altitudeMode>
				</LookAt>
				<styleUrl>#msn_F19000</styleUrl>
				<Point>
					<gx:drawOrder>1</gx:drawOrder>
					<coordinates>120.106027833802,-5.175634302531636,0</coordinates>
				</Point>
			</Placemark>
			<Placemark>
				<name>FCO KESSI</name>
				<visibility>0</visibility>
				<LookAt>
					<longitude>120.1086315322584</longitude>
					<latitude>-5.168422760963762</latitude>
					<altitude>0</altitude>
					<heading>0.006854219589987407</heading>
					<tilt>0</tilt>
					<range>1021.166085592262</range>
					<gx:altitudeMode>relativeToSeaFloor</gx:altitudeMode>
				</LookAt>
				<styleUrl>#msn_F19000</styleUrl>
				<Point>
					<gx:drawOrder>1</gx:drawOrder>
					<coordinates>120.1096726823089,-5.168118540778754,0</coordinates>
				</Point>
			</Placemark>
			<Placemark>
				<name>FCO PEPARA</name>
				<visibility>0</visibility>
				<LookAt>
					<longitude>120.1077158232536</longitude>
					<latitude>-5.154815611460035</latitude>
					<altitude>0</altitude>
					<heading>0.006935937392905332</heading>
					<tilt>0</tilt>
					<range>925.7201479826733</range>
					<gx:altitudeMode>relativeToSeaFloor</gx:altitudeMode>
				</LookAt>
				<styleUrl>#msn_F19000</styleUrl>
				<Point>
					<gx:drawOrder>1</gx:drawOrder>
					<coordinates>120.1088327246486,-5.155004822153781,0</coordinates>
				</Point>
			</Placemark>
			<Placemark>
				<name>FCO TAPILASA</name>
				<visibility>0</visibility>
				<LookAt>
					<longitude>120.0905557088519</longitude>
					<latitude>-5.206567316243591</latitude>
					<altitude>0</altitude>
					<heading>0.008503215545625758</heading>
					<tilt>0</tilt>
					<range>933.6877692531299</range>
					<gx:altitudeMode>relativeToSeaFloor</gx:altitudeMode>
				</LookAt>
				<styleUrl>#msn_F19000</styleUrl>
				<Point>
					<gx:drawOrder>1</gx:drawOrder>
					<coordinates>120.0898420741259,-5.205972283531788,0</coordinates>
				</Point>
			</Placemark>
			<Placemark>
				<name>FCO LAPPARA</name>
				<visibility>0</visibility>
				<LookAt>
					<longitude>120.0870147301246</longitude>
					<latitude>-5.2030805543099</latitude>
					<altitude>0</altitude>
					<heading>0.008825121300356174</heading>
					<tilt>0</tilt>
					<range>586.0438464539403</range>
					<gx:altitudeMode>relativeToSeaFloor</gx:altitudeMode>
				</LookAt>
				<styleUrl>#msn_F19000</styleUrl>
				<Point>
					<gx:drawOrder>1</gx:drawOrder>
					<coordinates>120.0864927274168,-5.202685103628918,0</coordinates>
				</Point>
			</Placemark>
			<Placemark>
				<name>FCO DESA BARU</name>
				<visibility>0</visibility>
				<LookAt>
					<longitude>120.1537995748026</longitude>
					<latitude>-5.172997845635262</latitude>
					<altitude>0</altitude>
					<heading>0.00275554301236105</heading>
					<tilt>0</tilt>
					<range>1014.046796333954</range>
					<gx:altitudeMode>relativeToSeaFloor</gx:altitudeMode>
				</LookAt>
				<styleUrl>#msn_F19000</styleUrl>
				<Point>
					<gx:drawOrder>1</gx:drawOrder>
					<coordinates>120.1544992330634,-5.172476142971663,0</coordinates>
				</Point>
			</Placemark>
			<Placemark>
				<name>FCO HALIMPING</name>
				<visibility>0</visibility>
				<LookAt>
					<longitude>120.1050772735831</longitude>
					<latitude>-5.218620078136983</latitude>
					<altitude>0</altitude>
					<heading>0.007179712782154877</heading>
					<tilt>0</tilt>
					<range>1082.044604062743</range>
					<gx:altitudeMode>relativeToSeaFloor</gx:altitudeMode>
				</LookAt>
				<styleUrl>#msn_F19000</styleUrl>
				<Point>
					<gx:drawOrder>1</gx:drawOrder>
					<coordinates>120.1034751270333,-5.21762734256916,0</coordinates>
				</Point>
			</Placemark>
			<Placemark>
				<name>FCO BULU KAMASE</name>
				<visibility>0</visibility>
				<LookAt>
					<longitude>120.1550467745484</longitude>
					<latitude>-5.197790483018387</latitude>
					<altitude>0</altitude>
					<heading>0.002636495630191579</heading>
					<tilt>0</tilt>
					<range>2687.595961248684</range>
					<gx:altitudeMode>relativeToSeaFloor</gx:altitudeMode>
				</LookAt>
				<styleUrl>#msn_F19000</styleUrl>
				<Point>
					<gx:drawOrder>1</gx:drawOrder>
					<coordinates>120.152330493283,-5.1961980102266,0</coordinates>
				</Point>
			</Placemark>
			<Placemark>
				<name>FCO BALLA KALE</name>
				<visibility>0</visibility>
				<LookAt>
					<longitude>120.2165454269605</longitude>
					<latitude>-5.212449582508405</latitude>
					<altitude>0</altitude>
					<heading>-0.003468204431340909</heading>
					<tilt>0</tilt>
					<range>1511.317477471695</range>
					<gx:altitudeMode>relativeToSeaFloor</gx:altitudeMode>
				</LookAt>
				<styleUrl>#msn_F19000</styleUrl>
				<Point>
					<gx:drawOrder>1</gx:drawOrder>
					<coordinates>120.2180991777262,-5.21325632215233,0</coordinates>
				</Point>
			</Placemark>
			<Placemark>
				<name>FCO TOPANGKA</name>
				<visibility>0</visibility>
				<LookAt>
					<longitude>120.2118320211372</longitude>
					<latitude>-5.18092995807799</latitude>
					<altitude>0</altitude>
					<heading>-0.03157620919622622</heading>
					<tilt>0</tilt>
					<range>1154.092331937234</range>
					<gx:altitudeMode>relativeToSeaFloor</gx:altitudeMode>
				</LookAt>
				<styleUrl>#msn_placemark_square01</styleUrl>
				<Point>
					<gx:drawOrder>1</gx:drawOrder>
					<coordinates>120.2108569040804,-5.181422240496317,0</coordinates>
				</Point>
			</Placemark>
			<Placemark>
				<name>FCO ANNIE</name>
				<visibility>0</visibility>
				<LookAt>
					<longitude>120.1731327389293</longitude>
					<latitude>-5.229937359304289</latitude>
					<altitude>0</altitude>
					<heading>7.021929197542359e-05</heading>
					<tilt>0</tilt>
					<range>894.3844421225493</range>
					<gx:altitudeMode>relativeToSeaFloor</gx:altitudeMode>
				</LookAt>
				<styleUrl>#msn_F19000</styleUrl>
				<Point>
					<gx:drawOrder>1</gx:drawOrder>
					<coordinates>120.1718872805166,-5.229175514334715,0</coordinates>
				</Point>
			</Placemark>
			<Placemark>
				<name>FCO GARECCING</name>
				<visibility>0</visibility>
				<LookAt>
					<longitude>120.1734941467035</longitude>
					<latitude>-5.230510202814875</latitude>
					<altitude>0</altitude>
					<heading>3.624230629011962e-05</heading>
					<tilt>0</tilt>
					<range>2178.752063672132</range>
					<gx:altitudeMode>relativeToSeaFloor</gx:altitudeMode>
				</LookAt>
				<styleUrl>#msn_F19000</styleUrl>
				<Point>
					<gx:drawOrder>1</gx:drawOrder>
					<coordinates>120.1711780148618,-5.229264288744067,0</coordinates>
				</Point>
			</Placemark>
			<Placemark>
				<name>FCO RSUD</name>
				<visibility>0</visibility>
				<LookAt>
					<longitude>120.1696430186761</longitude>
					<latitude>-5.246113693982061</latitude>
					<altitude>0</altitude>
					<heading>0.0003883162950137601</heading>
					<tilt>0</tilt>
					<range>1787.898332568011</range>
					<gx:altitudeMode>relativeToSeaFloor</gx:altitudeMode>
				</LookAt>
				<styleUrl>#msn_F19000</styleUrl>
				<Point>
					<gx:drawOrder>1</gx:drawOrder>
					<coordinates>120.1666607742069,-5.244908898111514,0</coordinates>
				</Point>
			</Placemark>
			<Placemark>
				<name>FCO PUNCAK</name>
				<visibility>0</visibility>
				<LookAt>
					<longitude>120.1450881713624</longitude>
					<latitude>-5.256205868327582</latitude>
					<altitude>0</altitude>
					<heading>0.002641588271767178</heading>
					<tilt>0</tilt>
					<range>3045.167305332052</range>
					<gx:altitudeMode>relativeToSeaFloor</gx:altitudeMode>
				</LookAt>
				<styleUrl>#msn_F19000</styleUrl>
				<Point>
					<gx:drawOrder>1</gx:drawOrder>
					<coordinates>120.1472324974892,-5.257216879576425,0</coordinates>
				</Point>
			</Placemark>
			<Placemark>
				<name>FCO SONGING</name>
				<visibility>0</visibility>
				<LookAt>
					<longitude>120.1488018156625</longitude>
					<latitude>-5.253676642834988</latitude>
					<altitude>0</altitude>
					<heading>-0.003610917133920697</heading>
					<tilt>24.64200280343907</tilt>
					<range>2787.265376604994</range>
					<gx:altitudeMode>relativeToSeaFloor</gx:altitudeMode>
				</LookAt>
				<styleUrl>#msn_F19000</styleUrl>
				<Point>
					<gx:drawOrder>1</gx:drawOrder>
					<coordinates>120.1464198252049,-5.255849050209919,0</coordinates>
				</Point>
			</Placemark>
			<Placemark>
				<name>FCO JENNA</name>
				<visibility>0</visibility>
				<LookAt>
					<longitude>120.1153854561644</longitude>
					<latitude>-5.258980028640015</latitude>
					<altitude>0</altitude>
					<heading>0.005359287292184083</heading>
					<tilt>0</tilt>
					<range>4060.303298801618</range>
					<gx:altitudeMode>relativeToSeaFloor</gx:altitudeMode>
				</LookAt>
				<styleUrl>#msn_F19000</styleUrl>
				<Point>
					<gx:drawOrder>1</gx:drawOrder>
					<coordinates>120.1151502606014,-5.259172869048794,0</coordinates>
				</Point>
			</Placemark>
			<Placemark>
				<name>FCO LENGKESE</name>
				<visibility>0</visibility>
				<open>1</open>
				<LookAt>
					<longitude>120.0967693885376</longitude>
					<latitude>-5.257195224956588</latitude>
					<altitude>0</altitude>
					<heading>-0.00675071785281766</heading>
					<tilt>0.01294727765087091</tilt>
					<range>1858.00524967716</range>
					<gx:altitudeMode>relativeToSeaFloor</gx:altitudeMode>
				</LookAt>
				<styleUrl>#msn_placemark_square100</styleUrl>
				<Point>
					<gx:drawOrder>1</gx:drawOrder>
					<coordinates>120.0922297992356,-5.258217086046423,0</coordinates>
				</Point>
			</Placemark>
			<Placemark>
				<name>FCO MATTOANGING</name>
				<visibility>0</visibility>
				<LookAt>
					<longitude>120.1176923155835</longitude>
					<latitude>-5.254977664312808</latitude>
					<altitude>0</altitude>
					<heading>0.005146372586915863</heading>
					<tilt>0</tilt>
					<range>1712.408378329102</range>
					<gx:altitudeMode>relativeToSeaFloor</gx:altitudeMode>
				</LookAt>
				<styleUrl>#msn_F19000</styleUrl>
				<Point>
					<gx:drawOrder>1</gx:drawOrder>
					<coordinates>120.1142562804025,-5.253578859255432,0</coordinates>
				</Point>
			</Placemark>
			<Placemark>
				<name>FCO LEPPANG</name>
				<visibility>0</visibility>
				<LookAt>
					<longitude>120.1430258705389</longitude>
					<latitude>-5.249388363265728</latitude>
					<altitude>0</altitude>
					<heading>-0.002476082619461017</heading>
					<tilt>27.54473229783879</tilt>
					<range>3428.866419328613</range>
					<gx:altitudeMode>relativeToSeaFloor</gx:altitudeMode>
				</LookAt>
				<styleUrl>#msn_F19000</styleUrl>
				<Point>
					<gx:drawOrder>1</gx:drawOrder>
					<coordinates>120.1446612680848,-5.250735016390349,0</coordinates>
				</Point>
			</Placemark>
			<Placemark>
				<name>FCO GOVA</name>
				<visibility>0</visibility>
				<open>1</open>
				<LookAt>
					<longitude>120.148469688497</longitude>
					<latitude>-5.251237275818378</latitude>
					<altitude>0</altitude>
					<heading>-0.001550163841616941</heading>
					<tilt>0</tilt>
					<range>4242.825542553995</range>
					<gx:altitudeMode>relativeToSeaFloor</gx:altitudeMode>
				</LookAt>
				<styleUrl>#msn_placemark_square01</styleUrl>
				<Point>
					<gx:drawOrder>1</gx:drawOrder>
					<coordinates>120.1419072453125,-5.251978338118493,0</coordinates>
				</Point>
			</Placemark>
			<Placemark>
				<name>FCO KALOLING</name>
				<visibility>0</visibility>
				<LookAt>
					<longitude>120.2358007444367</longitude>
					<latitude>-5.165450502526957</latitude>
					<altitude>0</altitude>
					<heading>-0.007370738130712214</heading>
					<tilt>30.01262573566812</tilt>
					<range>2811.022424848974</range>
					<gx:altitudeMode>relativeToSeaFloor</gx:altitudeMode>
				</LookAt>
				<styleUrl>#msn_F19000</styleUrl>
				<Point>
					<gx:drawOrder>1</gx:drawOrder>
					<coordinates>120.2280234920652,-5.165904811697008,0</coordinates>
				</Point>
			</Placemark>
			<Placemark>
				<name>CO LABETTANG</name>
				<visibility>0</visibility>
				<LookAt>
					<longitude>120.2012851247396</longitude>
					<latitude>-5.190373989234161</latitude>
					<altitude>0</altitude>
					<heading>-0.001829541810360532</heading>
					<tilt>41.91569935231974</tilt>
					<range>414.5653444029247</range>
					<gx:altitudeMode>relativeToSeaFloor</gx:altitudeMode>
				</LookAt>
				<styleUrl>#msn_F19000</styleUrl>
				<Point>
					<gx:drawOrder>1</gx:drawOrder>
					<coordinates>120.2009673990113,-5.190361915478629,0</coordinates>
				</Point>
			</Placemark>
			<Placemark>
				<name>FCO PASAR BIKERU</name>
				<visibility>0</visibility>
				<LookAt>
					<longitude>120.1545226034791</longitude>
					<latitude>-5.255940231584584</latitude>
					<altitude>0</altitude>
					<heading>0.002603215298056918</heading>
					<tilt>30.00156457528759</tilt>
					<range>1789.432372971725</range>
					<gx:altitudeMode>relativeToSeaFloor</gx:altitudeMode>
				</LookAt>
				<styleUrl>#msn_F19000</styleUrl>
				<Point>
					<gx:drawOrder>1</gx:drawOrder>
					<coordinates>120.1604656726494,-5.253506450453585,0</coordinates>
				</Point>
			</Placemark>
			<Placemark>
				<name>LBS MTZ SONGING</name>
				<visibility>0</visibility>
				<LookAt>
					<longitude>120.148469688497</longitude>
					<latitude>-5.251237275818378</latitude>
					<altitude>0</altitude>
					<heading>-0.001550163841616941</heading>
					<tilt>0</tilt>
					<range>4242.825542553995</range>
					<gx:altitudeMode>relativeToSeaFloor</gx:altitudeMode>
				</LookAt>
				<styleUrl>#msn_open-diamond</styleUrl>
				<Point>
					<gx:drawOrder>1</gx:drawOrder>
					<coordinates>120.1579192807712,-5.25437848968067,0</coordinates>
				</Point>
			</Placemark>
			<Placemark>
				<name>FCO Tangkulu</name>
				<visibility>0</visibility>
				<LookAt>
					<longitude>120.1026624666534</longitude>
					<latitude>-5.184322896817953</latitude>
					<altitude>0</altitude>
					<heading>-0.0009772032486106206</heading>
					<tilt>0</tilt>
					<range>573.3650565363646</range>
					<gx:altitudeMode>relativeToSeaFloor</gx:altitudeMode>
				</LookAt>
				<styleUrl>#msn_F19000</styleUrl>
				<Point>
					<gx:drawOrder>1</gx:drawOrder>
					<coordinates>120.1029124853912,-5.184782854950294,0</coordinates>
				</Point>
			</Placemark>
			<Placemark>
				<name>FCO SAOHIRING</name>
				<visibility>0</visibility>
				<open>1</open>
				<LookAt>
					<longitude>120.1072631635598</longitude>
					<latitude>-5.187155676042505</latitude>
					<altitude>0</altitude>
					<heading>0.005997204347443205</heading>
					<tilt>0</tilt>
					<range>2936.428146121834</range>
					<gx:altitudeMode>relativeToSeaFloor</gx:altitudeMode>
				</LookAt>
				<styleUrl>#msn_placemark_square10</styleUrl>
				<Point>
					<gx:drawOrder>1</gx:drawOrder>
					<coordinates>120.1063054024751,-5.187791422928592,0</coordinates>
				</Point>
			</Placemark>
			<Placemark>
				<name>FCO LEMBANGE</name>
				<visibility>0</visibility>
				<open>1</open>
				<LookAt>
					<longitude>120.1094416718824</longitude>
					<latitude>-5.193628348562812</latitude>
					<altitude>0</altitude>
					<heading>-0.0007501080199223192</heading>
					<tilt>0</tilt>
					<range>1146.759182006343</range>
					<gx:altitudeMode>relativeToSeaFloor</gx:altitudeMode>
				</LookAt>
				<styleUrl>#msn_placemark_square100</styleUrl>
				<Point>
					<gx:drawOrder>1</gx:drawOrder>
					<coordinates>120.1103622529714,-5.192291803763302,0</coordinates>
				</Point>
			</Placemark>
			<Placemark>
				<name>FCO LITA LITAE</name>
				<visibility>0</visibility>
				<open>1</open>
				<LookAt>
					<longitude>120.1012679529328</longitude>
					<latitude>-5.201228616262847</latitude>
					<altitude>0</altitude>
					<heading>0.006072221085277813</heading>
					<tilt>0</tilt>
					<range>846.958767954049</range>
					<gx:altitudeMode>relativeToSeaFloor</gx:altitudeMode>
				</LookAt>
				<styleUrl>#msn_placemark_square1</styleUrl>
				<Point>
					<gx:drawOrder>1</gx:drawOrder>
					<coordinates>120.10161,-5.2003,0</coordinates>
				</Point>
			</Placemark>
			<Placemark>
				<name>FCO SD 66</name>
				<visibility>0</visibility>
				<LookAt>
					<longitude>120.0614021767616</longitude>
					<latitude>-5.23271386379403</latitude>
					<altitude>0</altitude>
					<heading>-27.99771945291143</heading>
					<tilt>0</tilt>
					<range>417.141334967087</range>
					<gx:altitudeMode>relativeToSeaFloor</gx:altitudeMode>
				</LookAt>
				<styleUrl>#msn_F19000</styleUrl>
				<Point>
					<gx:drawOrder>1</gx:drawOrder>
					<coordinates>120.0606597446454,-5.232395033729832,0</coordinates>
				</Point>
			</Placemark>
			<Folder>
				<name>DS</name>
				<visibility>0</visibility>
				<open>1</open>
				<Placemark>
					<name>DS INC OUT BIKERU</name>
					<visibility>0</visibility>
					<LookAt>
						<longitude>120.2483433790483</longitude>
						<latitude>-5.127901967263158</latitude>
						<altitude>0</altitude>
						<heading>1.756283837022909</heading>
						<tilt>0</tilt>
						<range>6.696872787077138</range>
						<gx:altitudeMode>relativeToSeaFloor</gx:altitudeMode>
					</LookAt>
					<styleUrl>#msn_F19000</styleUrl>
					<Point>
						<gx:drawOrder>1</gx:drawOrder>
						<coordinates>120.2483302687985,-5.127893056734797,0</coordinates>
					</Point>
				</Placemark>
			</Folder>
		</Folder>
		<Folder>
			<name>DS &amp; FCO OUT MARBO</name>
			<visibility>0</visibility>
			<Placemark>
				<name>FCO BABANA</name>
				<visibility>0</visibility>
				<LookAt>
					<longitude>120.2712872351037</longitude>
					<latitude>-5.163141583946314</latitude>
					<altitude>0</altitude>
					<heading>-90.15508913131266</heading>
					<tilt>23.31166650276543</tilt>
					<range>1713.190174258401</range>
					<gx:altitudeMode>relativeToSeaFloor</gx:altitudeMode>
				</LookAt>
				<styleUrl>#msn_placemark_square2</styleUrl>
				<Point>
					<gx:drawOrder>1</gx:drawOrder>
					<coordinates>120.2690292193933,-5.16321717627887,0</coordinates>
				</Point>
			</Placemark>
			<Placemark>
				<name>FCO BARINGENG</name>
				<visibility>0</visibility>
				<LookAt>
					<longitude>120.2733313156518</longitude>
					<latitude>-5.169801129768035</latitude>
					<altitude>0</altitude>
					<heading>49.95688815586845</heading>
					<tilt>0</tilt>
					<range>168.4020415307487</range>
					<gx:altitudeMode>relativeToSeaFloor</gx:altitudeMode>
				</LookAt>
				<styleUrl>#msn_placemark_square2</styleUrl>
				<Point>
					<gx:drawOrder>1</gx:drawOrder>
					<coordinates>120.2733395496848,-5.169836473822747,0</coordinates>
				</Point>
			</Placemark>
			<Placemark>
				<name>FCO TURUNENG</name>
				<visibility>0</visibility>
				<LookAt>
					<longitude>120.3086332719809</longitude>
					<latitude>-5.227965613540179</latitude>
					<altitude>0</altitude>
					<heading>-0.004728670804694864</heading>
					<tilt>0</tilt>
					<range>692.3767088793551</range>
					<gx:altitudeMode>relativeToSeaFloor</gx:altitudeMode>
				</LookAt>
				<styleUrl>#msn_F19000</styleUrl>
				<Point>
					<gx:drawOrder>1</gx:drawOrder>
					<coordinates>120.3090643951046,-5.227937422737119,0</coordinates>
				</Point>
			</Placemark>
			<Placemark>
				<name>FCO PATTONGKO</name>
				<visibility>0</visibility>
				<LookAt>
					<longitude>120.3094997873051</longitude>
					<latitude>-5.231608622965609</latitude>
					<altitude>0</altitude>
					<heading>-0.004854019835809943</heading>
					<tilt>0</tilt>
					<range>448.5779955727385</range>
					<gx:altitudeMode>relativeToSeaFloor</gx:altitudeMode>
				</LookAt>
				<styleUrl>#msn_F19000</styleUrl>
				<Point>
					<gx:drawOrder>1</gx:drawOrder>
					<coordinates>120.3092097060217,-5.231266873360056,0</coordinates>
				</Point>
			</Placemark>
			<Placemark>
				<name>FCO TAI BESSIE</name>
				<visibility>0</visibility>
				<LookAt>
					<longitude>120.3165195987182</longitude>
					<latitude>-5.24427005134525</latitude>
					<altitude>0</altitude>
					<heading>-0.005494056383497618</heading>
					<tilt>0</tilt>
					<range>1170.231184027547</range>
					<gx:altitudeMode>relativeToSeaFloor</gx:altitudeMode>
				</LookAt>
				<styleUrl>#msn_F19000</styleUrl>
				<Point>
					<gx:drawOrder>1</gx:drawOrder>
					<coordinates>120.3200320456261,-5.244645461788896,0</coordinates>
				</Point>
			</Placemark>
			<Placemark>
				<name>FCO PAKKA</name>
				<visibility>0</visibility>
				<LookAt>
					<longitude>120.3270191798764</longitude>
					<latitude>-5.271070578962142</latitude>
					<altitude>0</altitude>
					<heading>-0.006451417882736098</heading>
					<tilt>0</tilt>
					<range>434.8095644973064</range>
					<gx:altitudeMode>relativeToSeaFloor</gx:altitudeMode>
				</LookAt>
				<styleUrl>#msn_F19000</styleUrl>
				<Point>
					<gx:drawOrder>1</gx:drawOrder>
					<coordinates>120.3273108925104,-5.270915614029458,0</coordinates>
				</Point>
			</Placemark>
			<Placemark>
				<name>FCO TALISE</name>
				<visibility>0</visibility>
				<LookAt>
					<longitude>120.3307421259842</longitude>
					<latitude>-5.28936257343344</latitude>
					<altitude>0</altitude>
					<heading>-0.006793269011978987</heading>
					<tilt>0</tilt>
					<range>500.8263674051421</range>
					<gx:altitudeMode>relativeToSeaFloor</gx:altitudeMode>
				</LookAt>
				<styleUrl>#msn_F19000</styleUrl>
				<Point>
					<gx:drawOrder>1</gx:drawOrder>
					<coordinates>120.3316129811861,-5.2894812554318,0</coordinates>
				</Point>
			</Placemark>
			<Placemark>
				<name>FCO BANOA 2</name>
				<visibility>0</visibility>
				<LookAt>
					<longitude>120.2881250437194</longitude>
					<latitude>-5.245699726246565</latitude>
					<altitude>0</altitude>
					<heading>-0.002883642370025699</heading>
					<tilt>0</tilt>
					<range>1437.765535970235</range>
					<gx:altitudeMode>relativeToSeaFloor</gx:altitudeMode>
				</LookAt>
				<styleUrl>#msn_F19000</styleUrl>
				<Point>
					<gx:drawOrder>1</gx:drawOrder>
					<coordinates>120.2886730544035,-5.244772369979189,0</coordinates>
				</Point>
			</Placemark>
			<Placemark>
				<name>FCO BANOA</name>
				<visibility>0</visibility>
				<LookAt>
					<longitude>120.2660378431143</longitude>
					<latitude>-5.248924043889279</latitude>
					<altitude>0</altitude>
					<heading>-0.0008637007067504026</heading>
					<tilt>0</tilt>
					<range>450.506770132406</range>
					<gx:altitudeMode>relativeToSeaFloor</gx:altitudeMode>
				</LookAt>
				<styleUrl>#msn_F19000</styleUrl>
				<Point>
					<gx:drawOrder>1</gx:drawOrder>
					<coordinates>120.2650761738322,-5.249136183183685,0</coordinates>
				</Point>
			</Placemark>
			<Placemark>
				<name>FCO BT TAPPALANG</name>
				<visibility>0</visibility>
				<LookAt>
					<longitude>120.263022974557</longitude>
					<latitude>-5.255564014813417</latitude>
					<altitude>0</altitude>
					<heading>-0.0005894514944876592</heading>
					<tilt>0</tilt>
					<range>585.672992174078</range>
					<gx:altitudeMode>relativeToSeaFloor</gx:altitudeMode>
				</LookAt>
				<styleUrl>#msn_F19000</styleUrl>
				<Point>
					<gx:drawOrder>1</gx:drawOrder>
					<coordinates>120.2627897729877,-5.255575923216004,0</coordinates>
				</Point>
			</Placemark>
			<Placemark>
				<name>FCO BT KUNYI</name>
				<visibility>0</visibility>
				<LookAt>
					<longitude>120.257339426983</longitude>
					<latitude>-5.267371905324725</latitude>
					<altitude>0</altitude>
					<heading>-6.791856717405259e-05</heading>
					<tilt>0</tilt>
					<range>573.315045078615</range>
					<gx:altitudeMode>relativeToSeaFloor</gx:altitudeMode>
				</LookAt>
				<styleUrl>#msn_F19000</styleUrl>
				<Point>
					<gx:drawOrder>1</gx:drawOrder>
					<coordinates>120.2562862459041,-5.267567930295835,0</coordinates>
				</Point>
			</Placemark>
			<Placemark>
				<name>FCO PAKOKKO</name>
				<visibility>0</visibility>
				<LookAt>
					<longitude>120.2670842012055</longitude>
					<latitude>-5.274746626604567</latitude>
					<altitude>0</altitude>
					<heading>-0.000962771563853792</heading>
					<tilt>0</tilt>
					<range>1153.452730867626</range>
					<gx:altitudeMode>relativeToSeaFloor</gx:altitudeMode>
				</LookAt>
				<styleUrl>#msn_F19000</styleUrl>
				<Point>
					<gx:drawOrder>1</gx:drawOrder>
					<coordinates>120.2667175745035,-5.273309985053957,0</coordinates>
				</Point>
			</Placemark>
			<Placemark>
				<name>FCO LEMBANG SAUKANG</name>
				<visibility>0</visibility>
				<LookAt>
					<longitude>120.257536833961</longitude>
					<latitude>-5.267871636292799</latitude>
					<altitude>0</altitude>
					<heading>-8.513619706073143e-05</heading>
					<tilt>0</tilt>
					<range>2628.627707067352</range>
					<gx:altitudeMode>relativeToSeaFloor</gx:altitudeMode>
				</LookAt>
				<styleUrl>#msn_F19000</styleUrl>
				<Point>
					<gx:drawOrder>1</gx:drawOrder>
					<coordinates>120.25273915463,-5.267585856408945,0</coordinates>
				</Point>
			</Placemark>
			<Placemark>
				<name>FCO CANTIK</name>
				<visibility>0</visibility>
				<LookAt>
					<longitude>120.2586359495697</longitude>
					<latitude>-5.272931231628154</latitude>
					<altitude>0</altitude>
					<heading>-0.0001862611468984063</heading>
					<tilt>0</tilt>
					<range>2658.068659133755</range>
					<gx:altitudeMode>relativeToSeaFloor</gx:altitudeMode>
				</LookAt>
				<styleUrl>#msn_F19000</styleUrl>
				<Point>
					<gx:drawOrder>1</gx:drawOrder>
					<coordinates>120.2530827521175,-5.270402342842011,0</coordinates>
				</Point>
			</Placemark>
			<Placemark>
				<name>PMT OUT MARBO</name>
				<visibility>0</visibility>
				<LookAt>
					<longitude>120.2503452055062</longitude>
					<latitude>-5.121083852840752</latitude>
					<altitude>0</altitude>
					<heading>0.02543913872455959</heading>
					<tilt>0</tilt>
					<range>23.3307311862313</range>
					<gx:altitudeMode>relativeToSeaFloor</gx:altitudeMode>
				</LookAt>
				<styleUrl>#msn_F19000</styleUrl>
				<Point>
					<gx:drawOrder>1</gx:drawOrder>
					<coordinates>120.2502941758709,-5.121100585422528,0</coordinates>
				</Point>
			</Placemark>
			<Placemark>
				<name>FCO PASISIKAN</name>
				<visibility>0</visibility>
				<LookAt>
					<longitude>120.2950210102044</longitude>
					<latitude>-5.249583239205525</latitude>
					<altitude>0</altitude>
					<heading>0.3182530520178918</heading>
					<tilt>0</tilt>
					<range>1301.540795844448</range>
					<gx:altitudeMode>relativeToSeaFloor</gx:altitudeMode>
				</LookAt>
				<styleUrl>#msn_F19000</styleUrl>
				<Point>
					<gx:drawOrder>1</gx:drawOrder>
					<coordinates>120.292285370507,-5.248406710819279,0</coordinates>
				</Point>
			</Placemark>
			<Placemark>
				<name>FCO MACCONGGI</name>
				<visibility>0</visibility>
				<LookAt>
					<longitude>120.26847108658</longitude>
					<latitude>-5.272725408966602</latitude>
					<altitude>0</altitude>
					<heading>0.0001127177990706929</heading>
					<tilt>41.56553751245193</tilt>
					<range>588.81261453678</range>
					<gx:altitudeMode>relativeToSeaFloor</gx:altitudeMode>
				</LookAt>
				<styleUrl>#msn_F19000</styleUrl>
				<Point>
					<gx:drawOrder>1</gx:drawOrder>
					<coordinates>120.2678341853412,-5.273062988305541,0</coordinates>
				</Point>
			</Placemark>
			<Placemark>
				<name>FCO BATU SANTUNG</name>
				<visibility>0</visibility>
				<LookAt>
					<longitude>120.2810604169001</longitude>
					<latitude>-5.269898633982393</latitude>
					<altitude>0</altitude>
					<heading>-0.001020709159935586</heading>
					<tilt>45.00004857212417</tilt>
					<range>1007.648414342218</range>
					<gx:altitudeMode>relativeToSeaFloor</gx:altitudeMode>
				</LookAt>
				<styleUrl>#msn_F19000</styleUrl>
				<Point>
					<gx:drawOrder>1</gx:drawOrder>
					<coordinates>120.2804190855823,-5.270346378927329,0</coordinates>
				</Point>
			</Placemark>
			<Folder>
				<name>DS</name>
				<visibility>0</visibility>
				<Placemark>
					<name>DS OUT MARBO</name>
					<visibility>0</visibility>
					<LookAt>
						<longitude>120.2504192030381</longitude>
						<latitude>-5.121034005831214</latitude>
						<altitude>0</altitude>
						<heading>0.0245367262890765</heading>
						<tilt>0</tilt>
						<range>51.57187046471284</range>
						<gx:altitudeMode>relativeToSeaFloor</gx:altitudeMode>
					</LookAt>
					<styleUrl>#msn_F19000</styleUrl>
					<Point>
						<gx:drawOrder>1</gx:drawOrder>
						<coordinates>120.2504397570955,-5.121005335982495,0</coordinates>
					</Point>
				</Placemark>
			</Folder>
		</Folder>
		<Folder>
			<name>DS &amp; FCO OUT TASSILILU</name>
			<visibility>0</visibility>
			<Placemark>
				<name>FCO SOPPENG</name>
				<visibility>0</visibility>
				<LookAt>
					<longitude>120.0644497205578</longitude>
					<latitude>-5.131262225502831</latitude>
					<altitude>0</altitude>
					<heading>-54.15291854383125</heading>
					<tilt>0</tilt>
					<range>459.5468213834543</range>
					<gx:altitudeMode>relativeToSeaFloor</gx:altitudeMode>
				</LookAt>
				<styleUrl>#msn_F19000</styleUrl>
				<Point>
					<gx:drawOrder>1</gx:drawOrder>
					<coordinates>120.0651419554309,-5.130821009031544,0</coordinates>
				</Point>
			</Placemark>
			<Placemark>
				<name>FCO BATULEPPA</name>
				<visibility>0</visibility>
				<LookAt>
					<longitude>119.9878644894612</longitude>
					<latitude>-5.259445123699241</latitude>
					<altitude>0</altitude>
					<heading>0.06624120665245915</heading>
					<tilt>0</tilt>
					<range>262.7879776395839</range>
					<gx:altitudeMode>relativeToSeaFloor</gx:altitudeMode>
				</LookAt>
				<styleUrl>#msn_F19000</styleUrl>
				<Point>
					<gx:drawOrder>1</gx:drawOrder>
					<coordinates>119.9875830711616,-5.259424656127996,0</coordinates>
				</Point>
			</Placemark>
			<Placemark>
				<name>FCO MADDAKKO</name>
				<visibility>0</visibility>
				<LookAt>
					<longitude>119.9882150179122</longitude>
					<latitude>-5.265875001519668</latitude>
					<altitude>0</altitude>
					<heading>0.06620908298573247</heading>
					<tilt>0</tilt>
					<range>342.9722211152472</range>
					<gx:altitudeMode>relativeToSeaFloor</gx:altitudeMode>
				</LookAt>
				<styleUrl>#msn_F19000</styleUrl>
				<Point>
					<gx:drawOrder>1</gx:drawOrder>
					<coordinates>119.987998447725,-5.265826441567654,0</coordinates>
				</Point>
			</Placemark>
			<Placemark>
				<name>FCO CENRE</name>
				<visibility>0</visibility>
				<LookAt>
					<longitude>120.0284423751977</longitude>
					<latitude>-5.16357041014273</latitude>
					<altitude>0</altitude>
					<heading>12.30961824313817</heading>
					<tilt>0</tilt>
					<range>633.484471969924</range>
					<gx:altitudeMode>relativeToSeaFloor</gx:altitudeMode>
				</LookAt>
				<styleUrl>#msn_F19000</styleUrl>
				<Point>
					<gx:drawOrder>1</gx:drawOrder>
					<coordinates>120.0277820462215,-5.16329179314935,0</coordinates>
				</Point>
			</Placemark>
			<Placemark>
				<name>FCO MAGALA</name>
				<visibility>0</visibility>
				<LookAt>
					<longitude>120.0326620405781</longitude>
					<latitude>-5.192628570799956</latitude>
					<altitude>0</altitude>
					<heading>3.416687438190839</heading>
					<tilt>0</tilt>
					<range>590.8407043354882</range>
					<gx:altitudeMode>relativeToSeaFloor</gx:altitudeMode>
				</LookAt>
				<styleUrl>#msn_F19000</styleUrl>
				<Point>
					<gx:drawOrder>1</gx:drawOrder>
					<coordinates>120.0320657644977,-5.192154861192386,0</coordinates>
				</Point>
			</Placemark>
			<Placemark>
				<name>FCO TURUNANG BAJI</name>
				<visibility>0</visibility>
				<LookAt>
					<longitude>120.0453279466285</longitude>
					<latitude>-5.165844268583206</latitude>
					<altitude>0</altitude>
					<heading>0.007259655669843702</heading>
					<tilt>24.67763752696714</tilt>
					<range>851.8634563106399</range>
					<gx:altitudeMode>relativeToSeaFloor</gx:altitudeMode>
				</LookAt>
				<styleUrl>#msn_F19000</styleUrl>
				<Point>
					<gx:drawOrder>1</gx:drawOrder>
					<coordinates>120.0451075117835,-5.164639271345846,0</coordinates>
				</Point>
			</Placemark>
			<Placemark>
				<name>FCO TERASA 1</name>
				<visibility>0</visibility>
				<LookAt>
					<longitude>120.0459860909762</longitude>
					<latitude>-5.161877704288667</latitude>
					<altitude>0</altitude>
					<heading>0.007200517688874791</heading>
					<tilt>24.68146948103972</tilt>
					<range>1873.763064443664</range>
					<gx:altitudeMode>relativeToSeaFloor</gx:altitudeMode>
				</LookAt>
				<styleUrl>#msn_F19000</styleUrl>
				<Point>
					<gx:drawOrder>1</gx:drawOrder>
					<coordinates>120.0454657055908,-5.163417493529791,0</coordinates>
				</Point>
			</Placemark>
			<Placemark>
				<name>FCO TERASA 2</name>
				<visibility>0</visibility>
				<LookAt>
					<longitude>120.0392444454886</longitude>
					<latitude>-5.154365901699466</latitude>
					<altitude>0</altitude>
					<heading>12.30864807630281</heading>
					<tilt>0</tilt>
					<range>819.6899340893226</range>
					<gx:altitudeMode>relativeToSeaFloor</gx:altitudeMode>
				</LookAt>
				<styleUrl>#msn_F19000</styleUrl>
				<Point>
					<gx:drawOrder>1</gx:drawOrder>
					<coordinates>120.0391288277549,-5.153775170105487,0</coordinates>
				</Point>
			</Placemark>
			<Placemark>
				<name>FCO LAHA - LAHA 2</name>
				<visibility>0</visibility>
				<LookAt>
					<longitude>120.0394235256126</longitude>
					<latitude>-5.149604905047174</latitude>
					<altitude>0</altitude>
					<heading>12.30863181346956</heading>
					<tilt>0</tilt>
					<range>526.4989799535022</range>
					<gx:altitudeMode>relativeToSeaFloor</gx:altitudeMode>
				</LookAt>
				<styleUrl>#msn_placemark_square00</styleUrl>
				<Point>
					<gx:drawOrder>1</gx:drawOrder>
					<coordinates>120.0392096695079,-5.150338063337312,0</coordinates>
				</Point>
			</Placemark>
			<Placemark>
				<name>FCO LAHA - LAHA 1</name>
				<visibility>0</visibility>
				<LookAt>
					<longitude>120.0398552228194</longitude>
					<latitude>-5.145826983239964</latitude>
					<altitude>0</altitude>
					<heading>3.416016863403647</heading>
					<tilt>0</tilt>
					<range>1421.143698637064</range>
					<gx:altitudeMode>relativeToSeaFloor</gx:altitudeMode>
				</LookAt>
				<styleUrl>#msn_placemark_square00</styleUrl>
				<Point>
					<gx:drawOrder>1</gx:drawOrder>
					<coordinates>120.0380917558898,-5.147804888274957,0</coordinates>
				</Point>
			</Placemark>
			<Placemark>
				<name>FCO AMBI</name>
				<visibility>0</visibility>
				<LookAt>
					<longitude>120.0195178292655</longitude>
					<latitude>-5.257029227830052</latitude>
					<altitude>0</altitude>
					<heading>0.01392686421690645</heading>
					<tilt>0</tilt>
					<range>3548.820504637673</range>
					<gx:altitudeMode>relativeToSeaFloor</gx:altitudeMode>
				</LookAt>
				<styleUrl>#msn_F19000</styleUrl>
				<Point>
					<gx:drawOrder>1</gx:drawOrder>
					<coordinates>120.0145271031975,-5.256209413275931,0</coordinates>
				</Point>
			</Placemark>
			<Placemark>
				<name>FCO Kantor Desa</name>
				<visibility>0</visibility>
				<LookAt>
					<longitude>120.0414122868189</longitude>
					<latitude>-5.152315402057501</latitude>
					<altitude>0</altitude>
					<heading>0.005466310426289854</heading>
					<tilt>0</tilt>
					<range>579.539036949566</range>
					<gx:altitudeMode>relativeToSeaFloor</gx:altitudeMode>
				</LookAt>
				<styleUrl>#msn_F19000</styleUrl>
				<Point>
					<gx:drawOrder>1</gx:drawOrder>
					<coordinates>120.0414889701543,-5.152534799965595,0</coordinates>
				</Point>
			</Placemark>
			<Placemark>
				<name>FCO Bondu</name>
				<visibility>0</visibility>
				<LookAt>
					<longitude>120.0147500895644</longitude>
					<latitude>-5.229604570953923</latitude>
					<altitude>0</altitude>
					<heading>0.007562887175974807</heading>
					<tilt>47.15886417654669</tilt>
					<range>508.0203783279914</range>
					<gx:altitudeMode>relativeToSeaFloor</gx:altitudeMode>
				</LookAt>
				<styleUrl>#msn_F19000</styleUrl>
				<Point>
					<gx:drawOrder>1</gx:drawOrder>
					<coordinates>120.0144916362754,-5.229689356252147,0</coordinates>
				</Point>
			</Placemark>
			<Placemark>
				<name>FCO KASUARANG</name>
				<visibility>0</visibility>
				<open>1</open>
				<LookAt>
					<longitude>120.0149135819199</longitude>
					<latitude>-5.235974638179629</latitude>
					<altitude>0</altitude>
					<heading>0.01096884813837813</heading>
					<tilt>0</tilt>
					<range>2456.1840486225</range>
					<gx:altitudeMode>relativeToSeaFloor</gx:altitudeMode>
				</LookAt>
				<styleUrl>#msn_placemark_square00</styleUrl>
				<Point>
					<gx:drawOrder>1</gx:drawOrder>
					<coordinates>120.0136812474235,-5.238496438045506,0</coordinates>
				</Point>
			</Placemark>
			<Folder>
				<name>DS</name>
				<visibility>0</visibility>
				<Placemark>
					<name>DS OUT TASSILILU</name>
					<visibility>0</visibility>
					<LookAt>
						<longitude>120.0125415176837</longitude>
						<latitude>-5.205905466852669</latitude>
						<altitude>0</altitude>
						<heading>0.04101856689578207</heading>
						<tilt>0</tilt>
						<range>6.843429843132065</range>
						<gx:altitudeMode>relativeToSeaFloor</gx:altitudeMode>
					</LookAt>
					<styleUrl>#msn_F19000</styleUrl>
					<Point>
						<gx:drawOrder>1</gx:drawOrder>
						<coordinates>120.0125238350753,-5.205898189228628,0</coordinates>
					</Point>
				</Placemark>
			</Folder>
		</Folder>
		<Folder>
			<name>FCO OUT INC BIKERU</name>
			<visibility>0</visibility>
			<Placemark>
				<name>FCO PAKKITA</name>
				<visibility>0</visibility>
				<LookAt>
					<longitude>120.2378625190822</longitude>
					<latitude>-5.269536950082067</latitude>
					<altitude>0</altitude>
					<heading>-0.00787103493363412</heading>
					<tilt>0</tilt>
					<range>575.286896376766</range>
					<gx:altitudeMode>relativeToSeaFloor</gx:altitudeMode>
				</LookAt>
				<styleUrl>#msn_F19000</styleUrl>
				<Point>
					<gx:drawOrder>1</gx:drawOrder>
					<coordinates>120.2367642848234,-5.268574656992381,0</coordinates>
				</Point>
			</Placemark>
			<Placemark>
				<name>FCO TELLULIMPOE</name>
				<visibility>0</visibility>
				<LookAt>
					<longitude>120.2338789201964</longitude>
					<latitude>-5.273030566125739</latitude>
					<altitude>0</altitude>
					<heading>0.002089442734865116</heading>
					<tilt>0</tilt>
					<range>699.033275202807</range>
					<gx:altitudeMode>relativeToSeaFloor</gx:altitudeMode>
				</LookAt>
				<styleUrl>#msn_F19000</styleUrl>
				<Point>
					<gx:drawOrder>1</gx:drawOrder>
					<coordinates>120.2329693334568,-5.271877709722764,0</coordinates>
				</Point>
			</Placemark>
			<Placemark>
				<name>FCO MANAJO</name>
				<visibility>0</visibility>
				<open>1</open>
				<LookAt>
					<longitude>120.2295036071257</longitude>
					<latitude>-5.281349982394625</latitude>
					<altitude>0</altitude>
					<heading>-0.01117017332700191</heading>
					<tilt>31.27778565615041</tilt>
					<range>613.6189193558299</range>
					<gx:altitudeMode>relativeToSeaFloor</gx:altitudeMode>
				</LookAt>
				<styleUrl>#msn_placemark_square100</styleUrl>
				<Point>
					<gx:drawOrder>1</gx:drawOrder>
					<coordinates>120.2284833122588,-5.281398537449493,0</coordinates>
				</Point>
			</Placemark>
			<Placemark>
				<name>FCO BT MANGAPE</name>
				<visibility>0</visibility>
				<LookAt>
					<longitude>120.2307657801217</longitude>
					<latitude>-5.274895673744204</latitude>
					<altitude>0</altitude>
					<heading>0.002375737381262294</heading>
					<tilt>0</tilt>
					<range>2537.817809164564</range>
					<gx:altitudeMode>relativeToSeaFloor</gx:altitudeMode>
				</LookAt>
				<styleUrl>#msn_F19000</styleUrl>
				<Point>
					<gx:drawOrder>1</gx:drawOrder>
					<coordinates>120.2234705760514,-5.276500111976904,0</coordinates>
				</Point>
			</Placemark>
			<Placemark>
				<name>FCO TORIBI</name>
				<visibility>0</visibility>
				<LookAt>
					<longitude>120.2033190625894</longitude>
					<latitude>-5.29777196282104</latitude>
					<altitude>0</altitude>
					<heading>0.004904573836876819</heading>
					<tilt>0</tilt>
					<range>3779.923301738983</range>
					<gx:altitudeMode>relativeToSeaFloor</gx:altitudeMode>
				</LookAt>
				<styleUrl>#msn_F19000</styleUrl>
				<Point>
					<gx:drawOrder>1</gx:drawOrder>
					<coordinates>120.1995937416178,-5.289401317961688,0</coordinates>
				</Point>
			</Placemark>
			<Placemark>
				<name>FCO BORONG AMPIRIE</name>
				<visibility>0</visibility>
				<LookAt>
					<longitude>120.1906979312346</longitude>
					<latitude>-5.303851842324224</latitude>
					<altitude>0</altitude>
					<heading>-45.23834682198903</heading>
					<tilt>0</tilt>
					<range>282.7524668480046</range>
					<gx:altitudeMode>relativeToSeaFloor</gx:altitudeMode>
				</LookAt>
				<styleUrl>#msn_F19000</styleUrl>
				<Point>
					<gx:drawOrder>1</gx:drawOrder>
					<coordinates>120.1904783761568,-5.304079453852228,0</coordinates>
				</Point>
			</Placemark>
			<Placemark>
				<name>FCO URANGA</name>
				<visibility>0</visibility>
				<LookAt>
					<longitude>120.208997671204</longitude>
					<latitude>-5.235417085235451</latitude>
					<altitude>0</altitude>
					<heading>0.004398372333309929</heading>
					<tilt>0</tilt>
					<range>533.282040414492</range>
					<gx:altitudeMode>relativeToSeaFloor</gx:altitudeMode>
				</LookAt>
				<styleUrl>#msn_F19000</styleUrl>
				<Point>
					<gx:drawOrder>1</gx:drawOrder>
					<coordinates>120.2087454123205,-5.234560208485638,0</coordinates>
				</Point>
			</Placemark>
			<Placemark>
				<name>FCO MATTOANGING</name>
				<visibility>0</visibility>
				<LookAt>
					<longitude>120.1846434177638</longitude>
					<latitude>-5.264399783264397</latitude>
					<altitude>0</altitude>
					<heading>0.006631333476907868</heading>
					<tilt>0</tilt>
					<range>820.0085956234599</range>
					<gx:altitudeMode>relativeToSeaFloor</gx:altitudeMode>
				</LookAt>
				<styleUrl>#msn_F19000</styleUrl>
				<Point>
					<gx:drawOrder>1</gx:drawOrder>
					<coordinates>120.1841780326859,-5.264194367339607,0</coordinates>
				</Point>
			</Placemark>
			<Placemark>
				<name>FCO BORO KALUKUE</name>
				<visibility>0</visibility>
				<LookAt>
					<longitude>120.1806974985983</longitude>
					<latitude>-5.285258932359025</latitude>
					<altitude>0</altitude>
					<heading>0.006993557830425838</heading>
					<tilt>0</tilt>
					<range>1269.392520569583</range>
					<gx:altitudeMode>relativeToSeaFloor</gx:altitudeMode>
				</LookAt>
				<styleUrl>#msn_F19000</styleUrl>
				<Point>
					<gx:drawOrder>1</gx:drawOrder>
					<coordinates>120.1793613042378,-5.286148555934822,0</coordinates>
				</Point>
			</Placemark>
			<Placemark>
				<name>FCO MASSAILE</name>
				<visibility>0</visibility>
				<LookAt>
					<longitude>120.1803964026308</longitude>
					<latitude>-5.277593826835834</latitude>
					<altitude>0</altitude>
					<heading>0.007021418517872262</heading>
					<tilt>0</tilt>
					<range>567.0381673802978</range>
					<gx:altitudeMode>relativeToSeaFloor</gx:altitudeMode>
				</LookAt>
				<styleUrl>#msn_F19000</styleUrl>
				<Point>
					<gx:drawOrder>1</gx:drawOrder>
					<coordinates>120.1800666456797,-5.277678272575892,0</coordinates>
				</Point>
			</Placemark>
			<Placemark>
				<name>FCO LEMBANG LOHE</name>
				<visibility>0</visibility>
				<LookAt>
					<longitude>120.1805272098254</longitude>
					<latitude>-5.277592233001053</latitude>
					<altitude>0</altitude>
					<heading>0.007009386718267043</heading>
					<tilt>0</tilt>
					<range>643.9271576056668</range>
					<gx:altitudeMode>relativeToSeaFloor</gx:altitudeMode>
				</LookAt>
				<styleUrl>#msn_F19000</styleUrl>
				<Point>
					<gx:drawOrder>1</gx:drawOrder>
					<coordinates>120.1803976456897,-5.277487239693883,0</coordinates>
				</Point>
			</Placemark>
			<Placemark>
				<name>FCO TIPPULUE</name>
				<visibility>0</visibility>
				<open>1</open>
				<LookAt>
					<longitude>120.2362185889795</longitude>
					<latitude>-5.241500057703991</latitude>
					<altitude>0</altitude>
					<heading>51.59580086550141</heading>
					<tilt>30.76028554856901</tilt>
					<range>599.025283773484</range>
					<gx:altitudeMode>relativeToSeaFloor</gx:altitudeMode>
				</LookAt>
				<styleUrl>#msn_placemark_square0</styleUrl>
				<Point>
					<gx:drawOrder>1</gx:drawOrder>
					<coordinates>120.2357090999414,-5.241686198304,0</coordinates>
				</Point>
			</Placemark>
			<Placemark>
				<name>FCO KALOBBA</name>
				<visibility>0</visibility>
				<LookAt>
					<longitude>120.1701657580567</longitude>
					<latitude>-5.282079379098998</latitude>
					<altitude>0</altitude>
					<heading>0.007962295718447676</heading>
					<tilt>0</tilt>
					<range>1320.732630176538</range>
					<gx:altitudeMode>relativeToSeaFloor</gx:altitudeMode>
				</LookAt>
				<styleUrl>#msn_F19000</styleUrl>
				<Point>
					<gx:drawOrder>1</gx:drawOrder>
					<coordinates>120.1701343440957,-5.279512026310212,0</coordinates>
				</Point>
			</Placemark>
			<Placemark>
				<name>FCO KORONG</name>
				<visibility>0</visibility>
				<LookAt>
					<longitude>120.1657069051799</longitude>
					<latitude>-5.274459108366387</latitude>
					<altitude>0</altitude>
					<heading>0.008372580410142853</heading>
					<tilt>0</tilt>
					<range>1319.467757043738</range>
					<gx:altitudeMode>relativeToSeaFloor</gx:altitudeMode>
				</LookAt>
				<styleUrl>#msn_F19000</styleUrl>
				<Point>
					<gx:drawOrder>1</gx:drawOrder>
					<coordinates>120.1627457071862,-5.273767880212296,0</coordinates>
				</Point>
			</Placemark>
			<Placemark>
				<name>FCO MACCINI</name>
				<visibility>0</visibility>
				<LookAt>
					<longitude>120.0346239731866</longitude>
					<latitude>-5.317778529183726</latitude>
					<altitude>0</altitude>
					<heading>0.06178225979679107</heading>
					<tilt>0</tilt>
					<range>1052.440286071055</range>
					<gx:altitudeMode>relativeToSeaFloor</gx:altitudeMode>
				</LookAt>
				<styleUrl>#msn_F19000</styleUrl>
				<Point>
					<gx:drawOrder>1</gx:drawOrder>
					<coordinates>120.0328538378451,-5.317358709053708,0</coordinates>
				</Point>
			</Placemark>
			<Placemark>
				<name>FCO BATU</name>
				<visibility>0</visibility>
				<LookAt>
					<longitude>120.0535413984142</longitude>
					<latitude>-5.33983586808154</latitude>
					<altitude>0</altitude>
					<heading>0.04626031751930957</heading>
					<tilt>23.15296324592121</tilt>
					<range>1372.081823310917</range>
					<gx:altitudeMode>relativeToSeaFloor</gx:altitudeMode>
				</LookAt>
				<styleUrl>#msn_placemark_square0</styleUrl>
				<Point>
					<gx:drawOrder>1</gx:drawOrder>
					<coordinates>120.053812775079,-5.338942531514205,0</coordinates>
				</Point>
			</Placemark>
			<Placemark>
				<name>FCO MATTIROWALIE</name>
				<visibility>0</visibility>
				<LookAt>
					<longitude>120.0410599472494</longitude>
					<latitude>-5.323605495899789</latitude>
					<altitude>0</altitude>
					<heading>0.06118528812729718</heading>
					<tilt>0</tilt>
					<range>861.5256728093476</range>
					<gx:altitudeMode>relativeToSeaFloor</gx:altitudeMode>
				</LookAt>
				<styleUrl>#msn_F19000</styleUrl>
				<Point>
					<gx:drawOrder>1</gx:drawOrder>
					<coordinates>120.0389360972308,-5.322870513554364,0</coordinates>
				</Point>
			</Placemark>
			<Placemark>
				<name>FCO KALIMBU</name>
				<visibility>0</visibility>
				<LookAt>
					<longitude>120.0329579294611</longitude>
					<latitude>-5.311889475640751</latitude>
					<altitude>0</altitude>
					<heading>0.06193648250680137</heading>
					<tilt>0</tilt>
					<range>1296.187908698691</range>
					<gx:altitudeMode>relativeToSeaFloor</gx:altitudeMode>
				</LookAt>
				<styleUrl>#msn_F19000</styleUrl>
				<Point>
					<gx:drawOrder>1</gx:drawOrder>
					<coordinates>120.0328212714204,-5.311492628524952,0</coordinates>
				</Point>
			</Placemark>
			<Placemark>
				<name>FCO BARAMBANG</name>
				<visibility>0</visibility>
				<LookAt>
					<longitude>120.0338446517737</longitude>
					<latitude>-5.307639083007727</latitude>
					<altitude>0</altitude>
					<heading>-40.97537558064134</heading>
					<tilt>0</tilt>
					<range>160.7984851487459</range>
					<gx:altitudeMode>relativeToSeaFloor</gx:altitudeMode>
				</LookAt>
				<styleUrl>#msn_F19000</styleUrl>
				<Point>
					<gx:drawOrder>1</gx:drawOrder>
					<coordinates>120.0342657867884,-5.307890425288806,0</coordinates>
				</Point>
			</Placemark>
			<Placemark>
				<name>FCO MASSOMPO</name>
				<visibility>0</visibility>
				<LookAt>
					<longitude>120.0537120532013</longitude>
					<latitude>-5.279407766183932</latitude>
					<altitude>0</altitude>
					<heading>0.06001862088767474</heading>
					<tilt>0</tilt>
					<range>467.1643512029152</range>
					<gx:altitudeMode>relativeToSeaFloor</gx:altitudeMode>
				</LookAt>
				<styleUrl>#msn_F19000</styleUrl>
				<Point>
					<gx:drawOrder>1</gx:drawOrder>
					<coordinates>120.0538435474621,-5.278561031717217,0</coordinates>
				</Point>
			</Placemark>
			<Placemark>
				<name>FCO BOLA LANGIRI</name>
				<visibility>0</visibility>
				<LookAt>
					<longitude>120.0569440897682</longitude>
					<latitude>-5.273190337675715</latitude>
					<altitude>0</altitude>
					<heading>0.05972110723003334</heading>
					<tilt>0</tilt>
					<range>1978.984501324874</range>
					<gx:altitudeMode>relativeToSeaFloor</gx:altitudeMode>
				</LookAt>
				<styleUrl>#msn_F19000</styleUrl>
				<Point>
					<gx:drawOrder>1</gx:drawOrder>
					<coordinates>120.0572135301763,-5.271698120244312,0</coordinates>
				</Point>
			</Placemark>
			<Placemark>
				<name>FCO HIRING APPARENG</name>
				<visibility>0</visibility>
				<open>1</open>
				<LookAt>
					<longitude>120.0607968036356</longitude>
					<latitude>-5.275202858023282</latitude>
					<altitude>0</altitude>
					<heading>0.04897431107579851</heading>
					<tilt>0</tilt>
					<range>3395.110024816348</range>
					<gx:altitudeMode>relativeToSeaFloor</gx:altitudeMode>
				</LookAt>
				<styleUrl>#msn_F1900</styleUrl>
				<Point>
					<gx:drawOrder>1</gx:drawOrder>
					<coordinates>120.0581658875303,-5.274323151075895,0</coordinates>
				</Point>
			</Placemark>
			<Placemark>
				<name>FCO MAROANGIN</name>
				<visibility>0</visibility>
				<open>1</open>
				<LookAt>
					<longitude>120.0593037585567</longitude>
					<latitude>-5.275231686278193</latitude>
					<altitude>0</altitude>
					<heading>0.04909695227581499</heading>
					<tilt>0</tilt>
					<range>2776.735033290376</range>
					<gx:altitudeMode>relativeToSeaFloor</gx:altitudeMode>
				</LookAt>
				<styleUrl>#msn_F1900</styleUrl>
				<Point>
					<gx:drawOrder>1</gx:drawOrder>
					<coordinates>120.0609729365194,-5.270830242026063,0</coordinates>
				</Point>
			</Placemark>
			<Placemark>
				<name>FCO GORI-GORI</name>
				<visibility>0</visibility>
				<open>1</open>
				<LookAt>
					<longitude>120.0592229126646</longitude>
					<latitude>-5.271495990500367</latitude>
					<altitude>0</altitude>
					<heading>0.04900922805765424</heading>
					<tilt>0</tilt>
					<range>1427.075762522564</range>
					<gx:altitudeMode>relativeToSeaFloor</gx:altitudeMode>
				</LookAt>
				<styleUrl>#msn_F1900</styleUrl>
				<Point>
					<gx:drawOrder>1</gx:drawOrder>
					<coordinates>120.0577866240409,-5.2712256223822,0</coordinates>
				</Point>
			</Placemark>
			<Placemark>
				<name>FCO SAMAENRE</name>
				<visibility>0</visibility>
				<LookAt>
					<longitude>120.0663513605746</longitude>
					<latitude>-5.298550238216924</latitude>
					<altitude>0</altitude>
					<heading>0.3393527452343887</heading>
					<tilt>0</tilt>
					<range>342.7380907992571</range>
					<gx:altitudeMode>relativeToSeaFloor</gx:altitudeMode>
				</LookAt>
				<styleUrl>#msn_F19000</styleUrl>
				<Point>
					<gx:drawOrder>1</gx:drawOrder>
					<coordinates>120.0662143114988,-5.298285815080262,0</coordinates>
				</Point>
			</Placemark>
			<Placemark>
				<name>FCO BONGKI - BONGKI</name>
				<visibility>0</visibility>
				<LookAt>
					<longitude>120.0680442928436</longitude>
					<latitude>-5.300076012108669</latitude>
					<altitude>0</altitude>
					<heading>0.006649806156562989</heading>
					<tilt>35.37102810394572</tilt>
					<range>688.2794602351062</range>
					<gx:altitudeMode>relativeToSeaFloor</gx:altitudeMode>
				</LookAt>
				<styleUrl>#msn_placemark_square2</styleUrl>
				<Point>
					<gx:drawOrder>1</gx:drawOrder>
					<coordinates>120.0664244516016,-5.299292368700265,0</coordinates>
				</Point>
			</Placemark>
			<Placemark>
				<name>FCO BONTOSINALA</name>
				<visibility>0</visibility>
				<open>1</open>
				<LookAt>
					<longitude>120.0745724064381</longitude>
					<latitude>-5.308504081195863</latitude>
					<altitude>0</altitude>
					<heading>0.04667836558826742</heading>
					<tilt>0</tilt>
					<range>1829.007778202565</range>
					<gx:altitudeMode>relativeToSeaFloor</gx:altitudeMode>
				</LookAt>
				<styleUrl>#msn_F1900</styleUrl>
				<Point>
					<gx:drawOrder>1</gx:drawOrder>
					<coordinates>120.0733701942543,-5.311582085280665,0</coordinates>
				</Point>
			</Placemark>
			<Placemark>
				<name>FCO ILI</name>
				<visibility>0</visibility>
				<LookAt>
					<longitude>120.0438320112547</longitude>
					<latitude>-5.333219820958251</latitude>
					<altitude>0</altitude>
					<heading>0.00442315093390714</heading>
					<tilt>0</tilt>
					<range>585.282155656283</range>
					<gx:altitudeMode>relativeToSeaFloor</gx:altitudeMode>
				</LookAt>
				<styleUrl>#msn_F19000</styleUrl>
				<Point>
					<gx:drawOrder>1</gx:drawOrder>
					<coordinates>120.0432930237634,-5.332587468600538,0</coordinates>
				</Point>
			</Placemark>
			<Placemark>
				<name>FCO KARUMASSING</name>
				<visibility>0</visibility>
				<LookAt>
					<longitude>120.0740500956379</longitude>
					<latitude>-5.29856901209594</latitude>
					<altitude>0</altitude>
					<heading>-0.002778119420468514</heading>
					<tilt>0</tilt>
					<range>361.0671742038577</range>
					<gx:altitudeMode>relativeToSeaFloor</gx:altitudeMode>
				</LookAt>
				<styleUrl>#msn_F19000</styleUrl>
				<Point>
					<gx:drawOrder>1</gx:drawOrder>
					<coordinates>120.0740460559673,-5.298548905118063,0</coordinates>
				</Point>
			</Placemark>
			<Placemark>
				<name>FCO BT KATUTE</name>
				<visibility>0</visibility>
				<LookAt>
					<longitude>120.0461679720732</longitude>
					<latitude>-5.294827276001739</latitude>
					<altitude>0</altitude>
					<heading>-0.0001575168259679306</heading>
					<tilt>0</tilt>
					<range>561.2651968741809</range>
					<gx:altitudeMode>relativeToSeaFloor</gx:altitudeMode>
				</LookAt>
				<styleUrl>#msn_F19000</styleUrl>
				<Point>
					<gx:drawOrder>1</gx:drawOrder>
					<coordinates>120.0452032577888,-5.294595984325821,0</coordinates>
				</Point>
			</Placemark>
			<Placemark>
				<name>FCO TAHURA</name>
				<visibility>0</visibility>
				<LookAt>
					<longitude>120.0311298848357</longitude>
					<latitude>-5.311857948543276</latitude>
					<altitude>0</altitude>
					<heading>0.00123984610591127</heading>
					<tilt>0</tilt>
					<range>514.5118860614596</range>
					<gx:altitudeMode>relativeToSeaFloor</gx:altitudeMode>
				</LookAt>
				<styleUrl>#msn_F19000</styleUrl>
				<Point>
					<gx:drawOrder>1</gx:drawOrder>
					<coordinates>120.0299308960644,-5.311584769523633,0</coordinates>
				</Point>
			</Placemark>
			<Placemark>
				<name>FCO JEPPARA</name>
				<visibility>0</visibility>
				<LookAt>
					<longitude>120.0337907750954</longitude>
					<latitude>-5.305583438637606</latitude>
					<altitude>0</altitude>
					<heading>0.05221989931438092</heading>
					<tilt>0</tilt>
					<range>3015.291486709746</range>
					<gx:altitudeMode>relativeToSeaFloor</gx:altitudeMode>
				</LookAt>
				<styleUrl>#msn_F19000</styleUrl>
				<Point>
					<gx:drawOrder>1</gx:drawOrder>
					<coordinates>120.0326753995953,-5.305215517203188,0</coordinates>
				</Point>
			</Placemark>
			<Placemark>
				<name>FCO BTS</name>
				<visibility>0</visibility>
				<LookAt>
					<longitude>120.0486823241607</longitude>
					<latitude>-5.301788211537771</latitude>
					<altitude>0</altitude>
					<heading>0.05085283955292792</heading>
					<tilt>0</tilt>
					<range>2255.351800618897</range>
					<gx:altitudeMode>relativeToSeaFloor</gx:altitudeMode>
				</LookAt>
				<styleUrl>#msn_F19000</styleUrl>
				<Point>
					<gx:drawOrder>1</gx:drawOrder>
					<coordinates>120.0495841246657,-5.302295793089359,0</coordinates>
				</Point>
			</Placemark>
		</Folder>
	</Folder>
</Document>
</kml>
